customer_id,customer_name,phone_number,gender,marital_status,income,income_band,occupation,occupation_risk,age_at_entry,preferred_language,region_id
CUST000001,Ananya Kulkarni,8608106200,Female,Divorced,2345712,High,Business Owner,Medium,38,Oriya,RGN032
CUST000002,Siddharth Patil,7424420438,Female,Widowed,3315233,High,Business Owner,Medium,30,Hindi,RGN013
CUST000003,Priya Singh,6571983863,Female,Married,1878639,Upper-Middle,Pilot,High,63,Hindi,RGN004
CUST000004,Prakash Venkatesh,8066658004,Female,Married,254429,Low,Front Desk Executive,Low,45,Hindi,RGN005
CUST000005,Deepak Gupta,7973598933,Male,Married,163545,Low,Farmer,Medium,18,Hindi,RGN038
CUST000006,Vishal Hegde,87212XXXXX,Female,Married,111132,Low,Driver,High,40,Telugu,RGN018
CUST000007,Deepa Reddy,9484229405,Female,Married,295248,Low,Teacher,Low,30,Telugu,RGN018
CUST000008,Deepa Sharma,9202590947,Male,Married,316466,Middle,Teacher,Low,48,Hindi,RGN002
CUST000009,Kavya Sharma,8158328182,Female,Married,156454,Low,Driver,High,28,Hindi,RGN036
CUST000010,Ramesh Menon,9886153355,Female,Married,598818,Middle,Teacher,Low,36,Hindi,RGN039
CUST000011,Deepak Patel,8439878015,Male,Single,1769511,Upper-Middle,Software Engineer,Low,44,Hindi,RGN008
CUST000012,Anjali Mishra,9399305616,Male,Married,214768,Low,Farmer,Medium,48,Hindi,RGN029
CUST000013,Nandini Menon,8840858877,Male,Single,2899940,High,Software Engineer,Low,23,Hindi,RGN045
CUST000014,Karan Pandey,6435811288,Male,Married,141882,Low,Farmer,Medium,33,Hindi,RGN028
CUST000015,Aarav Kumar,6133613861,Female,Married,164931,Low,Teacher,Low,32,Hindi,RGN044
CUST000016,Gaurav Gowda,7075011024,Female,Married,493918,Middle,Teacher,Low,30,Hindi,RGN005
CUST000017,Nandini Rajan,6934667665,Male,Single,201303,Low,Driver,High,59,Telugu,RGN019
CUST000018,Kritika Mehta,6618091901,Male,Single,135187,Low,Farmer,Medium,42,Hindi,RGN038
CUST000019,Neha Srivastava,8814491476,Female,Married,380002,Middle,Teacher,Low,22,Hindi,RGN030
CUST000020,Shruti Mehta,9072832684,Male,Married,808531,Upper-Middle,Software Engineer,Low,49,Hindi,RGN001
CUST000021,Shweta Hegde,7450882100,Female,Single,439745,Middle,Real Estate Agent,Medium,63,Hindi,RGN015
CUST000022,Amrita Desai,9881435368,Male,Married,1607191,Upper-Middle,Software Engineer,Low,50,Hindi,RGN014
CUST000023,Tanvi Desai,7223943129,Male,Married,132930,Low,Farmer,Medium,19,Hindi,RGN010
CUST000024,Gaurav Joshi,6878141413,Male,Divorced,309560,Middle,Driver,High,32,Hindi,RGN035
CUST000025,Anjali Chaudhary,9552314913,Female,Married,94985,Low,Farmer,Medium,53,Hindi,RGN034
CUST000026,Rekha Shetty,8775949299,Female,Married,383270,Middle,Hardware Technician,Medium,29,Hindi,RGN045
CUST000027,Manoj Kumar,8562053364,Female,Married,226172,Low,Farmer,Medium,43,Hindi,RGN039
CUST000028,Sunita Reddy,8257775478,Female,Single,2948131,High,Pilot,High,47,Hindi,RGN012
CUST000029,Divya Venkatesh,6291428341,Female,Single,157346,Low,Farmer,Medium,26,Hindi,RGN030
CUST000030,Gaurav Deshpande,6080996930,Male,Married,640176,Middle,Teacher,Low,37,Hindi,RGN009
CUST000031,Sarika Pandey,8887256394,Female,Widowed,1136511,Upper-Middle,Software Engineer,Low,18,Telugu,RGN018
CUST000032,Akash Mishra,7788165803,Male,Married,391443,Middle,Driver,High,25,Hindi,RGN043
CUST000033,Aditya Agarwal,7827229927,Male,Married,1811818,Upper-Middle,Business Owner,Medium,34,Hindi,RGN002
CUST000034,Rajesh Chaudhary,8037314530,Female,Single,544202,Middle,Teacher,Low,23,Hindi,RGN037
CUST000035,Lakshmi Gowda,7856770051,Male,Married,177001,Low,Farmer,Medium,57,Hindi,RGN036
CUST000036,Zara Sharma,8498926659,Male,Single,402120,Middle,Real Estate Agent,Medium,20,Oriya,RGN032
CUST000037,Zara Pandey,6846386557,Male,Married,943912,Upper-Middle,Business Owner,Medium,32,Hindi,RGN034
CUST000038,Kritika Dubey,9908272318,Male,Married,244328,Low,Driver,High,39,Hindi,RGN049
CUST000039,Isha Balaji,8322259136,Male,Married,1634986,Upper-Middle,Software Engineer,Low,55,Hindi,RGN047
CUST000040,Meera Hegde,8177739260,Female,Married,2381971,High,Software Engineer,Low,20,Hindi,RGN041
CUST000041,Kunal Patil,7029922809,Female,Married,3660303,High,Business Owner,Medium,51,Hindi,RGN035
CUST000042,Deepak Mishra,7024286990,Male,Married,3013689,High,Business Owner,Medium,38,Hindi,RGN049
CUST000043,Varun Chakraborty,8137977236,Female,Married,306197,Middle,Teacher,Low,26,Hindi,RGN005
CUST000044,Sunita Menon,7929842579,Male,Married,2601091,High,Software Engineer,Low,43,Hindi,RGN015
CUST000045,Aryan Naik,6366210388,Female,Single,1243198,Upper-Middle,Software Engineer,Low,40,Hindi,RGN048
CUST000046,Deepak Shetty,9291279908,Male,Married,397032,Middle,Driver,High,30,Hindi,RGN047
CUST000047,Deepa Pandey,6172980686,Male,Single,142479,Low,Driver,High,38,Tamil,RGN024
CUST000048,Suresh Dubey,8086376599,Female,Single,687569,Middle,Software Engineer,Low,33,Hindi,RGN041
CUST000049,Vinod Agarwal,6624731498,Female,Married,3368733,High,Pilot,High,39,Hindi,RGN037
CUST000050,Santosh Kumar,9430098180,Female,Married,955602,Upper-Middle,Software Engineer,Low,45,Hindi,RGN045
CUST000051,Pradeep Shah,9356512694,Male,Married,1552573,Upper-Middle,Software Engineer,Low,57,Hindi,RGN026
CUST000052,Sandeep Desai,8869594636,Male,Married,225909,Low,Front Desk Executive,Low,23,Hindi,RGN003
CUST000053,Aarav Singh,9258874495,Male,Married,155388,Low,Farmer,Medium,63,Telugu,RGN018
CUST000054,Bhavna Mehta,9213721386,Male,Married,184314,Low,Front Desk Executive,Low,18,Hindi,RGN035
CUST000055,Gaurav Patel,8890260127,Female,Single,1210078,Upper-Middle,Software Engineer,Low,36,Hindi,RGN036
CUST000056,Anjali Gupta,9114351906,Male,Married,3316930,High,Business Owner,Medium,45,Hindi,RGN007
CUST000057,Neha Hegde,9984902770,Male,Divorced,234015,Low,Hardware Technician,Medium,41,Hindi,RGN040
CUST000058,Zara Chakraborty,7843098839,Male,Married,283284,Low,Teacher,Low,30,Hindi,RGN039
CUST000059,Gaurav Das,7053021465,Female,Single,108115,Low,Driver,High,35,Telugu,RGN018
CUST000060,Anjali Venkatesh,9693801184,Male,Married,286512,Low,Driver,High,32,Hindi,RGN015
CUST000061,Prakash Patil,8543937690,Male,Single,941388,Upper-Middle,Software Engineer,Low,30,Hindi,RGN004
CUST000062,Siddharth Rao,8268181845,Male,Married,580433,Middle,Business Owner,Medium,48,Hindi,RGN037
CUST000063,Sandeep Jadhav,6848947697,Male,Married,161964,Low,Farmer,Medium,42,Hindi,RGN033
CUST000064,Anjali Verma,7577907141,Male,Married,118504,Low,Front Desk Executive,Low,29,Hindi,RGN034
CUST000065,Amrita Verma,9335658804,Female,Divorced,2325036,High,Business Owner,Medium,48,Hindi,RGN050
CUST000066,Lakshmi Gupta,7416518275,Female,Single,518915,Middle,Teacher,Low,41,Hindi,RGN011
CUST000067,Shweta Rajan,8394237333,Male,Single,164992,Low,Farmer,Medium,47,Hindi,RGN016
CUST000068,Akash Gowda,83333XXXXX,Female,Single,123421,Low,Front Desk Executive,Low,45,Hindi,RGN014
CUST000069,Nikhil Joshi,6790807595,Male,Married,263647,Low,Driver,High,28,Hindi,RGN025
CUST000070,Aditya Chakraborty,9947284639,Male,Married,78927,Low,Farmer,Medium,31,Kannada,RGN022
CUST000071,Kritika Desai,7086780856,Male,Divorced,110476,Low,Farmer,Medium,46,Tamil,RGN024
CUST000072,Rajesh Joshi,7718750036,Female,Married,1661456,Upper-Middle,Software Engineer,Low,45,Kannada,RGN021
CUST000073,Ravi Chakraborty,6559428434,Male,Divorced,155167,Low,Farmer,Medium,37,Hindi,RGN047
CUST000074,Manoj Dubey,9955276365,Male,Married,156471,Low,Driver,High,39,Hindi,RGN048
CUST000075,Neha Malhotra,8647292931,Male,Married,151513,Low,Driver,High,53,Hindi,RGN027
CUST000076,Santosh Chaudhary,8386632270,Male,Married,2238202,High,Software Engineer,Low,30,Hindi,RGN039
CUST000077,Meera Patil,7672885744,Male,Divorced,226797,Low,Real Estate Agent,Medium,44,Hindi,RGN042
CUST000078,Arjun Jadhav,6612034717,Male,Married,284572,Low,Teacher,Low,35,Hindi,RGN038
CUST000079,Sapna Pillai,8455884506,Female,Married,823551,Upper-Middle,Real Estate Agent,Medium,35,Hindi,RGN034
CUST000080,Meera Dubey,6593998245,Male,Single,2156399,High,Software Engineer,Low,51,Hindi,RGN037
CUST000081,Rekha Gupta,8877169472,Male,Married,621762,Middle,Software Engineer,Low,47,Hindi,RGN030
CUST000082,Sapna Iyer,7569961125,Female,Married,1717999,Upper-Middle,Software Engineer,Low,47,Tamil,RGN024
CUST000083,Vishal Kulkarni,7554496475,Female,Married,1058056,Upper-Middle,Software Engineer,Low,53,Hindi,RGN047
CUST000084,Aditya Mishra,9622023413,Female,Single,231728,Low,Hardware Technician,Medium,38,Hindi,RGN044
CUST000085,Neha Gupta,7611178006,Male,Single,3887128,High,Business Owner,Medium,46,Hindi,RGN013
CUST000086,Nandini Srivastava,6149216433,Male,Married,1140440,Upper-Middle,Business Owner,Medium,34,Hindi,RGN033
CUST000087,Akash Singh,8722820055,Male,Single,1256065,Upper-Middle,Business Owner,Medium,41,Kannada,RGN022
CUST000088,Geeta Das,9784872829,Female,Married,167749,Low,Front Desk Executive,Low,36,Hindi,RGN014
CUST000089,Shweta Tripathi,9968845783,Female,Married,235944,Low,Hardware Technician,Medium,39,Hindi,RGN006
CUST000090,Vijay Desai,6745642400,Male,Married,175916,Low,Teacher,Low,45,Hindi,RGN008
CUST000091,Shruti Bose,7547807740,Male,Married,179222,Low,Hardware Technician,Medium,28,Hindi,RGN016
CUST000092,Arjun Shetty,9493085368,Male,Divorced,407244,Middle,Real Estate Agent,Medium,63,Hindi,RGN045
CUST000093,Kunal Chaudhary,9632663416,Male,Married,958626,Upper-Middle,Software Engineer,Low,25,Hindi,RGN004
CUST000094,Nandini Iyer,7894484631,Male,Married,1050193,Upper-Middle,Doctor,Low,23,Hindi,RGN042
CUST000095,Aarav Joshi,7241797497,Female,Married,432036,Middle,Teacher,Low,51,Hindi,RGN033
CUST000096,Divya Rajan,7502080214,Female,Married,242173,Low,Teacher,Low,47,Hindi,RGN016
CUST000097,Sarika Das,8270312073,Female,Married,821509,Upper-Middle,Software Engineer,Low,45,Hindi,RGN004
CUST000098,Sunita Tiwari,8647570512,Female,Married,265422,Low,Driver,High,45,Hindi,RGN049
CUST000099,Pooja Chakraborty,6461872346,Male,Single,159540,Low,Front Desk Executive,Low,37,Hindi,RGN036
CUST000100,Ravi Mishra,6136730371,Male,Single,209750,Low,Hardware Technician,Medium,27,Hindi,RGN005
CUST000101,Aarav Krishnan,7764520881,Female,Married,222148,Low,Farmer,Medium,38,Hindi,RGN037
CUST000102,Sanjay More,8743503136,Male,Married,920857,Upper-Middle,Software Engineer,Low,29,Hindi,RGN016
CUST000103,Gaurav Saxena,8024916300,Male,Married,691038,Middle,Real Estate Agent,Medium,49,Telugu,RGN018
CUST000104,Shweta Tripathi,9925132719,Male,Single,1318532,Upper-Middle,Business Owner,Medium,36,Hindi,RGN045
CUST000105,Isha Tiwari,8005281273,Male,Single,61120,Low,Farmer,Medium,28,Telugu,RGN018
CUST000106,Vinod Menon,8857306524,Male,Married,154020,Low,Farmer,Medium,34,Oriya,RGN032
CUST000107,Sandeep Krishnan,6778487392,Male,Married,1627071,Upper-Middle,Software Engineer,Low,42,Hindi,RGN008
CUST000108,Rohit Tiwari,8574982182,Male,Married,293605,Low,Teacher,Low,31,Tamil,RGN023
CUST000109,Mohit Gupta,9448570862,Female,Married,1521996,Upper-Middle,Software Engineer,Low,28,Hindi,RGN030
CUST000110,Manoj Tiwari,6959351863,Female,Married,226933,Low,Farmer,Medium,40,Hindi,RGN033
CUST000111,Nikhil Patil,9829456511,Female,Married,261711,Low,Front Desk Executive,Low,40,Oriya,RGN031
CUST000112,Rohit Desai,6022031731,Female,Married,810113,Upper-Middle,Software Engineer,Low,31,Hindi,RGN012
CUST000113,Aditi Joshi,6967899405,Female,Divorced,1476025,Upper-Middle,Business Owner,Medium,32,Hindi,RGN046
CUST000114,Ramesh Joshi,7910371705,Male,Married,127909,Low,Farmer,Medium,40,Hindi,RGN008
CUST000115,Poonam Shetty,9509480141,Female,Married,1118202,Upper-Middle,Real Estate Agent,Medium,20,Hindi,RGN045
CUST000116,Santosh Naik,7811386338,Female,Single,177595,Low,Driver,High,21,Hindi,RGN026
CUST000117,Siddharth Shah,7928861957,Male,Married,1027986,Upper-Middle,Software Engineer,Low,29,Hindi,RGN005
CUST000118,Siddharth Subramanian,9122868528,Female,Married,2635690,High,Software Engineer,Low,35,Hindi,RGN005
CUST000119,Meera Jadhav,9558556659,Female,Married,3162017,High,Doctor,Low,41,Hindi,RGN007
CUST000120,Akash Menon,7983684577,Male,Single,2598656,High,Software Engineer,Low,55,Hindi,RGN029
CUST000121,Yash Menon,9004908240,Male,Single,1240240,Upper-Middle,Software Engineer,Low,48,Hindi,RGN011
CUST000122,Meera Subramanian,8335048889,Male,Married,1257578,Upper-Middle,Software Engineer,Low,36,Hindi,RGN035
CUST000123,Priya Tiwari,7107522459,Male,Married,4059390,High,Pilot,High,37,Hindi,RGN041
CUST000124,Rahul Saxena,7344196931,Male,Married,615115,Middle,Teacher,Low,25,Hindi,RGN009
CUST000125,Aditya Deshpande,8727919409,Female,Divorced,121126,Low,Front Desk Executive,Low,37,Oriya,RGN032
CUST000126,Anil Nair,9105566139,Male,Married,1612177,Upper-Middle,Software Engineer,Low,34,Hindi,RGN030
CUST000127,Rekha Balaji,6604805892,Female,Single,655537,Middle,Teacher,Low,41,Oriya,RGN031
CUST000128,Aditya Rao,8832067998,Male,Single,289840,Low,Teacher,Low,28,Hindi,RGN039
CUST000129,Kavya Gowda,6364622517,Male,Widowed,1751413,Upper-Middle,Software Engineer,Low,44,Telugu,RGN018
CUST000130,Kavya Verma,6864168622,Male,Married,326043,Middle,Teacher,Low,56,Kannada,RGN021
CUST000131,Deepak Krishnan,9837693898,Male,Married,530964,Middle,Doctor,Low,36,Hindi,RGN044
CUST000132,Deepa Kumar,7314659116,Male,Single,189065,Low,Driver,High,42,Hindi,RGN046
CUST000133,Deepak Gowda,9553559042,Male,Married,154900,Low,Front Desk Executive,Low,46,Hindi,RGN040
CUST000134,Kritika Sharma,8979270335,Female,Married,558305,Middle,Teacher,Low,33,Hindi,RGN037
CUST000135,Sneha Gowda,7110392405,Male,Divorced,1385862,Upper-Middle,Software Engineer,Low,40,Hindi,RGN002
CUST000136,Yash Saxena,6477053833,Male,Married,160806,Low,Farmer,Medium,38,Hindi,RGN033
CUST000137,Kritika Srivastava,8879206980,Female,Single,1392224,Upper-Middle,Software Engineer,Low,39,Hindi,RGN049
CUST000138,Shweta Subramanian,8204394070,Male,Married,822258,Upper-Middle,Software Engineer,Low,28,Hindi,RGN014
CUST000139,Varun Venkatesh,66451XXXXX,Male,Single,146078,Low,Farmer,Medium,38,Hindi,RGN026
CUST000140,Siddharth Das,6579812387,Female,Widowed,2852168,High,Doctor,Low,43,Hindi,RGN029
CUST000141,Aarav Menon,6038457620,Male,Single,277332,Low,Teacher,Low,55,Hindi,RGN029
CUST000142,Prakash Kulkarni,8554384046,Female,Married,1974652,Upper-Middle,Software Engineer,Low,49,Hindi,RGN011
CUST000143,Bhavna Sharma,6843256216,Female,Single,120722,Low,Driver,High,63,Hindi,RGN044
CUST000144,Neha Joshi,7639264957,Male,Single,2127818,High,Software Engineer,Low,28,Hindi,RGN025
CUST000145,Nikhil Dubey,7329832482,Female,Single,1168670,Upper-Middle,Software Engineer,Low,48,Hindi,RGN005
CUST000146,Sunil Chaudhary,9292518812,Female,Divorced,2970623,High,Software Engineer,Low,40,Hindi,RGN015
CUST000147,Uday Kumar,8205664742,Female,Married,1019305,Upper-Middle,Software Engineer,Low,64,Tamil,RGN024
CUST000148,Tanvi Shetty,7122099499,Female,Married,347313,Middle,Front Desk Executive,Low,28,Hindi,RGN013
CUST000149,Manoj Pillai,7933051728,Male,Single,1056805,Upper-Middle,Business Owner,Medium,27,Hindi,RGN015
CUST000150,Vijay Rajan,9526772233,Female,Married,3085636,High,Doctor,Low,30,Hindi,RGN005
CUST000151,Shweta Tripathi,6604633312,Female,Widowed,1529871,Upper-Middle,Software Engineer,Low,18,Hindi,RGN007
CUST000152,Sandeep Naik,9975736609,Male,Divorced,351918,Middle,Teacher,Low,31,Hindi,RGN005
CUST000153,Suresh Desai,9569998808,Male,Single,582884,Middle,Real Estate Agent,Medium,28,Hindi,RGN030
CUST000154,Santosh Tiwari,6770388608,Female,Married,430942,Middle,Business Owner,Medium,39,Hindi,RGN039
CUST000155,Sandeep Joshi,9803476447,Female,Single,3614778,High,Doctor,Low,42,Hindi,RGN035
CUST000156,Ramesh Naik,7649082771,Male,Married,329437,Middle,Driver,High,60,Hindi,RGN005
CUST000157,Isha Menon,6298266570,Male,Single,201492,Low,Hardware Technician,Medium,49,Oriya,RGN032
CUST000158,Sanjay Saxena,7793714521,Male,Married,57563,Low,Farmer,Medium,31,Hindi,RGN016
CUST000159,Yash Nair,6175186892,Male,Married,748767,Middle,Software Engineer,Low,27,Hindi,RGN004
CUST000160,Mohit Verma,9860259222,Female,Married,345755,Middle,Teacher,Low,43,Hindi,RGN043
CUST000161,Ananya Malhotra,7064474212,Female,Married,2931569,High,Software Engineer,Low,22,Hindi,RGN043
CUST000162,Pradeep Joshi,7094077780,Male,Divorced,267716,Low,Hardware Technician,Medium,59,Hindi,RGN004
CUST000163,Kavya Mehta,9339776719,Male,Single,229573,Low,Teacher,Low,52,Hindi,RGN010
CUST000164,Geeta Malhotra,6384983022,Female,Married,1698692,Upper-Middle,Software Engineer,Low,32,Hindi,RGN045
CUST000165,Vikram Patil,6502099451,Male,Single,473493,Middle,Teacher,Low,18,Hindi,RGN029
CUST000166,Aarav Naik,6162249998,Male,Single,959623,Upper-Middle,Doctor,Low,54,Hindi,RGN027
CUST000167,Meera Balaji,7795014556,Female,Married,1229700,Upper-Middle,Real Estate Agent,Medium,36,Hindi,RGN049
CUST000168,Pradeep Chakraborty,6681472145,Male,Widowed,1433230,Upper-Middle,Real Estate Agent,Medium,52,Hindi,RGN027
CUST000169,Meera Kapoor,9833901981,Male,Divorced,1723451,Upper-Middle,Software Engineer,Low,18,Telugu,RGN020
CUST000170,Priya Dubey,9946954899,Male,Married,184874,Low,Farmer,Medium,30,Oriya,RGN031
CUST000171,Divya Reddy,8299787729,Female,Single,325956,Middle,Front Desk Executive,Low,38,Hindi,RGN007
CUST000172,Nikhil Singh,7430107139,Male,Married,850351,Upper-Middle,Software Engineer,Low,38,Hindi,RGN025
CUST000173,Shruti Srivastava,9605583034,Male,Single,165800,Low,Farmer,Medium,32,Hindi,RGN009
CUST000174,Santosh Srivastava,8144885015,Male,Married,1170136,Upper-Middle,Software Engineer,Low,45,Hindi,RGN043
CUST000175,Zara Chakraborty,8699023557,Female,Married,1084893,Upper-Middle,Software Engineer,Low,25,Hindi,RGN012
CUST000176,Varun Srivastava,9027278576,Male,Married,130520,Low,Driver,High,36,Hindi,RGN038
CUST000177,Sanjay Bose,6849588039,Male,Married,3187013,High,Business Owner,Medium,39,Hindi,RGN037
CUST000178,Manoj Patel,8512405682,Male,Married,3720097,High,Business Owner,Medium,44,Hindi,RGN039
CUST000179,Swati Mehta,9291450461,Male,Single,2292462,High,Business Owner,Medium,46,Hindi,RGN004
CUST000180,Shweta Kumar,9357438421,Female,Married,257895,Low,Farmer,Medium,24,Telugu,RGN019
CUST000181,Neha Gupta,8031780782,Male,Married,1937060,Upper-Middle,Business Owner,Medium,19,Hindi,RGN039
CUST000182,Priya Krishnan,7578452182,Male,Married,1183927,Upper-Middle,Doctor,Low,53,Hindi,RGN027
CUST000183,Arjun Pandey,7076810409,Male,Single,562551,Middle,Teacher,Low,41,Hindi,RGN005
CUST000184,Tanvi Joshi,6570184094,Female,Single,1298683,Upper-Middle,Software Engineer,Low,29,Oriya,RGN032
CUST000185,Sneha Deshpande,7533448571,Male,Married,99928,Low,Driver,High,56,Kannada,RGN022
CUST000186,Vishal Saxena,8224109881,Male,Married,392680,Middle,Teacher,Low,39,Hindi,RGN040
CUST000187,Nikhil Chaudhary,7858542493,Male,Married,699018,Middle,Doctor,Low,52,Hindi,RGN028
CUST000188,Akash Subramanian,7149587020,Female,Married,179873,Low,Farmer,Medium,38,Hindi,RGN038
CUST000189,Tanvi Gowda,9016016629,Female,Single,1048554,Upper-Middle,Software Engineer,Low,62,Hindi,RGN007
CUST000190,Vishal More,9954538179,Male,Married,1258626,Upper-Middle,Software Engineer,Low,59,Hindi,RGN030
CUST000191,Sneha Shah,7171747733,Male,Married,223789,Low,Front Desk Executive,Low,35,Hindi,RGN043
CUST000192,Nandini Srivastava,7945625577,Other,Married,824666,Upper-Middle,Real Estate Agent,Medium,49,Tamil,RGN023
CUST000193,Kavya Chakraborty,6171577245,Female,Married,719276,Middle,Software Engineer,Low,45,Hindi,RGN034
CUST000194,Manoj Deshpande,7816158148,Female,Married,279639,Low,Hardware Technician,Medium,54,Oriya,RGN031
CUST000195,Shweta Singh,9696393827,Female,Married,437927,Middle,Hardware Technician,Medium,26,Hindi,RGN037
CUST000196,Sunil Jadhav,9153966958,Male,Married,731881,Middle,Software Engineer,Low,46,Hindi,RGN014
CUST000197,Ramesh Desai,7219719975,Male,Married,433504,Middle,Hardware Technician,Medium,50,Hindi,RGN049
CUST000198,Rahul Tiwari,6724619196,Male,Divorced,503798,Middle,Teacher,Low,18,Hindi,RGN003
CUST000199,Karan Gowda,8701329022,Female,Married,137142,Low,Farmer,Medium,23,Hindi,RGN042
CUST000200,Nandini Kapoor,9846997335,Female,Married,358657,Middle,Driver,High,18,Hindi,RGN029
CUST000201,Kunal Srivastava,8946519098,Male,Married,1973645,Upper-Middle,Pilot,High,34,Tamil,RGN023
CUST000202,Isha Patel,9240580085,Male,Married,349172,Middle,Teacher,Low,46,Hindi,RGN008
CUST000203,Deepak Gupta,6403696566,Female,Single,1623791,Upper-Middle,Software Engineer,Low,56,Hindi,RGN010
CUST000204,Manoj Mishra,9683272386,Male,Married,1049353,Upper-Middle,Real Estate Agent,Medium,38,Hindi,RGN047
CUST000205,Sarika Saxena,8624220102,Female,Married,711502,Middle,Software Engineer,Low,57,Hindi,RGN012
CUST000206,Sneha Reddy,9621267969,Female,Married,2237849,High,Doctor,Low,21,Telugu,RGN020
CUST000207,Meera Srivastava,7786876532,Male,Married,322284,Middle,Teacher,Low,18,Hindi,RGN048
CUST000208,Deepa Sharma,9909738468,Male,Widowed,1521929,Upper-Middle,Software Engineer,Low,37,Hindi,RGN030
CUST000209,Sunil Patel,8009751971,Male,Single,213837,Low,Teacher,Low,42,Hindi,RGN026
CUST000210,Ramesh Balaji,7847818913,Female,Married,620784,Middle,Teacher,Low,37,Hindi,RGN039
CUST000211,Pooja Chaudhary,9189490580,Male,Single,1804022,Upper-Middle,Business Owner,Medium,18,Hindi,RGN010
CUST000212,Ramesh Hegde,9787956544,Male,Widowed,246045,Low,Teacher,Low,36,Hindi,RGN038
CUST000213,Shruti Das,7094940792,Female,Married,1340972,Upper-Middle,Software Engineer,Low,22,Hindi,RGN012
CUST000214,Priya Desai,6490471281,Male,Single,1565274,Upper-Middle,Software Engineer,Low,46,Hindi,RGN028
CUST000215,Mohit Patel,8429444019,Male,Married,416034,Middle,Real Estate Agent,Medium,42,Hindi,RGN014
CUST000216,Shruti Rao,7927524372,Male,Married,2808808,High,Software Engineer,Low,26,Hindi,RGN033
CUST000217,Santosh Krishnan,6512927663,Female,Married,275242,Low,Teacher,Low,31,Telugu,RGN020
CUST000218,Akash Reddy,9239504102,Female,Married,86951,Low,Farmer,Medium,25,Hindi,RGN046
CUST000219,Vijay Menon,9674783667,Female,Single,1361840,Upper-Middle,Software Engineer,Low,37,Kannada,RGN022
CUST000220,Santosh Hegde,8286047658,Female,Married,2951669,High,Business Owner,Medium,49,Hindi,RGN037
CUST000221,Shweta Verma,6185694544,Female,Widowed,353061,Middle,Teacher,Low,26,Hindi,RGN041
CUST000222,Yash Singh,6496739385,Female,Married,2426111,High,Doctor,Low,44,Hindi,RGN003
CUST000223,Varun Patil,7580010618,Male,Married,254013,Low,Front Desk Executive,Low,31,Kannada,RGN021
CUST000224,Ananya Iyer,6753443009,Male,Married,234971,Low,Hardware Technician,Medium,28,Hindi,RGN048
CUST000225,Kritika Mehta,6093911192,Male,Single,3595524,High,Doctor,Low,36,Hindi,RGN035
CUST000226,Mohit Kulkarni,9921244717,Female,Single,2425932,High,Doctor,Low,25,Hindi,RGN044
CUST000227,Isha Naik,8654214066,Male,Married,1550690,Upper-Middle,Doctor,Low,31,Hindi,RGN026
CUST000228,Zara Desai,8044271739,Female,Married,1744501,Upper-Middle,Software Engineer,Low,23,Hindi,RGN029
CUST000229,Shruti Deshpande,9271286391,Male,Single,2807946,High,Software Engineer,Low,61,Hindi,RGN009
CUST000230,Deepak Srivastava,9410119470,Female,Married,397487,Middle,Teacher,Low,38,Hindi,RGN047
CUST000231,Ananya Rajan,9200642569,Male,Married,189230,Low,Front Desk Executive,Low,29,Telugu,RGN019
CUST000232,Aditya Jadhav,6877661830,Male,Married,1276511,Upper-Middle,Software Engineer,Low,40,Kannada,RGN022
CUST000233,Sarika Balaji,9719855460,Male,Married,371593,Middle,Software Engineer,Low,36,Telugu,RGN020
CUST000234,Harsha Nair,6585174328,Male,Married,1433038,Upper-Middle,Software Engineer,Low,35,Oriya,RGN032
CUST000235,Deepa Deshpande,6634615717,Female,Widowed,1371260,Upper-Middle,Business Owner,Medium,45,Hindi,RGN043
CUST000236,Rajesh Pandey,7203093761,Male,Single,732394,Middle,Software Engineer,Low,47,Hindi,RGN012
CUST000237,Ananya Singh,8787005050,Female,Married,491191,Middle,Software Engineer,Low,31,Hindi,RGN006
CUST000238,Uday Das,9138782931,Female,Married,487638,Middle,Business Owner,Medium,31,Hindi,RGN050
CUST000239,Shweta Gupta,6270790320,Male,Divorced,1066040,Upper-Middle,Real Estate Agent,Medium,34,Hindi,RGN041
CUST000240,Isha Hegde,7041792911,Female,Married,410398,Middle,Teacher,Low,18,Hindi,RGN026
CUST000241,Amrita Patil,6799313656,Female,Single,2732653,High,Software Engineer,Low,19,Hindi,RGN027
CUST000242,Santosh Krishnan,6270790320,Male,Married,296108,Low,Farmer,Medium,54,Oriya,RGN031
CUST000243,Rahul Jadhav,8114262582,Male,Married,2124609,High,Business Owner,Medium,57,Telugu,RGN020
CUST000244,Vishal Shetty,9390219620,Female,Married,61600,Low,Farmer,Medium,35,Hindi,RGN010
CUST000245,Siddharth Mehta,9100219467,Male,Single,3761622,High,Doctor,Low,44,Hindi,RGN001
CUST000246,Zara Chaudhary,7324876329,Female,Married,1877751,Upper-Middle,Software Engineer,Low,41,Hindi,RGN027
CUST000247,Siddharth Shetty,6927914560,Female,Married,1418440,Upper-Middle,Doctor,Low,65,Hindi,RGN044
CUST000248,Sarika Shetty,7318195883,Male,Married,2059234,High,Software Engineer,Low,51,Hindi,RGN041
CUST000249,Rajesh Chakraborty,9340312772,Male,Married,2726742,High,Business Owner,Medium,36,Oriya,RGN031
CUST000250,Vishal Mishra,7005436459,Female,Divorced,346115,Middle,Teacher,Low,26,Hindi,RGN013
CUST000251,Rohit Kumar,9010822078,Male,Married,159447,Low,Front Desk Executive,Low,18,Hindi,RGN002
CUST000252,Rahul Tripathi,6137995635,Female,Divorced,3087348,High,Doctor,Low,40,Hindi,RGN011
CUST000253,Vishal Tripathi,7153136363,Female,Married,2255710,High,Software Engineer,Low,28,Hindi,RGN003
CUST000254,Kunal Reddy,6797062397,Female,Divorced,1384299,Upper-Middle,Business Owner,Medium,20,Hindi,RGN047
CUST000255,Ravi Tiwari,7652735435,Male,Widowed,272543,Low,Farmer,Medium,30,Hindi,RGN005
CUST000256,Swati Rajan,7090421776,Female,Divorced,293523,Low,Teacher,Low,25,Hindi,RGN025
CUST000257,Shruti Pillai,7534929298,Male,Married,191709,Low,Driver,High,58,Hindi,RGN025
CUST000258,Prakash Patel,7168739774,Male,Married,1264993,Upper-Middle,Software Engineer,Low,48,Hindi,RGN025
CUST000259,Kritika Patil,6633569392,Female,Married,127503,Low,Front Desk Executive,Low,37,Hindi,RGN050
CUST000260,Santosh Tiwari,6600780686,Female,Married,985794,Upper-Middle,Software Engineer,Low,55,Hindi,RGN016
CUST000261,Aarav Malhotra,9177318063,Female,Married,555822,Middle,Software Engineer,Low,38,Hindi,RGN050
CUST000262,Mohit Rajan,7543107427,Female,Married,1819600,Upper-Middle,Software Engineer,Low,27,Hindi,RGN007
CUST000263,Harsha Sharma,6772625701,Female,Married,967849,Upper-Middle,Software Engineer,Low,56,Hindi,RGN005
CUST000264,Santosh Saxena,9580464989,Female,Married,406533,Middle,Teacher,Low,44,Hindi,RGN014
CUST000265,Rajesh Saxena,7195085016,Female,Married,1440453,Upper-Middle,Software Engineer,Low,25,Telugu,RGN020
CUST000266,Sunil Hegde,8790552818,Male,Married,327504,Middle,Teacher,Low,35,Hindi,RGN047
CUST000267,Nandini Bose,7253817933,Female,Widowed,1055310,Upper-Middle,Software Engineer,Low,27,Hindi,RGN046
CUST000268,Nikhil Verma,8548640155,Male,Widowed,804256,Upper-Middle,Software Engineer,Low,21,Hindi,RGN050
CUST000269,Siddharth Sharma,9788178847,Male,Married,198726,Low,Driver,High,49,Tamil,RGN024
CUST000270,Kritika Nair,8137116241,Male,Divorced,205716,Low,Farmer,Medium,60,Hindi,RGN029
CUST000271,Uday Sharma,6241272380,Male,Married,2730448,High,Software Engineer,Low,21,Hindi,RGN011
CUST000272,Sandeep Singh,8682756704,Male,Divorced,2066674,High,Pilot,High,44,Hindi,RGN012
CUST000273,Pradeep Deshpande,7103856955,Male,Single,614677,Middle,Real Estate Agent,Medium,30,Telugu,RGN020
CUST000274,Rajesh Tiwari,9988774924,Female,Married,3509223,High,Business Owner,Medium,32,Oriya,RGN031
CUST000275,Aarav Pillai,7437540254,Male,Married,1123520,Upper-Middle,Software Engineer,Low,30,Hindi,RGN039
CUST000276,Anil Rao,9292842222,Male,Married,252216,Low,Hardware Technician,Medium,27,Hindi,RGN050
CUST000277,Vishal Pandey,7105927452,Female,Married,2370285,High,Doctor,Low,38,Hindi,RGN040
CUST000278,Sapna Pillai,7805525782,Female,Married,220000,Low,Hardware Technician,Medium,28,Hindi,RGN001
CUST000279,Ananya Venkatesh,8106727520,Female,Married,175404,Low,Driver,High,41,Hindi,RGN026
CUST000280,Varun Saxena,8474929751,Female,Single,275344,Low,Farmer,Medium,37,Hindi,RGN005
CUST000281,Aarav Desai,9028140693,Female,Married,1054340,Upper-Middle,Doctor,Low,35,Hindi,RGN045
CUST000282,Harsha Srivastava,9515093983,Female,Divorced,1166714,Upper-Middle,Business Owner,Medium,27,Hindi,RGN033
CUST000283,Pooja Mehta,8301871863,Female,Married,1389586,Upper-Middle,Real Estate Agent,Medium,31,Hindi,RGN037
CUST000284,Isha Chakraborty,9599805626,Male,Divorced,1031807,Upper-Middle,Software Engineer,Low,47,Hindi,RGN009
CUST000285,Sunita Reddy,6634615717,Female,Single,1735884,Upper-Middle,Software Engineer,Low,44,Telugu,RGN017
CUST000286,Prakash Shetty,6376742662,Female,Divorced,1043727,Upper-Middle,Business Owner,Medium,26,Hindi,RGN012
CUST000287,Sapna Malhotra,6234785196,Male,Married,1839288,Upper-Middle,Doctor,Low,39,Hindi,RGN007
CUST000288,Rahul Rajan,6064628792,Female,Married,81678,Low,Farmer,Medium,47,Hindi,RGN014
CUST000289,Vinod Tripathi,7264870494,Female,Single,800148,Upper-Middle,Real Estate Agent,Medium,18,Hindi,RGN044
CUST000290,Aarav Patel,9873002447,Female,Divorced,261540,Low,Farmer,Medium,44,Telugu,RGN017
CUST000291,Isha Tripathi,6462730147,Female,Single,155117,Low,Driver,High,30,Hindi,RGN003
CUST000292,Ananya Nair,6959796471,Female,Single,2217984,High,Software Engineer,Low,44,Hindi,RGN027
CUST000293,Prakash Krishnan,8890429025,Female,Married,1630672,Upper-Middle,Software Engineer,Low,28,Hindi,RGN008
CUST000294,Sapna Subramanian,8066658004,Male,Married,438141,Middle,Software Engineer,Low,18,Hindi,RGN006
CUST000295,Rajesh Reddy,8481832192,Female,Married,801909,Upper-Middle,Software Engineer,Low,18,Hindi,RGN008
CUST000296,Aditya Patil,8544518952,Male,Single,190079,Low,Teacher,Low,38,Hindi,RGN048
CUST000297,Kunal Patil,6284576521,Female,Divorced,824388,Upper-Middle,Software Engineer,Low,41,Oriya,RGN031
CUST000298,Siddharth Malhotra,7283389888,Female,Married,2455215,High,Software Engineer,Low,27,Kannada,RGN021
CUST000299,Deepak Naik,6671120754,Female,Married,1768406,Upper-Middle,Software Engineer,Low,45,Hindi,RGN003
CUST000300,Neha Desai,8279852401,Female,Single,286525,Low,Teacher,Low,18,Kannada,RGN022
CUST000301,Priya Pandey,7223423216,Male,Married,239914,Low,Front Desk Executive,Low,37,Telugu,RGN017
CUST000302,Rekha Kapoor,6107603108,Male,Married,285859,Low,Driver,High,23,Hindi,RGN041
CUST000303,Meera Pandey,6714014011,Male,Divorced,4683418,High,Doctor,Low,30,Hindi,RGN047
CUST000304,Sanjay Reddy,7932501249,Male,Married,665207,Middle,Business Owner,Medium,38,Hindi,RGN046
CUST000305,Sneha Menon,8528938911,Female,Married,356565,Middle,Teacher,Low,27,Telugu,RGN019
CUST000306,Ravi Das,6833428013,Male,Married,481930,Middle,Teacher,Low,33,Telugu,RGN017
CUST000307,Aryan Kapoor,9592712566,Male,Married,120880,Low,Front Desk Executive,Low,50,Hindi,RGN014
CUST000308,Divya Subramanian,7836151718,Female,Married,165786,Low,Farmer,Medium,31,Oriya,RGN032
CUST000309,Sneha Agarwal,7754801571,Male,Married,979122,Upper-Middle,Software Engineer,Low,48,Hindi,RGN041
CUST000310,Akash Singh,9479473864,Male,Single,142585,Low,Hardware Technician,Medium,24,Hindi,RGN028
CUST000311,Meera Saxena,9317520716,Female,Married,152764,Low,Front Desk Executive,Low,44,Hindi,RGN016
CUST000312,Meera Joshi,9811266912,Male,Married,3269150,High,Doctor,Low,55,Hindi,RGN009
CUST000313,Sunil Rajan,6535396136,Female,Single,2374232,High,Software Engineer,Low,18,Hindi,RGN009
CUST000314,Ramesh Singh,9499465796,Male,Married,124299,Low,Driver,High,28,Hindi,RGN042
CUST000315,Rahul Venkatesh,9842711477,Male,Married,279375,Low,Farmer,Medium,44,Hindi,RGN001
CUST000316,Uday Dubey,7201017026,Male,Married,624495,Middle,Teacher,Low,35,Hindi,RGN029
CUST000317,Gaurav Iyer,8249911877,Female,Single,523732,Middle,Teacher,Low,42,Hindi,RGN011
CUST000318,Isha Tiwari,7477848588,Male,Married,331272,Middle,Front Desk Executive,Low,30,Hindi,RGN033
CUST000319,Anil Chakraborty,9292842222,Female,Single,169753,Low,Driver,High,39,Hindi,RGN026
CUST000320,Bhavna Desai,6028427624,Female,Single,269883,Low,Teacher,Low,36,Hindi,RGN036
CUST000321,Santosh Malhotra,9719788977,Male,Widowed,774592,Middle,Software Engineer,Low,52,Hindi,RGN044
CUST000322,Vijay Srivastava,7806479695,Male,Married,1099860,Upper-Middle,Pilot,High,41,Hindi,RGN048
CUST000323,Santosh Gowda,8500902559,Male,Married,468319,Middle,Software Engineer,Low,42,Hindi,RGN010
CUST000324,Ravi Rao,6561655650,Female,Married,380815,Middle,Teacher,Low,33,Hindi,RGN037
CUST000325,Yash Chaudhary,7334911415,Male,Married,1472814,Upper-Middle,Doctor,Low,32,Hindi,RGN010
CUST000326,Santosh Shah,7085076986,Male,Married,294604,Low,Teacher,Low,32,Hindi,RGN012
CUST000327,Kavya Menon,8079056965,Female,Single,2098495,High,Doctor,Low,42,Hindi,RGN049
CUST000328,Shruti Tripathi,6713578529,Male,Divorced,2252165,High,Doctor,Low,32,Hindi,RGN025
CUST000329,Arjun Menon,8563718344,Male,Married,592609,Middle,Real Estate Agent,Medium,41,Hindi,RGN030
CUST000330,Suresh Agarwal,6496391919,Male,Married,150429,Low,Farmer,Medium,62,Hindi,RGN009
CUST000331,Tanvi Kulkarni,8419876351,Female,Married,277390,Low,Teacher,Low,48,Hindi,RGN009
CUST000332,Manoj Patil,8846853664,Male,Single,1670484,Upper-Middle,Software Engineer,Low,34,Hindi,RGN002
CUST000333,Aditya Chaudhary,9820829737,Female,Married,1406042,Upper-Middle,Software Engineer,Low,52,Hindi,RGN048
CUST000334,Karan Rao,8896908357,Female,Married,178525,Low,Front Desk Executive,Low,33,Hindi,RGN038
CUST000335,Arjun Tiwari,7324665136,Female,Single,234305,Low,Driver,High,18,Hindi,RGN008
CUST000336,Prakash Dubey,8424936312,Female,Married,129588,Low,Farmer,Medium,25,Hindi,RGN045
CUST000337,Ravi Pillai,7034778660,Female,Single,2547086,High,Software Engineer,Low,18,Telugu,RGN019
CUST000338,Meera Jadhav,7242044820,Male,Married,1445619,Upper-Middle,Software Engineer,Low,33,Hindi,RGN045
CUST000339,Rahul Patel,9001594165,Female,Married,2091970,High,Business Owner,Medium,38,Tamil,RGN024
CUST000340,Arjun Sharma,6623198189,Female,Married,290553,Low,Teacher,Low,58,Hindi,RGN036
CUST000341,Mohit Pillai,8713915596,Male,Married,151655,Low,Driver,High,41,Hindi,RGN046
CUST000342,Sandeep Tiwari,7632123476,Female,Married,160623,Low,Farmer,Medium,35,Hindi,RGN004
CUST000343,Zara Jadhav,8907851586,Female,Married,793392,Middle,Doctor,Low,47,Hindi,RGN036
CUST000344,Bhavna Mishra,9342575409,Male,Divorced,919041,Upper-Middle,Software Engineer,Low,18,Hindi,RGN044
CUST000345,Swati Tiwari,7811386338,Male,Married,158120,Low,Teacher,Low,40,Hindi,RGN014
CUST000346,Rohit Malhotra,7760644134,Female,Married,826532,Upper-Middle,Business Owner,Medium,47,Hindi,RGN012
CUST000347,Akash Venkatesh,7275604177,Female,Single,112912,Low,Farmer,Medium,20,Hindi,RGN050
CUST000348,Poonam Balaji,9561248156,Female,Married,347563,Middle,Teacher,Low,51,Oriya,RGN032
CUST000349,Shruti Gowda,8700272063,Female,Divorced,102871,Low,Driver,High,42,Hindi,RGN004
CUST000350,Shweta Patel,8591123829,Male,Married,984507,Upper-Middle,Software Engineer,Low,33,Hindi,RGN050
CUST000351,Sneha Mishra,9577242954,Female,Single,543349,Middle,Doctor,Low,45,Hindi,RGN002
CUST000352,Varun Das,7165266930,Female,Married,156166,Low,Front Desk Executive,Low,65,Telugu,RGN018
CUST000353,Karan Desai,6893173420,Female,Married,94095,Low,Farmer,Medium,40,Hindi,RGN030
CUST000354,Ananya Kapoor,9969421529,Male,Widowed,822105,Upper-Middle,Software Engineer,Low,40,Hindi,RGN015
CUST000355,Divya Naik,6086771333,Female,Married,1402224,Upper-Middle,Software Engineer,Low,32,Hindi,RGN012
CUST000356,Ramesh Patel,8476263934,Female,Divorced,313438,Middle,Driver,High,27,Kannada,RGN021
CUST000357,Aditya Joshi,7626204439,Male,Married,133386,Low,Driver,High,47,Hindi,RGN050
CUST000358,Sanjay Mishra,9359710725,Female,Single,586256,Middle,Teacher,Low,27,Hindi,RGN029
CUST000359,Vishal Gowda,9366941180,Male,Single,237247,Low,Driver,High,38,Telugu,RGN017
CUST000360,Deepak Reddy,6537599004,Male,Married,276783,Low,Driver,High,32,Hindi,RGN007
CUST000361,Shweta Subramanian,9465280924,Male,Married,1011467,Upper-Middle,Software Engineer,Low,43,Hindi,RGN013
CUST000362,Deepak Chaudhary,7875721586,Male,Married,1847100,Upper-Middle,Business Owner,Medium,42,Hindi,RGN010
CUST000363,Shweta Tripathi,7415027456,Female,Single,61000,Low,Farmer,Medium,50,Hindi,RGN026
CUST000364,Rajesh Das,8494856257,Female,Married,284568,Low,Hardware Technician,Medium,31,Hindi,RGN008
CUST000365,Kritika Reddy,7870320320,Female,Married,311194,Middle,Teacher,Low,34,Hindi,RGN030
CUST000366,Anil Shah,9427617075,Female,Married,1038754,Upper-Middle,Software Engineer,Low,26,Telugu,RGN017
CUST000367,Gaurav Pandey,9771215134,Male,Married,1615879,Upper-Middle,Doctor,Low,32,Hindi,RGN045
CUST000368,Shruti Hegde,7284993908,Female,Married,1289091,Upper-Middle,Software Engineer,Low,42,Tamil,RGN024
CUST000369,Karan Das,7613715041,Female,Married,825884,Upper-Middle,Software Engineer,Low,47,Hindi,RGN015
CUST000370,Ravi Dubey,9591520177,Female,Single,565332,Middle,Real Estate Agent,Medium,26,Telugu,RGN018
CUST000371,Suresh Jadhav,9490509759,Male,Single,450381,Middle,Software Engineer,Low,48,Hindi,RGN048
CUST000372,Deepa Malhotra,7304501896,Male,Married,2235347,High,Pilot,High,54,Telugu,RGN020
CUST000373,Lakshmi Chakraborty,6642361032,Female,Married,511417,Middle,Business Owner,Medium,42,Telugu,RGN018
CUST000374,Yash Sharma,9642147649,Male,Single,2590889,High,Pilot,High,60,Oriya,RGN032
CUST000375,Ramesh Tripathi,7515837767,Male,Married,2283157,High,Software Engineer,Low,28,Hindi,RGN011
CUST000376,Kunal Menon,8996165926,Male,Married,114407,Low,Hardware Technician,Medium,23,Hindi,RGN016
CUST000377,Vijay Subramanian,9108573278,Male,Single,318647,Middle,Front Desk Executive,Low,18,Kannada,RGN021
CUST000378,Shweta Hegde,6476174224,Male,Divorced,1533594,Upper-Middle,Software Engineer,Low,55,Hindi,RGN006
CUST000379,Priya Rajan,7864908108,Male,Single,235590,Low,Hardware Technician,Medium,45,Hindi,RGN026
CUST000380,Meera Patel,6866179454,Male,Married,3102209,High,Doctor,Low,37,Hindi,RGN041
CUST000381,Amrita Patil,6801722601,Female,Married,936535,Upper-Middle,Software Engineer,Low,41,Hindi,RGN039
CUST000382,Shweta Tripathi,9459779452,Female,Married,1656390,Upper-Middle,Software Engineer,Low,24,Hindi,RGN038
CUST000383,Akash Pandey,7219416800,Female,Married,2816412,High,Software Engineer,Low,65,Hindi,RGN041
CUST000384,Ananya Sharma,9102776974,Female,Married,432305,Middle,Teacher,Low,39,Hindi,RGN009
CUST000385,Meera Venkatesh,8641220310,Male,Single,1030329,Upper-Middle,Software Engineer,Low,39,Hindi,RGN047
CUST000386,Shweta Mehta,7037236831,Male,Married,183230,Low,Hardware Technician,Medium,46,Hindi,RGN045
CUST000387,Zara Chaudhary,8727601227,Male,Single,1722012,Upper-Middle,Software Engineer,Low,43,Hindi,RGN013
CUST000388,Yash Malhotra,9707933496,Male,Single,827790,Upper-Middle,Real Estate Agent,Medium,40,Hindi,RGN044
CUST000389,Anjali Iyer,6501667998,Female,Single,484509,Middle,Real Estate Agent,Medium,28,Hindi,RGN027
CUST000390,Pooja Subramanian,8076789973,Female,Single,602237,Middle,Teacher,Low,43,Telugu,RGN019
CUST000391,Ravi Desai,6806958146,Male,Married,1084914,Upper-Middle,Business Owner,Medium,60,Hindi,RGN036
CUST000392,Gaurav Malhotra,9179576024,Male,Married,245828,Low,Real Estate Agent,Medium,54,Hindi,RGN050
CUST000393,Vinod Subramanian,7757383959,Male,Married,1363139,Upper-Middle,Software Engineer,Low,57,Hindi,RGN028
CUST000394,Yash Kapoor,9246657293,Male,Divorced,2891289,High,Software Engineer,Low,31,Hindi,RGN037
CUST000395,Vikram Reddy,8172232971,Male,Married,150254,Low,Farmer,Medium,26,Telugu,RGN020
CUST000396,Vikram Naik,9743380054,Female,Married,2135963,High,Business Owner,Medium,36,Hindi,RGN040
CUST000397,Aditi Patel,8228015619,Female,Married,180855,Low,Front Desk Executive,Low,38,Hindi,RGN040
CUST000398,Poonam Mehta,7183745508,Male,Married,437712,Middle,Business Owner,Medium,51,Hindi,RGN038
CUST000399,Priya Mishra,8289107711,Male,Married,1590603,Upper-Middle,Software Engineer,Low,18,Hindi,RGN025
CUST000400,Isha Jadhav,6808121352,Female,Single,421632,Middle,Teacher,Low,56,Tamil,RGN023
CUST000401,Pradeep Menon,8787125521,Female,Single,1784018,Upper-Middle,Software Engineer,Low,36,Hindi,RGN025
CUST000402,Deepa Menon,7760375482,Female,Married,1937964,Upper-Middle,Doctor,Low,32,Hindi,RGN016
CUST000403,Suresh Joshi,6456532863,Male,Married,274749,Low,Farmer,Medium,25,Hindi,RGN011
CUST000404,Pradeep Mishra,7666785072,Other,Single,458288,Middle,Teacher,Low,18,Hindi,RGN025
CUST000405,Poonam Krishnan,6811556260,Female,Single,2560477,High,Software Engineer,Low,47,Hindi,RGN047
CUST000406,Vikram Nair,9029084668,Male,Married,195633,Low,Farmer,Medium,38,Kannada,RGN021
CUST000407,Ananya Gupta,8550489267,Male,Married,294929,Low,Business Owner,Medium,22,Hindi,RGN002
CUST000408,Meera Desai,7899756341,Female,Married,1065175,Upper-Middle,Real Estate Agent,Medium,22,Hindi,RGN011
CUST000409,Ramesh Shetty,6856288431,Male,Married,178428,Low,Driver,High,33,Hindi,RGN012
CUST000410,Vishal Deshpande,8852008943,Female,Single,313681,Middle,Driver,High,58,Hindi,RGN045
CUST000411,Rohit Hegde,8681054851,Male,Married,1078888,Upper-Middle,Real Estate Agent,Medium,34,Hindi,RGN047
CUST000412,Kritika Jadhav,6174907539,Female,Single,192440,Low,Front Desk Executive,Low,19,Kannada,RGN021
CUST000413,Nandini Dubey,7544926831,Female,Divorced,323294,Middle,Driver,High,35,Hindi,RGN003
CUST000414,Meera Tripathi,8893571266,Female,Married,256732,Low,Hardware Technician,Medium,34,Hindi,RGN029
CUST000415,Isha Gowda,6106273715,Female,Single,291626,Low,Farmer,Medium,18,Hindi,RGN013
CUST000416,Rohit Malhotra,9988649767,Male,Married,1833628,Upper-Middle,Business Owner,Medium,37,Telugu,RGN018
CUST000417,Rahul Kulkarni,9622827728,Female,Married,1007788,Upper-Middle,Business Owner,Medium,35,Hindi,RGN014
CUST000418,Vinod Saxena,6377028519,Female,Married,610424,Middle,Real Estate Agent,Medium,46,Hindi,RGN006
CUST000419,Ravi Kapoor,9115940821,Female,Single,813761,Upper-Middle,Software Engineer,Low,60,Hindi,RGN003
CUST000420,Ananya Pillai,8454470229,Male,Single,491518,Middle,Software Engineer,Low,51,Hindi,RGN046
CUST000421,Sunita Kulkarni,9044327018,Male,Married,2159305,High,Software Engineer,Low,34,Hindi,RGN027
CUST000422,Sneha Krishnan,8106794975,Female,Married,2940612,High,Doctor,Low,24,Hindi,RGN029
CUST000423,Meera Malhotra,9792287772,Male,Married,1496622,Upper-Middle,Software Engineer,Low,65,Oriya,RGN032
CUST000424,Priya Rao,8199663658,Female,Married,124005,Low,Front Desk Executive,Low,38,Tamil,RGN024
CUST000425,Divya Pillai,6741209481,Female,Married,146301,Low,Front Desk Executive,Low,38,Hindi,RGN002
CUST000426,Aarav Patil,6398909837,Female,Single,148532,Low,Farmer,Medium,37,Hindi,RGN034
CUST000427,Sanjay Tiwari,6182043397,Female,Married,118390,Low,Driver,High,40,Hindi,RGN042
CUST000428,Rekha More,68956XXXXX,Male,Divorced,555752,Middle,Real Estate Agent,Medium,36,Hindi,RGN014
CUST000429,Bhavna Rajan,9260856411,Male,Divorced,2557591,High,Software Engineer,Low,31,Hindi,RGN043
CUST000430,Santosh Rao,6824224124,Female,Married,457150,Middle,Teacher,Low,31,Telugu,RGN017
CUST000431,Siddharth Menon,9209520046,Male,Married,4397248,High,Doctor,Low,37,Hindi,RGN001
CUST000432,Yash Shetty,6526546103,Female,Divorced,398629,Middle,Teacher,Low,31,Hindi,RGN050
CUST000433,Aryan Desai,7993788614,Female,Married,390392,Middle,Teacher,Low,29,Hindi,RGN046
CUST000434,Suresh Verma,6578617063,Female,Divorced,397551,Middle,Teacher,Low,39,Hindi,RGN008
CUST000435,Santosh Chakraborty,6489138249,Male,Married,2085020,High,Software Engineer,Low,34,Hindi,RGN027
CUST000436,Zara Mishra,9718325823,Female,Married,975098,Upper-Middle,Business Owner,Medium,56,Hindi,RGN030
CUST000437,Anil Kapoor,9870079420,Male,Married,1418352,Upper-Middle,Doctor,Low,18,Hindi,RGN026
CUST000438,Santosh Tiwari,6749465398,Male,Divorced,914196,Upper-Middle,Software Engineer,Low,51,Telugu,RGN017
CUST000439,Meera Deshpande,8028914161,Female,Married,711929,Middle,Software Engineer,Low,52,Hindi,RGN033
CUST000440,Kavya Iyer,7846398554,Female,Married,435516,Middle,Software Engineer,Low,18,Hindi,RGN004
CUST000441,Kavya Pillai,9435537950,Male,Single,1549576,Upper-Middle,Doctor,Low,33,Tamil,RGN024
CUST000442,Poonam More,7097002687,Male,Married,307987,Middle,Teacher,Low,33,Hindi,RGN030
CUST000443,Anil Chaudhary,9811807156,Female,Single,2055418,High,Business Owner,Medium,21,Oriya,RGN032
CUST000444,Sanjay Gowda,8620175370,Female,Married,2470687,High,Software Engineer,Low,28,Kannada,RGN021
CUST000445,Santosh Singh,7045319433,Female,Married,165590,Low,Front Desk Executive,Low,24,Tamil,RGN024
CUST000446,Sunil Naik,9504793036,Male,Married,765708,Middle,Real Estate Agent,Medium,59,Hindi,RGN036
CUST000447,Kritika Joshi,6498728399,Female,Married,172929,Low,Farmer,Medium,49,Hindi,RGN050
CUST000448,Vinod Tiwari,7192124938,Male,Single,269870,Low,Front Desk Executive,Low,53,Hindi,RGN013
CUST000449,Priya Iyer,8308948706,Male,Married,191943,Low,Driver,High,46,Hindi,RGN014
CUST000450,Uday Patil,6566418775,Male,Divorced,405370,Middle,Teacher,Low,24,Hindi,RGN040
CUST000451,Meera Gupta,6304687506,Male,Single,108857,Low,Driver,High,31,Tamil,RGN024
CUST000452,Lakshmi Gowda,7519036133,Male,Married,1683540,Upper-Middle,Software Engineer,Low,43,Hindi,RGN026
CUST000453,Sapna Mehta,7541107609,Male,Single,959167,Upper-Middle,Software Engineer,Low,23,Hindi,RGN008
CUST000454,Sarika Joshi,8431735058,Male,Married,108948,Low,Front Desk Executive,Low,46,Hindi,RGN044
CUST000455,Karan Shetty,7199717911,Male,Married,1930575,Upper-Middle,Software Engineer,Low,35,Telugu,RGN019
CUST000456,Sunita Krishnan,6065120704,Female,Married,235497,Low,Hardware Technician,Medium,33,Hindi,RGN035
CUST000457,Pooja Agarwal,9110804661,Male,Married,716980,Middle,Software Engineer,Low,46,Hindi,RGN004
CUST000458,Poonam Nair,9399076769,Male,Married,392605,Middle,Real Estate Agent,Medium,43,Hindi,RGN014
CUST000459,Sneha Menon,6507859311,Male,Married,106558,Low,Farmer,Medium,33,Hindi,RGN011
CUST000460,Karan Tiwari,6270790320,Female,Widowed,2076751,High,Software Engineer,Low,51,Hindi,RGN033
CUST000461,Sunita Rajan,9797232002,Male,Divorced,877929,Upper-Middle,Real Estate Agent,Medium,25,Tamil,RGN024
CUST000462,Aditya More,8968549822,Male,Married,134682,Low,Farmer,Medium,45,Hindi,RGN050
CUST000463,Yash Kumar,9495450892,Female,Single,546172,Middle,Teacher,Low,45,Telugu,RGN019
CUST000464,Priya Agarwal,6388065333,Female,Single,897231,Upper-Middle,Software Engineer,Low,34,Hindi,RGN010
CUST000465,Aditya Mishra,,Male,Married,157077,Low,Driver,High,41,Hindi,RGN025
CUST000466,Divya Iyer,8652170730,Male,Single,80773,Low,Farmer,Medium,22,Hindi,RGN014
CUST000467,Prakash Pillai,7379337563,Female,Single,424265,Middle,Teacher,Low,49,Hindi,RGN049
CUST000468,Sanjay Naik,9205015081,Female,Married,2589544,High,Software Engineer,Low,35,Hindi,RGN027
CUST000469,Rekha Shah,7473950033,Male,Married,1060123,Upper-Middle,Business Owner,Medium,31,Hindi,RGN034
CUST000470,Nikhil Kumar,8234258323,Male,Married,1225836,Upper-Middle,Software Engineer,Low,50,Telugu,RGN019
CUST000471,Kritika Gowda,6241026153,Female,Married,361378,Middle,Teacher,Low,29,Hindi,RGN012
CUST000472,Swati Sharma,8735528961,Female,Single,1749952,Upper-Middle,Software Engineer,Low,21,Hindi,RGN008
CUST000473,Vinod Shetty,6223386559,Male,Married,1086286,Upper-Middle,Business Owner,Medium,19,Hindi,RGN034
CUST000474,Rohit Rajan,9309938425,Male,Married,51514,Low,Farmer,Medium,45,Hindi,RGN008
CUST000475,Aditya Pillai,7042897317,Female,Married,4066762,High,Doctor,Low,22,Telugu,RGN017
CUST000476,Ravi Verma,6286857872,Female,Married,257532,Low,Front Desk Executive,Low,59,Telugu,RGN017
CUST000477,Anjali Rajan,8587774969,Female,Married,116903,Low,Farmer,Medium,18,Hindi,RGN042
CUST000478,Geeta Patil,6333736346,Male,Married,792777,Middle,Real Estate Agent,Medium,58,Hindi,RGN001
CUST000479,Santosh Mishra,9925481214,Male,Married,2806247,High,Software Engineer,Low,40,Hindi,RGN041
CUST000480,Kavya More,9853907895,Female,Married,1018951,Upper-Middle,Software Engineer,Low,36,Hindi,RGN026
CUST000481,Karan Chaudhary,9776657546,Male,Married,3212821,High,Business Owner,Medium,31,Oriya,RGN031
CUST000482,Sneha Malhotra,6273415148,Male,Married,1635294,Upper-Middle,Software Engineer,Low,42,Hindi,RGN002
CUST000483,Zara Gowda,6431115083,Male,Married,1765365,Upper-Middle,Software Engineer,Low,37,Hindi,RGN038
CUST000484,Varun Rajan,8354443928,Male,Married,1524318,Upper-Middle,Software Engineer,Low,51,Hindi,RGN002
CUST000485,Ananya Shetty,8044566907,Male,Married,3826157,High,Business Owner,Medium,39,Hindi,RGN015
CUST000486,Mohit Pillai,7633373898,Male,Single,540448,Middle,Teacher,Low,39,Hindi,RGN033
CUST000487,Meera Tripathi,9751536637,Female,Married,59124,Low,Farmer,Medium,33,Oriya,RGN032
CUST000488,Aditi Kapoor,9805292407,Male,Divorced,362318,Middle,Software Engineer,Low,37,Hindi,RGN048
CUST000489,Manoj Pandey,8536668459,Male,Married,154547,Low,Farmer,Medium,41,Hindi,RGN014
CUST000490,Aryan Shetty,6902259999,Female,Married,1136986,Upper-Middle,Business Owner,Medium,18,Hindi,RGN040
CUST000491,Yash Sharma,9636186371,Male,Single,1974101,Upper-Middle,Software Engineer,Low,21,Hindi,RGN049
CUST000492,Aditi Gupta,8974121820,Female,Widowed,223636,Low,Hardware Technician,Medium,46,Tamil,RGN024
CUST000493,Shweta Naik,9023164334,Male,Single,672905,Middle,Teacher,Low,40,Telugu,RGN017
CUST000494,Nandini Gowda,6705802566,Female,Married,387911,Middle,Teacher,Low,35,Hindi,RGN033
CUST000495,Poonam Chaudhary,7128671632,Female,Single,348125,Middle,Real Estate Agent,Medium,38,Hindi,RGN048
CUST000496,Deepa Malhotra,7467299493,Male,Married,317029,Middle,Teacher,Low,42,Hindi,RGN050
CUST000497,Geeta Das,9430271693,Male,Married,225267,Low,Driver,High,31,Hindi,RGN042
CUST000498,Meera Gupta,8977790147,Male,Married,1472087,Upper-Middle,Software Engineer,Low,28,Hindi,RGN004
CUST000499,Priya Kulkarni,8469263296,Female,Single,1485529,Upper-Middle,Business Owner,Medium,40,Hindi,RGN039
CUST000500,Meera Venkatesh,9629160324,Male,Married,607445,Middle,Software Engineer,Low,26,Hindi,RGN042
CUST000501,Uday Nair,8137681511,Male,Married,1144651,Upper-Middle,Software Engineer,Low,42,Hindi,RGN025
CUST000502,Pooja Bose,8672438070,Male,Married,1474612,Upper-Middle,Business Owner,Medium,18,Telugu,RGN017
CUST000503,Ananya Kapoor,6765636004,Male,Married,434086,Middle,Real Estate Agent,Medium,50,Hindi,RGN025
CUST000504,Aditi Malhotra,6257771183,Male,Married,276179,Low,Farmer,Medium,43,Hindi,RGN001
CUST000505,Mohit Verma,9274220912,Male,Divorced,2401640,High,Business Owner,Medium,41,Hindi,RGN043
CUST000506,Poonam Reddy,8186210427,Male,Single,358354,Middle,Real Estate Agent,Medium,49,Tamil,RGN024
CUST000507,Rajesh Krishnan,8230837081,Male,Married,942264,Upper-Middle,Business Owner,Medium,57,Hindi,RGN028
CUST000508,Geeta Shah,9470900633,Female,Married,2006873,High,Business Owner,Medium,50,Hindi,RGN028
CUST000509,Neha Mishra,8331060053,Female,Married,3892913,High,Doctor,Low,18,Hindi,RGN035
CUST000510,Rahul Tripathi,6312206815,Male,Married,192028,Low,Driver,High,22,Hindi,RGN036
CUST000511,Harsha Kumar,8839386613,Female,Single,681810,Middle,Software Engineer,Low,30,Hindi,RGN015
CUST000512,Arjun Rao,7155206506,Female,Divorced,1662360,Upper-Middle,Software Engineer,Low,38,Hindi,RGN039
CUST000513,Harsha Jadhav,7731495013,Female,Married,184371,Low,Front Desk Executive,Low,44,Hindi,RGN030
CUST000514,Santosh Bose,9497189241,Male,Married,833202,Upper-Middle,Business Owner,Medium,29,Hindi,RGN007
CUST000515,Rahul Reddy,8625257150,Male,Married,2834585,High,Doctor,Low,40,Oriya,RGN031
CUST000516,Arjun Joshi,9683890309,Male,Married,419938,Middle,Real Estate Agent,Medium,28,Hindi,RGN049
CUST000517,Poonam Venkatesh,6436391025,Male,Single,327472,Middle,Driver,High,30,Hindi,RGN005
CUST000518,Geeta Dubey,9432630397,Female,Married,1133302,Upper-Middle,Business Owner,Medium,21,Hindi,RGN030
CUST000519,Sneha Tiwari,8245086403,Female,Married,101327,Low,Farmer,Medium,26,Tamil,RGN023
CUST000520,Vikram Agarwal,8533803396,Male,Single,2368276,High,Software Engineer,Low,21,Hindi,RGN001
CUST000521,Arjun Srivastava,8270171302,Male,Married,2832425,High,Software Engineer,Low,26,Kannada,RGN021
CUST000522,Akash Chakraborty,7212983381,Male,Married,266122,Low,Hardware Technician,Medium,50,Hindi,RGN012
CUST000523,Vikram Mishra,9742336293,Female,Single,4360625,High,Doctor,Low,26,Hindi,RGN009
CUST000524,Nandini Kapoor,8497347156,Male,Married,446308,Middle,Hardware Technician,Medium,65,Hindi,RGN003
CUST000525,Bhavna Agarwal,9277689627,Male,Single,268548,Low,Teacher,Low,43,Hindi,RGN004
CUST000526,Anil Chaudhary,6661498282,Male,Married,115296,Low,Farmer,Medium,40,Hindi,RGN037
CUST000527,Vikram Naik,8674746897,Male,Married,1315377,Upper-Middle,Doctor,Low,27,Hindi,RGN035
CUST000528,Sapna Venkatesh,6527323008,Male,Single,222704,Low,Teacher,Low,46,Kannada,RGN022
CUST000529,Vinod Pillai,8766656749,Female,Married,180719,Low,Driver,High,31,Hindi,RGN033
CUST000530,Nandini Subramanian,6601692364,Female,Married,1026679,Upper-Middle,Business Owner,Medium,39,Hindi,RGN028
CUST000531,Kritika Iyer,8875066337,Male,Married,353598,Middle,Teacher,Low,65,Hindi,RGN008
CUST000532,Sarika Agarwal,6502497243,Male,Single,268908,Low,Front Desk Executive,Low,36,Hindi,RGN015
CUST000533,Shweta Iyer,7011669183,Male,Married,1096185,Upper-Middle,Pilot,High,51,Hindi,RGN044
CUST000534,Aarav Kumar,9264488694,Female,Married,164185,Low,Driver,High,29,Hindi,RGN048
CUST000535,Manoj Bose,9119524364,Male,Married,2175961,High,Business Owner,Medium,37,Hindi,RGN008
CUST000536,Vijay Patil,6270116864,Male,Single,125584,Low,Farmer,Medium,59,Hindi,RGN044
CUST000537,Ramesh Tiwari,9225223728,Male,Single,717400,Middle,Software Engineer,Low,30,Tamil,RGN024
CUST000538,Harsha Verma,6793230234,Male,Married,148447,Low,Front Desk Executive,Low,59,Hindi,RGN044
CUST000539,Neha Mishra,9791214161,Female,Married,124918,Low,Farmer,Medium,46,Tamil,RGN023
CUST000540,Sanjay Reddy,8150937710,Female,Single,375056,Middle,Teacher,Low,31,Hindi,RGN036
CUST000541,Anjali Naik,6409013806,Male,Widowed,152148,Low,Driver,High,45,Hindi,RGN015
CUST000542,Deepa Rao,8775965555,Male,Married,1843282,Upper-Middle,Business Owner,Medium,49,Hindi,RGN045
CUST000543,Kavya Kulkarni,7566905510,Male,Married,2958793,High,Software Engineer,Low,45,Hindi,RGN035
CUST000544,Lakshmi Rao,9620918435,Male,Married,2550355,High,Software Engineer,Low,19,Telugu,RGN017
CUST000545,Yash Pillai,9978630505,Other,Single,829562,Upper-Middle,Real Estate Agent,Medium,29,Tamil,RGN024
CUST000546,Shruti Malhotra,6573976915,Female,Married,1130402,Upper-Middle,Real Estate Agent,Medium,35,Oriya,RGN031
CUST000547,Siddharth Subramanian,9716493289,Female,Divorced,2179676,High,Business Owner,Medium,37,Hindi,RGN029
CUST000548,Sunita Pillai,6271487271,Female,Single,356696,Middle,Driver,High,45,Hindi,RGN009
CUST000549,Sunita Krishnan,9833321160,Male,Married,828009,Upper-Middle,Software Engineer,Low,40,Hindi,RGN028
CUST000550,Aditi Chaudhary,7564347128,Male,Divorced,1058520,Upper-Middle,Doctor,Low,21,Hindi,RGN013
CUST000551,Kunal Kulkarni,9153991566,Female,Married,1660333,Upper-Middle,Software Engineer,Low,42,Hindi,RGN006
CUST000552,Isha Joshi,9334141115,Female,Married,2988676,High,Software Engineer,Low,45,Hindi,RGN007
CUST000553,Manoj Venkatesh,7195256904,Male,Married,187947,Low,Hardware Technician,Medium,44,Hindi,RGN041
CUST000554,Aryan More,6983665528,Male,Single,178722,Low,Driver,High,50,Hindi,RGN016
CUST000555,Rohit Gowda,7160875243,Male,Married,158896,Low,Driver,High,48,Hindi,RGN026
CUST000556,Harsha Mehta,9729420954,Female,Single,941676,Upper-Middle,Doctor,Low,43,Telugu,RGN019
CUST000557,Lakshmi Tiwari,6497374605,Female,Married,1285736,Upper-Middle,Software Engineer,Low,37,Hindi,RGN016
CUST000558,Vinod Kumar,7330276420,Female,Single,1710012,Upper-Middle,Doctor,Low,18,Hindi,RGN009
CUST000559,Neha Tiwari,9567566184,Female,Married,660087,Middle,Real Estate Agent,Medium,43,Hindi,RGN016
CUST000560,Ramesh Bose,83861XXXXX,Male,Single,1744147,Upper-Middle,Software Engineer,Low,40,Kannada,RGN021
CUST000561,Kritika Verma,9292774233,Male,Single,698904,Middle,Software Engineer,Low,41,Hindi,RGN014
CUST000562,Kavya Agarwal,7059126620,Female,Married,1095811,Upper-Middle,Software Engineer,Low,22,Hindi,RGN008
CUST000563,Pooja Iyer,6572018596,Other,Single,687212,Middle,Real Estate Agent,Medium,25,Hindi,RGN010
CUST000564,Sarika Reddy,7630136749,Female,Married,1358473,Upper-Middle,Real Estate Agent,Medium,50,Hindi,RGN005
CUST000565,Aditya Singh,7617647501,Female,Single,1764123,Upper-Middle,Software Engineer,Low,37,Hindi,RGN001
CUST000566,Karan Nair,6117830999,Female,Married,603646,Middle,Software Engineer,Low,46,Hindi,RGN040
CUST000567,Deepa Joshi,9419267649,Female,Married,559104,Middle,Software Engineer,Low,38,Hindi,RGN046
CUST000568,Sanjay Naik,7151826068,Male,Single,281976,Low,Teacher,Low,38,Hindi,RGN047
CUST000569,Sapna Krishnan,9189813129,Male,Married,1316281,Upper-Middle,Software Engineer,Low,49,Hindi,RGN043
CUST000570,Shweta Bose,7087510293,Female,Married,1727495,Upper-Middle,Software Engineer,Low,31,Hindi,RGN013
CUST000571,Rajesh Srivastava,7184011845,Female,Married,61404,Low,Farmer,Medium,39,Hindi,RGN006
CUST000572,Ananya Patel,7603408487,Female,Married,639120,Middle,Teacher,Low,32,Hindi,RGN025
CUST000573,Kunal Gupta,7975859883,Female,Married,189404,Low,Driver,High,32,Hindi,RGN050
CUST000574,Uday Hegde,6030324329,Male,Single,172578,Low,Driver,High,34,Hindi,RGN044
CUST000575,Shweta Reddy,7954296184,Female,Married,2667810,High,Doctor,Low,40,Telugu,RGN018
CUST000576,Shweta Menon,8626714628,Male,Married,151845,Low,Driver,High,32,Kannada,RGN021
CUST000577,Isha Rao,7143598926,Male,Married,588540,Middle,Software Engineer,Low,53,Hindi,RGN048
CUST000578,Sandeep Agarwal,7566093141,Female,Single,130443,Low,Farmer,Medium,27,Hindi,RGN026
CUST000579,Sanjay Mishra,6861515542,Female,Married,593719,Middle,Teacher,Low,35,Hindi,RGN027
CUST000580,Arjun Joshi,7401636112,Female,Married,150582,Low,Teacher,Low,32,Hindi,RGN044
CUST000581,Nandini Shah,8971859484,Male,Divorced,180426,Low,Hardware Technician,Medium,55,Telugu,RGN018
CUST000582,Geeta Saxena,6025625889,Male,Married,118854,Low,Farmer,Medium,40,Telugu,RGN020
CUST000583,Karan Shah,9792408222,Female,Single,757967,Middle,Software Engineer,Low,50,Hindi,RGN044
CUST000584,Kavya Singh,9940539672,Female,Married,981497,Upper-Middle,Software Engineer,Low,20,Hindi,RGN043
CUST000585,Vikram Patil,9578446834,Female,Married,391914,Middle,Driver,High,41,Hindi,RGN047
CUST000586,Rahul Patil,6465111312,Male,Married,222736,Low,Hardware Technician,Medium,48,Telugu,RGN018
CUST000587,Varun Agarwal,6148706827,Female,Single,1926305,Upper-Middle,Business Owner,Medium,38,Telugu,RGN018
CUST000588,Siddharth Venkatesh,98816XXXXX,Female,Widowed,788293,Middle,Real Estate Agent,Medium,50,Hindi,RGN027
CUST000589,Pradeep Kulkarni,8389097283,Male,Married,656240,Middle,Software Engineer,Low,31,Hindi,RGN034
CUST000590,Ananya Singh,7152850676,Female,Married,895344,Upper-Middle,Real Estate Agent,Medium,54,Hindi,RGN050
CUST000591,Pradeep Kapoor,7515381447,Male,Single,151323,Low,Hardware Technician,Medium,65,Oriya,RGN032
CUST000592,Meera Dubey,8430963480,Female,Single,264173,Low,Farmer,Medium,33,Tamil,RGN023
CUST000593,Siddharth Mehta,9970509754,Male,Single,536199,Middle,Teacher,Low,32,Hindi,RGN025
CUST000594,Anjali Gowda,8105265016,Female,Married,267828,Low,Farmer,Medium,55,Hindi,RGN035
CUST000595,Sunil Joshi,9318826170,Female,Single,647827,Middle,Teacher,Low,56,Hindi,RGN043
CUST000596,Anjali Kapoor,7437654562,Male,Divorced,707038,Middle,Software Engineer,Low,31,Telugu,RGN017
CUST000597,Ramesh Verma,8177225605,Female,Married,1653744,Upper-Middle,Software Engineer,Low,32,Hindi,RGN050
CUST000598,Kunal Reddy,7134026650,Female,Divorced,1222610,Upper-Middle,Doctor,Low,34,Hindi,RGN011
CUST000599,Lakshmi Reddy,7374167872,Female,Married,2037945,High,Software Engineer,Low,21,Hindi,RGN027
CUST000600,Sanjay Menon,8686211022,Female,Married,2310649,High,Business Owner,Medium,26,Hindi,RGN004
CUST000601,Anil Kulkarni,8803056906,Male,Married,1704903,Upper-Middle,Software Engineer,Low,25,Hindi,RGN046
CUST000602,Aarav Balaji,9447163928,Male,Married,2045899,High,Software Engineer,Low,28,Hindi,RGN025
CUST000603,Aditi Chaudhary,7341436371,Female,Divorced,155062,Low,Front Desk Executive,Low,37,Hindi,RGN046
CUST000604,Rohit Verma,73923XXXXX,Male,Single,852880,Upper-Middle,Business Owner,Medium,40,Hindi,RGN048
CUST000605,Vikram Gowda,7260931066,Male,Single,1191650,Upper-Middle,Software Engineer,Low,56,Hindi,RGN029
CUST000606,Aryan Das,8335670860,Male,Married,90331,Low,Farmer,Medium,26,Hindi,RGN030
CUST000607,Deepa Patel,8145456350,Male,Married,775924,Middle,Doctor,Low,49,Telugu,RGN018
CUST000608,Vishal Kumar,7000534749,Male,Married,515546,Middle,Real Estate Agent,Medium,35,Telugu,RGN020
CUST000609,Nikhil Agarwal,6624755411,Male,Single,1015648,Upper-Middle,Software Engineer,Low,37,Hindi,RGN004
CUST000610,Gaurav Rao,6825559895,Other,Married,347010,Middle,Real Estate Agent,Medium,46,Hindi,RGN039
CUST000611,Rekha Saxena,7439611291,Female,Married,623991,Middle,Software Engineer,Low,24,Hindi,RGN030
CUST000612,Sarika Chakraborty,6933711895,Female,Married,621724,Middle,Real Estate Agent,Medium,42,Hindi,RGN007
CUST000613,Pradeep Hegde,8738202368,Male,Married,692149,Middle,Business Owner,Medium,39,Hindi,RGN034
CUST000614,Anil Hegde,8855716176,Female,Married,2052883,High,Business Owner,Medium,43,Hindi,RGN044
CUST000615,Nandini Agarwal,6294240903,Male,Married,821356,Upper-Middle,Real Estate Agent,Medium,41,Telugu,RGN018
CUST000616,Gaurav Patil,9788127868,Male,Married,3946407,High,Business Owner,Medium,65,Hindi,RGN037
CUST000617,Harsha Mehta,9694320293,Male,Single,1545253,Upper-Middle,Software Engineer,Low,30,Hindi,RGN007
CUST000618,Vishal Agarwal,6878844344,Female,Married,652653,Middle,Software Engineer,Low,31,Hindi,RGN030
CUST000619,Shruti Agarwal,6230834024,Male,Married,273954,Low,Hardware Technician,Medium,30,Telugu,RGN020
CUST000620,Geeta Malhotra,7403381059,Male,Married,1283634,Upper-Middle,Software Engineer,Low,31,Hindi,RGN044
CUST000621,Varun Patil,8518426945,Female,Single,3324031,High,Business Owner,Medium,30,Hindi,RGN049
CUST000622,Vijay Shetty,6053424089,Female,Divorced,197627,Low,Driver,High,52,Hindi,RGN003
CUST000623,Vikram Tripathi,6649837354,Female,Married,1298636,Upper-Middle,Software Engineer,Low,55,Hindi,RGN029
CUST000624,Vikram Pillai,7962736527,Female,Married,959151,Upper-Middle,Software Engineer,Low,31,Hindi,RGN002
CUST000625,Sanjay More,6727223972,Female,Married,2382229,High,Business Owner,Medium,28,Hindi,RGN038
CUST000626,Nandini Naik,8042269312,Male,Married,1353366,Upper-Middle,Doctor,Low,43,Hindi,RGN048
CUST000627,Meera Krishnan,6637618209,Female,Married,348418,Middle,Driver,High,31,Hindi,RGN039
CUST000628,Neha Saxena,6660100231,Male,Single,1059535,Upper-Middle,Software Engineer,Low,45,Hindi,RGN010
CUST000629,Suresh Gowda,8290018513,Other,Married,887710,Upper-Middle,Software Engineer,Low,40,Hindi,RGN005
CUST000630,Poonam Rajan,7797245723,Male,Married,291116,Low,Farmer,Medium,19,Hindi,RGN029
CUST000631,Rahul Pillai,6848100184,Female,Married,615006,Middle,Software Engineer,Low,56,Hindi,RGN045
CUST000632,Sarika Shah,6862030366,Male,Married,103371,Low,Driver,High,59,Tamil,RGN024
CUST000633,Amrita Mehta,7543617213,Female,Married,2646626,High,Software Engineer,Low,30,Hindi,RGN037
CUST000634,Amrita Venkatesh,6451951510,Female,Single,3455136,High,Doctor,Low,33,Hindi,RGN039
CUST000635,Aditya Kapoor,7268592624,Female,Married,385487,Middle,Teacher,Low,41,Hindi,RGN046
CUST000636,Karan More,8514754102,Female,Married,1428180,Upper-Middle,Business Owner,Medium,42,Hindi,RGN014
CUST000637,Lakshmi Rajan,7526771196,Male,Married,722937,Middle,Real Estate Agent,Medium,45,Hindi,RGN002
CUST000638,Akash Rajan,8215226557,Female,Single,162433,Low,Teacher,Low,62,Hindi,RGN038
CUST000639,Lakshmi Shetty,9769523668,Female,Married,195052,Low,Front Desk Executive,Low,35,Telugu,RGN017
CUST000640,Kritika Krishnan,9887883619,Male,Divorced,2598221,High,Software Engineer,Low,28,Hindi,RGN011
CUST000641,Kavya Gowda,9893135030,Male,Married,945627,Upper-Middle,Software Engineer,Low,21,Hindi,RGN041
CUST000642,Pradeep Srivastava,8872105524,Female,Widowed,275644,Low,Teacher,Low,29,Hindi,RGN048
CUST000643,Swati Das,7430107139,Male,Married,541049,Middle,Software Engineer,Low,37,Hindi,RGN026
CUST000644,Prakash Mehta,7606501917,Other,Married,2868403,High,Business Owner,Medium,59,Telugu,RGN017
CUST000645,Karan Kulkarni,7025213109,Female,Married,213694,Low,Driver,High,31,Hindi,RGN046
CUST000646,Aditya Sharma,9227284765,Male,Married,1315023,Upper-Middle,Software Engineer,Low,40,Telugu,RGN018
CUST000647,Geeta Rao,9041200928,Female,Single,1625191,Upper-Middle,Software Engineer,Low,37,Hindi,RGN010
CUST000648,Karan Krishnan,7066784984,Male,Married,1551106,Upper-Middle,Software Engineer,Low,52,Oriya,RGN031
CUST000649,Vijay Tripathi,7624186236,Female,Married,2155850,High,Software Engineer,Low,65,Telugu,RGN017
CUST000650,Divya Reddy,6362891775,Male,Married,161026,Low,Teacher,Low,31,Telugu,RGN020
CUST000651,Vishal Das,9620563411,Male,Divorced,1198240,Upper-Middle,Business Owner,Medium,32,Hindi,RGN036
CUST000652,Santosh Rajan,6595034281,Female,Married,232230,Low,Driver,High,50,Hindi,RGN050
CUST000653,Divya Mishra,6390438303,Male,Married,204985,Low,Real Estate Agent,Medium,46,Hindi,RGN044
CUST000654,Ananya Gowda,8199097005,Male,Single,2616094,High,Software Engineer,Low,60,Tamil,RGN023
CUST000655,Shweta Srivastava,6405468356,Female,Married,815971,Upper-Middle,Software Engineer,Low,45,Hindi,RGN039
CUST000656,Sandeep Shetty,8215681820,Male,Married,489726,Middle,Hardware Technician,Medium,33,Kannada,RGN021
CUST000657,Rohit Saxena,9790422711,Female,Married,2354367,High,Software Engineer,Low,45,Hindi,RGN029
CUST000658,Pooja Shah,7322889857,Male,Married,1798280,Upper-Middle,Software Engineer,Low,51,Tamil,RGN024
CUST000659,Vikram Kulkarni,7545960633,Male,Married,926755,Upper-Middle,Software Engineer,Low,47,Hindi,RGN049
CUST000660,Tanvi Rao,6297102481,Male,Married,1665302,Upper-Middle,Software Engineer,Low,44,Hindi,RGN048
CUST000661,Aditi Saxena,9175242149,Female,Married,675723,Middle,Software Engineer,Low,50,Hindi,RGN003
CUST000662,Arjun Krishnan,8511274747,Male,Divorced,2650610,High,Software Engineer,Low,52,Oriya,RGN031
CUST000663,Aryan Rajan,7197054669,Male,Married,980420,Upper-Middle,Software Engineer,Low,54,Hindi,RGN044
CUST000664,Ananya Deshpande,7758955168,Male,Single,1348905,Upper-Middle,Software Engineer,Low,45,Hindi,RGN041
CUST000665,Manoj Pillai,9409038021,Male,Married,285880,Low,Driver,High,35,Hindi,RGN041
CUST000666,Mohit Rao,8629613671,Female,Married,311616,Middle,Driver,High,39,Hindi,RGN013
CUST000667,Amrita Shetty,8778711216,Female,Married,1411842,Upper-Middle,Pilot,High,52,Hindi,RGN016
CUST000668,Varun Jadhav,9365155973,Male,Married,179992,Low,Farmer,Medium,28,Telugu,RGN017
CUST000669,Priya Srivastava,9147082723,Female,Married,877688,Upper-Middle,Real Estate Agent,Medium,42,Hindi,RGN008
CUST000670,Varun Pandey,8909605673,Male,Single,187890,Low,Farmer,Medium,33,Hindi,RGN047
CUST000671,Pradeep Shetty,6306442121,Male,Single,718470,Middle,Business Owner,Medium,38,Hindi,RGN046
CUST000672,Aryan Shetty,8614768342,Male,Married,1367222,Upper-Middle,Software Engineer,Low,53,Hindi,RGN028
CUST000673,Aryan Bose,6165423567,Male,Single,1552788,Upper-Middle,Software Engineer,Low,40,Hindi,RGN033
CUST000674,Swati Kulkarni,9826596089,Male,Married,1677377,Upper-Middle,Software Engineer,Low,38,Hindi,RGN047
CUST000675,Bhavna Rao,7199255027,Female,Married,720600,Middle,Software Engineer,Low,21,Telugu,RGN020
CUST000676,Suresh Krishnan,7751648072,Male,Married,244995,Low,Teacher,Low,46,Hindi,RGN010
CUST000677,Karan Shah,9910336829,Female,Single,832767,Upper-Middle,Software Engineer,Low,45,Hindi,RGN036
CUST000678,Prakash Mehta,9353390550,Male,Married,224376,Low,Driver,High,63,Hindi,RGN039
CUST000679,Prakash Tiwari,8481776655,Male,Married,107019,Low,Driver,High,34,Oriya,RGN032
CUST000680,Aditi Shetty,9851276528,Female,Widowed,214018,Low,Hardware Technician,Medium,40,Kannada,RGN021
CUST000681,Sarika Kumar,7866464911,Male,Married,525810,Middle,Business Owner,Medium,40,Hindi,RGN030
CUST000682,Tanvi Shah,6109617981,Male,Married,1603497,Upper-Middle,Software Engineer,Low,56,Telugu,RGN017
CUST000683,Zara Naik,9890463378,Male,Married,138840,Low,Farmer,Medium,36,Hindi,RGN030
CUST000684,Vikram Desai,9137157660,Male,Married,3305461,High,Pilot,High,41,Hindi,RGN026
CUST000685,Nikhil Bose,8384444630,Male,Married,134455,Low,Farmer,Medium,45,Hindi,RGN026
CUST000686,Rajesh Krishnan,9000258955,Female,Single,2006371,High,Doctor,Low,40,Hindi,RGN035
CUST000687,Vikram Chaudhary,7963863960,Female,Married,471571,Middle,Teacher,Low,32,Hindi,RGN041
CUST000688,Lakshmi Kulkarni,9262658263,Female,Single,1132686,Upper-Middle,Software Engineer,Low,40,Hindi,RGN006
CUST000689,Karan Menon,6281964825,Female,Single,2938215,High,Software Engineer,Low,50,Hindi,RGN037
CUST000690,Vinod Menon,7110609209,Female,Married,83279,Low,Farmer,Medium,25,Hindi,RGN043
CUST000691,Deepak Shetty,6960275233,Male,Married,1746126,Upper-Middle,Software Engineer,Low,39,Hindi,RGN013
CUST000692,Amrita Deshpande,8383640412,Male,Married,2326927,High,Software Engineer,Low,29,Hindi,RGN039
CUST000693,Aarav Venkatesh,6911791124,Female,Married,101781,Low,Farmer,Medium,52,Kannada,RGN021
CUST000694,Nandini Kulkarni,8211753617,Female,Married,589665,Middle,Teacher,Low,19,Hindi,RGN007
CUST000695,Geeta Patil,6617136657,Female,Married,2692767,High,Business Owner,Medium,31,Hindi,RGN039
CUST000696,Vishal Hegde,7240299015,Male,Single,383260,Middle,Real Estate Agent,Medium,42,Hindi,RGN034
CUST000697,Nandini Bose,8799802841,Male,Married,160737,Low,Teacher,Low,56,Hindi,RGN048
CUST000698,Isha Pillai,7908088235,Male,Married,537067,Middle,Real Estate Agent,Medium,37,Hindi,RGN006
CUST000699,Sandeep Venkatesh,6305231244,Male,Single,236274,Low,Teacher,Low,31,Telugu,RGN018
CUST000700,Varun Menon,9315847768,Female,Divorced,341977,Middle,Real Estate Agent,Medium,60,Hindi,RGN044
CUST000701,Prakash Chaudhary,9342346199,Male,Married,2196021,High,Business Owner,Medium,20,Hindi,RGN013
CUST000702,Swati Balaji,8237676945,Female,Single,1157239,Upper-Middle,Software Engineer,Low,18,Hindi,RGN015
CUST000703,Anil Shah,6966395517,Female,Married,294457,Low,Driver,High,43,Hindi,RGN033
CUST000704,Anjali Desai,7084964985,Male,Widowed,58495,Low,Farmer,Medium,31,Hindi,RGN008
CUST000705,Vijay Venkatesh,9012562531,Female,Widowed,2074994,High,Business Owner,Medium,25,Hindi,RGN038
CUST000706,Sanjay Menon,7552510505,Male,Married,154276,Low,Driver,High,46,Oriya,RGN031
CUST000707,Sunita Singh,7795381649,Female,Single,2770653,High,Software Engineer,Low,40,Telugu,RGN019
CUST000708,Shweta Naik,7831849196,Female,Married,264958,Low,Teacher,Low,31,Hindi,RGN013
CUST000709,Prakash Deshpande,9553307704,Male,Married,2923044,High,Doctor,Low,22,Hindi,RGN028
CUST000710,Anil Nair,9117295963,Male,Married,974533,Upper-Middle,Software Engineer,Low,48,Hindi,RGN016
CUST000711,Sunil Krishnan,6409074260,Male,Divorced,127283,Low,Hardware Technician,Medium,45,Hindi,RGN030
CUST000712,Manoj Gowda,6501716445,Female,Divorced,1548940,Upper-Middle,Software Engineer,Low,36,Hindi,RGN033
CUST000713,Mohit Gupta,8618579064,Female,Married,1242130,Upper-Middle,Business Owner,Medium,60,Hindi,RGN046
CUST000714,Aditi Srivastava,9715910300,Male,Married,516709,Middle,Teacher,Low,25,Hindi,RGN049
CUST000715,Vijay Verma,7156321358,Male,Single,135165,Low,Farmer,Medium,19,Hindi,RGN037
CUST000716,Ramesh Naik,6040104145,Female,Married,1854160,Upper-Middle,Business Owner,Medium,29,Hindi,RGN028
CUST000717,Priya Chakraborty,9422971252,Female,Single,1562242,Upper-Middle,Software Engineer,Low,37,Hindi,RGN007
CUST000718,Anil Chaudhary,9718839774,Female,Single,74911,Low,Farmer,Medium,40,Telugu,RGN018
CUST000719,Ananya Saxena,8731441583,Male,Married,174593,Low,Driver,High,35,Kannada,RGN022
CUST000720,Prakash Patil,7117030376,Male,Married,952216,Upper-Middle,Software Engineer,Low,42,Hindi,RGN028
CUST000721,Neha Nair,7715398854,Female,Single,2175681,High,Software Engineer,Low,22,Hindi,RGN003
CUST000722,Vishal Tiwari,9281235679,Female,Married,2321338,High,Doctor,Low,55,Hindi,RGN009
CUST000723,Aryan Srivastava,7631462491,Male,Single,243568,Low,Hardware Technician,Medium,37,Hindi,RGN030
CUST000724,Vikram Iyer,7711307240,Male,Married,606434,Middle,Software Engineer,Low,51,Kannada,RGN021
CUST000725,Yash Agarwal,9875418156,Male,Married,3057213,High,Business Owner,Medium,42,Hindi,RGN033
CUST000726,Rahul Iyer,7268685074,Male,Single,1644769,Upper-Middle,Software Engineer,Low,43,Hindi,RGN048
CUST000727,Kunal Dubey,8106634362,Female,Married,1243110,Upper-Middle,Software Engineer,Low,44,Hindi,RGN033
CUST000728,Vinod Nair,8897861031,Male,Married,1640245,Upper-Middle,Software Engineer,Low,43,Hindi,RGN028
CUST000729,Sneha Menon,7100943181,Male,Divorced,401002,Middle,Hardware Technician,Medium,45,Hindi,RGN011
CUST000730,Lakshmi Srivastava,8396661347,Female,Married,127969,Low,Farmer,Medium,53,Telugu,RGN018
CUST000731,Varun Mehta,7235494012,Male,Married,327506,Middle,Real Estate Agent,Medium,40,Hindi,RGN039
CUST000732,Isha Malhotra,9432512257,Male,Married,183723,Low,Driver,High,46,Hindi,RGN004
CUST000733,Kritika Bose,7076502412,Female,Widowed,1556683,Upper-Middle,Software Engineer,Low,36,Hindi,RGN038
CUST000734,Vinod Joshi,6957907371,Male,Married,812635,Upper-Middle,Business Owner,Medium,55,Hindi,RGN016
CUST000735,Rahul Srivastava,6094388221,Female,Married,881755,Upper-Middle,Real Estate Agent,Medium,29,Hindi,RGN016
CUST000736,Poonam Hegde,6457758474,Male,Married,497791,Middle,Software Engineer,Low,59,Hindi,RGN036
CUST000737,Anjali Patel,8705458971,Male,Married,598858,Middle,Software Engineer,Low,37,Oriya,RGN032
CUST000738,Pooja Saxena,8802632570,Male,Married,414278,Middle,Teacher,Low,20,Hindi,RGN029
CUST000739,Bhavna Verma,7965313614,Male,Single,1041355,Upper-Middle,Software Engineer,Low,39,Telugu,RGN018
CUST000740,Karan Deshpande,9824556964,Female,Married,1822790,Upper-Middle,Business Owner,Medium,29,Hindi,RGN036
CUST000741,Amrita Nair,8309859167,Female,Married,687735,Middle,Real Estate Agent,Medium,48,Hindi,RGN013
CUST000742,Bhavna Rajan,8410727284,Female,Divorced,1263614,Upper-Middle,Software Engineer,Low,30,Hindi,RGN027
CUST000743,Anil Sharma,7474140703,Female,Married,341238,Middle,Driver,High,32,Hindi,RGN035
CUST000744,Zara More,8910740650,Male,Divorced,144903,Low,Farmer,Medium,18,Telugu,RGN017
CUST000745,Karan Verma,6425488214,Male,Married,1470718,Upper-Middle,Software Engineer,Low,32,Hindi,RGN038
CUST000746,Sunita Venkatesh,7369143075,Male,Married,2699839,High,Software Engineer,Low,18,Hindi,RGN033
CUST000747,Sapna Chakraborty,7666144942,Male,Married,722849,Middle,Real Estate Agent,Medium,18,Hindi,RGN027
CUST000748,Siddharth Tripathi,9592342683,Female,Married,955016,Upper-Middle,Business Owner,Medium,47,Hindi,RGN003
CUST000749,Aarav Pillai,8414978266,Male,Single,853493,Upper-Middle,Software Engineer,Low,47,Hindi,RGN004
CUST000750,Prakash Shah,6287585756,Female,Married,97812,Low,Farmer,Medium,43,Hindi,RGN016
CUST000751,Gaurav Kulkarni,9667080612,Male,Married,1099638,Upper-Middle,Software Engineer,Low,26,Hindi,RGN037
CUST000752,Akash Naik,8398529894,Female,Married,953761,Upper-Middle,Software Engineer,Low,37,Hindi,RGN001
CUST000753,Anjali Jadhav,6626078701,Female,Married,1309012,Upper-Middle,Software Engineer,Low,37,Hindi,RGN042
CUST000754,Gaurav Kumar,6415914975,Male,Married,242628,Low,Driver,High,24,Hindi,RGN029
CUST000755,Anil Srivastava,6198038287,Male,Married,1794436,Upper-Middle,Business Owner,Medium,56,Hindi,RGN046
CUST000756,Arjun Das,7324407931,Male,Single,204631,Low,Front Desk Executive,Low,48,Hindi,RGN016
CUST000757,Ramesh Deshpande,6029181331,Female,Married,498052,Middle,Hardware Technician,Medium,35,Kannada,RGN021
CUST000758,Ramesh Chaudhary,9087601467,Female,Married,1288454,Upper-Middle,Software Engineer,Low,38,Hindi,RGN036
CUST000759,Mohit Saxena,7384979162,Male,Widowed,110901,Low,Farmer,Medium,40,Hindi,RGN009
CUST000760,Vijay Iyer,6223288377,Female,Divorced,355709,Middle,Real Estate Agent,Medium,18,Hindi,RGN033
CUST000761,Sandeep Nair,8419754661,Male,Divorced,111229,Low,Hardware Technician,Medium,35,Hindi,RGN048
CUST000762,Sandeep Malhotra,9662047196,Female,Married,200235,Low,Farmer,Medium,29,Hindi,RGN003
CUST000763,Yash Balaji,6940970527,Female,Single,2650702,High,Software Engineer,Low,25,Hindi,RGN003
CUST000764,Nikhil Reddy,9402588358,Female,Married,1353677,Upper-Middle,Real Estate Agent,Medium,34,Hindi,RGN013
CUST000765,Lakshmi Mishra,9812259572,Male,Married,1354221,Upper-Middle,Software Engineer,Low,59,Hindi,RGN049
CUST000766,Isha Iyer,8461767929,Female,Married,305098,Middle,Teacher,Low,45,Hindi,RGN016
CUST000767,Vishal Bose,8259959961,Female,Married,3913893,High,Business Owner,Medium,31,Hindi,RGN005
CUST000768,Kunal Srivastava,6023117753,Female,Married,469709,Middle,Real Estate Agent,Medium,44,Hindi,RGN049
CUST000769,Swati Joshi,7126610941,Male,Married,1079171,Upper-Middle,Software Engineer,Low,54,Hindi,RGN048
CUST000770,Geeta Balaji,6175902517,Female,Married,1980967,Upper-Middle,Software Engineer,Low,49,Hindi,RGN033
CUST000771,Tanvi Pandey,9298334774,Female,Married,394420,Middle,Real Estate Agent,Medium,38,Hindi,RGN016
CUST000772,Ravi Rao,7326831901,Female,Single,252678,Low,Front Desk Executive,Low,30,Hindi,RGN037
CUST000773,Bhavna Venkatesh,7020569815,Male,Married,312696,Middle,Teacher,Low,46,Hindi,RGN042
CUST000774,Meera Tripathi,7873397855,Female,Single,551516,Middle,Software Engineer,Low,42,Hindi,RGN014
CUST000775,Swati Jadhav,7176619128,Male,Married,80666,Low,Farmer,Medium,48,Hindi,RGN048
CUST000776,Aarav Reddy,8117309850,Female,Widowed,4723561,High,Pilot,High,45,Oriya,RGN031
CUST000777,Ravi Menon,7446512418,Male,Married,4874857,High,Doctor,Low,50,Hindi,RGN029
CUST000778,Suresh Nair,7898469081,Female,Married,2416246,High,Software Engineer,Low,31,Hindi,RGN041
CUST000779,Poonam Deshpande,9400564350,Male,Married,1885718,Upper-Middle,Software Engineer,Low,53,Hindi,RGN025
CUST000780,Pradeep Pandey,7385037199,Female,Married,706162,Middle,Real Estate Agent,Medium,40,Telugu,RGN020
CUST000781,Pooja Kapoor,6849588039,Male,Married,492104,Middle,Teacher,Low,62,Hindi,RGN045
CUST000782,Aarav More,8010783567,Male,Married,91001,Low,Farmer,Medium,29,Hindi,RGN016
CUST000783,Poonam Verma,8300038960,Male,Single,1215101,Upper-Middle,Software Engineer,Low,58,Hindi,RGN025
CUST000784,Swati Krishnan,9066266821,Female,Married,90000,Low,Driver,High,40,Telugu,RGN020
CUST000785,Lakshmi Joshi,9195535603,Male,Single,208395,Low,Front Desk Executive,Low,30,Hindi,RGN009
CUST000786,Priya Balaji,7190368900,Male,Married,433431,Middle,Real Estate Agent,Medium,32,Kannada,RGN021
CUST000787,Shweta Patil,7010272405,Male,Married,204838,Low,Driver,High,34,Kannada,RGN021
CUST000788,Ravi Venkatesh,8934296711,Female,Divorced,1767256,Upper-Middle,Business Owner,Medium,43,Hindi,RGN001
CUST000789,Bhavna Malhotra,6483753745,Female,Divorced,161032,Low,Teacher,Low,44,Hindi,RGN030
CUST000790,Uday Kumar,8384588105,Male,Married,1239387,Upper-Middle,Software Engineer,Low,31,Hindi,RGN014
CUST000791,Aryan Venkatesh,9974132834,Male,Married,261470,Low,Farmer,Medium,37,Telugu,RGN019
CUST000792,Deepak Subramanian,7152037710,Female,Widowed,190813,Low,Driver,High,63,Hindi,RGN049
CUST000793,Deepa Reddy,9044964104,Female,Married,187164,Low,Farmer,Medium,58,Hindi,RGN033
CUST000794,Siddharth Nair,9706670336,Male,Married,1622517,Upper-Middle,Software Engineer,Low,43,Hindi,RGN004
CUST000795,Sarika Naik,7680408509,Female,Widowed,586863,Middle,Real Estate Agent,Medium,38,Hindi,RGN041
CUST000796,Pooja Shah,8493059660,Female,Married,2086128,High,Pilot,High,39,Hindi,RGN046
CUST000797,Nikhil Dubey,6864876998,Male,Single,722437,Middle,Business Owner,Medium,45,Telugu,RGN019
CUST000798,Santosh Patel,8267320441,Female,Married,1751066,Upper-Middle,Software Engineer,Low,25,Hindi,RGN002
CUST000799,Divya Kapoor,7845960945,Male,Single,4394790,High,Pilot,High,34,Hindi,RGN039
CUST000800,Poonam Iyer,8490149542,Male,Married,2598438,High,Doctor,Low,18,Hindi,RGN012
CUST000801,Siddharth Saxena,9707070578,Male,Married,115022,Low,Farmer,Medium,42,Hindi,RGN042
CUST000802,Rahul Kapoor,7609149851,Female,Single,1122112,Upper-Middle,Software Engineer,Low,45,Kannada,RGN021
CUST000803,Karan Balaji,9244472322,Female,Widowed,1362555,Upper-Middle,Software Engineer,Low,32,Telugu,RGN019
CUST000804,Rekha Verma,6310287950,Male,Divorced,192869,Low,Driver,High,56,Hindi,RGN040
CUST000805,Gaurav Agarwal,7044058093,Female,Married,271561,Low,Teacher,Low,23,Hindi,RGN015
CUST000806,Deepak Dubey,8118718133,Male,Married,425987,Middle,Teacher,Low,20,Telugu,RGN017
CUST000807,Varun Rajan,8956164205,Male,Married,2452458,High,Doctor,Low,40,Hindi,RGN038
CUST000808,Aryan Rao,71903XXXXX,Female,Married,652162,Middle,Software Engineer,Low,50,Hindi,RGN050
CUST000809,Prakash Naik,6429019358,Male,Divorced,224017,Low,Hardware Technician,Medium,58,Hindi,RGN014
CUST000810,Meera Shah,8369026113,Female,Married,1670584,Upper-Middle,Software Engineer,Low,32,Telugu,RGN018
CUST000811,Anil Tripathi,9818097887,Male,Widowed,105708,Low,Farmer,Medium,50,Telugu,RGN018
CUST000812,Aditya Chaudhary,8439435353,Female,Married,211280,Low,Front Desk Executive,Low,37,Hindi,RGN039
CUST000813,Sunil Saxena,9513765158,Male,Single,1470532,Upper-Middle,Software Engineer,Low,35,Hindi,RGN015
CUST000814,Bhavna Joshi,6579376392,Female,Married,1967547,Upper-Middle,Doctor,Low,48,Hindi,RGN050
CUST000815,Sarika Kulkarni,7692944551,Female,Single,1307410,Upper-Middle,Software Engineer,Low,45,Hindi,RGN044
CUST000816,Anil Kulkarni,6668297327,Male,Married,186190,Low,Driver,High,19,Hindi,RGN048
CUST000817,Prakash Krishnan,6216487120,Female,Married,1532203,Upper-Middle,Software Engineer,Low,55,Telugu,RGN020
CUST000818,Harsha Patel,9021288665,Male,Married,1257360,Upper-Middle,Real Estate Agent,Medium,54,Hindi,RGN015
CUST000819,Priya Nair,7683415599,Female,Widowed,708830,Middle,Software Engineer,Low,30,Hindi,RGN028
CUST000820,Amrita Mehta,6015767647,Female,Single,2277009,High,Software Engineer,Low,42,Hindi,RGN041
CUST000821,Anil Verma,7298120995,Male,Single,498390,Middle,Software Engineer,Low,43,Kannada,RGN022
CUST000822,Aditya Shah,9657289413,Male,Married,109243,Low,Front Desk Executive,Low,41,Hindi,RGN050
CUST000823,Rekha Hegde,8775965555,Male,Married,1327117,Upper-Middle,Business Owner,Medium,31,Hindi,RGN011
CUST000824,Divya Saxena,8565220368,Male,Single,1981231,Upper-Middle,Software Engineer,Low,29,Hindi,RGN025
CUST000825,Sandeep Pillai,8995154214,Female,Single,1153495,Upper-Middle,Doctor,Low,37,Hindi,RGN013
CUST000826,Manoj Patel,9552314913,Male,Married,1205126,Upper-Middle,Real Estate Agent,Medium,52,Hindi,RGN015
CUST000827,Kritika Kumar,8213882090,Male,Married,276117,Low,Farmer,Medium,44,Hindi,RGN039
CUST000828,Aditya Dubey,7070534967,Male,Married,924697,Upper-Middle,Doctor,Low,33,Hindi,RGN043
CUST000829,Kavya Kapoor,7741176741,Female,Married,2155952,High,Doctor,Low,47,Hindi,RGN038
CUST000830,Aarav Agarwal,7415131528,Male,Married,1528244,Upper-Middle,Software Engineer,Low,18,Hindi,RGN002
CUST000831,Sandeep Naik,8478150618,Female,Married,177816,Low,Driver,High,51,Hindi,RGN001
CUST000832,Bhavna Desai,8380032963,Male,Widowed,305314,Middle,Teacher,Low,18,Telugu,RGN018
CUST000833,Mohit Hegde,7472727423,Male,Married,2365650,High,Doctor,Low,33,Hindi,RGN048
CUST000834,Nikhil Gupta,6830617893,Female,Single,757725,Middle,Software Engineer,Low,24,Hindi,RGN035
CUST000835,Mohit Deshpande,7064969357,Male,Single,206925,Low,Teacher,Low,22,Telugu,RGN020
CUST000836,Yash Gowda,7434776958,Male,Married,1394594,Upper-Middle,Doctor,Low,51,Hindi,RGN003
CUST000837,Tanvi Chaudhary,9413146753,Female,Married,1543153,Upper-Middle,Software Engineer,Low,32,Hindi,RGN002
CUST000838,Sarika Patil,9127515627,Female,Married,157232,Low,Farmer,Medium,42,Hindi,RGN012
CUST000839,Siddharth Patel,9963044836,Male,Married,2635374,High,Pilot,High,37,Hindi,RGN012
CUST000840,Vishal Venkatesh,6854566766,Female,Married,993095,Upper-Middle,Software Engineer,Low,43,Hindi,RGN030
CUST000841,Rekha Reddy,8047350476,Female,Married,195214,Low,Farmer,Medium,38,Hindi,RGN047
CUST000842,Yash Bose,7928319952,Male,Married,3194307,High,Pilot,High,22,Hindi,RGN038
CUST000843,Varun Nair,6061558108,Male,Married,236077,Low,Farmer,Medium,49,Hindi,RGN047
CUST000844,Meera Hegde,7583286342,Male,Married,87939,Low,Farmer,Medium,32,Hindi,RGN010
CUST000845,Rohit Singh,8563830008,Male,Widowed,1195483,Upper-Middle,Doctor,Low,19,Hindi,RGN002
CUST000846,Sarika Kapoor,6867024403,Male,Widowed,187182,Low,Front Desk Executive,Low,32,Hindi,RGN016
CUST000847,Vijay Malhotra,7041662411,Male,Married,268930,Low,Front Desk Executive,Low,56,Tamil,RGN023
CUST000848,Deepak Shetty,6860089219,Male,Married,388969,Middle,Teacher,Low,48,Hindi,RGN036
CUST000849,Arjun Mishra,9394568044,Male,Married,175800,Low,Front Desk Executive,Low,33,Kannada,RGN022
CUST000850,Sapna Srivastava,9314976461,Female,Married,274507,Low,Teacher,Low,33,Hindi,RGN049
CUST000851,Sapna Srivastava,7684748836,Female,Married,2358834,High,Software Engineer,Low,34,Telugu,RGN017
CUST000852,Rahul Rao,6765817390,Female,Single,222911,Low,Hardware Technician,Medium,62,Hindi,RGN009
CUST000853,Aarav More,9375791452,Male,Married,2193387,High,Software Engineer,Low,42,Hindi,RGN041
CUST000854,Nikhil Menon,6182379312,Female,Married,431736,Middle,Software Engineer,Low,43,Tamil,RGN024
CUST000855,Prakash Gowda,9978930746,Male,Single,2275359,High,Software Engineer,Low,50,Hindi,RGN043
CUST000856,Yash Rajan,8520599604,Male,Married,226075,Low,Teacher,Low,40,Kannada,RGN022
CUST000857,Tanvi Rao,7878753577,Female,Married,719724,Middle,Software Engineer,Low,34,Hindi,RGN036
CUST000858,Deepa Iyer,6161620281,Female,Divorced,2461195,High,Business Owner,Medium,35,Hindi,RGN043
CUST000859,Akash Iyer,7371067287,Male,Single,278409,Low,Hardware Technician,Medium,37,Hindi,RGN006
CUST000860,Deepak Bose,7866041644,Female,Widowed,974649,Upper-Middle,Software Engineer,Low,37,Hindi,RGN002
CUST000861,Aryan Kulkarni,8959224839,Male,Single,2270920,High,Business Owner,Medium,46,Hindi,RGN006
CUST000862,Anjali Mishra,8894773522,Male,Married,240543,Low,Hardware Technician,Medium,38,Hindi,RGN014
CUST000863,Deepak Iyer,9056227104,Female,Married,2946641,High,Doctor,Low,46,Hindi,RGN047
CUST000864,Kritika Joshi,7318751097,Male,Married,662715,Middle,Doctor,Low,37,Telugu,RGN018
CUST000865,Amrita Menon,7158350344,Female,Married,160782,Low,Farmer,Medium,38,Hindi,RGN048
CUST000866,Akash Shetty,9945964883,Female,Married,222867,Low,Teacher,Low,18,Hindi,RGN044
CUST000867,Santosh Joshi,6921342491,Female,Married,163303,Low,Front Desk Executive,Low,48,Hindi,RGN038
CUST000868,Sunita Dubey,7896599949,Female,Divorced,488206,Middle,Software Engineer,Low,42,Hindi,RGN036
CUST000869,Shruti Gowda,9320331922,Female,Single,1498677,Upper-Middle,Software Engineer,Low,49,Hindi,RGN042
CUST000870,Mohit Shetty,7705102876,Male,Widowed,2377121,High,Business Owner,Medium,18,Hindi,RGN008
CUST000871,Aditi More,9548138666,Female,Single,459713,Middle,Teacher,Low,63,Hindi,RGN013
CUST000872,Mohit Gupta,9548581932,Female,Married,3791112,High,Business Owner,Medium,36,Hindi,RGN041
CUST000873,Aditya Mishra,8268774186,Male,Married,170645,Low,Driver,High,51,Hindi,RGN025
CUST000874,Vishal Pandey,8205756398,Female,Married,550637,Middle,Teacher,Low,25,Hindi,RGN013
CUST000875,Bhavna Pillai,7652037583,Female,Married,110591,Low,Farmer,Medium,45,Kannada,RGN021
CUST000876,Sneha Shah,6945154809,Male,Married,1267115,Upper-Middle,Business Owner,Medium,25,Hindi,RGN015
CUST000877,Santosh Bose,8047604409,Female,Single,187872,Low,Driver,High,30,Telugu,RGN019
CUST000878,Vikram Kulkarni,6797727810,Male,Widowed,566698,Middle,Software Engineer,Low,60,Telugu,RGN018
CUST000879,Manoj Verma,8092221610,Male,Married,1450397,Upper-Middle,Software Engineer,Low,35,Kannada,RGN022
CUST000880,Vinod Chaudhary,9051843905,Female,Married,374796,Middle,Software Engineer,Low,40,Hindi,RGN036
CUST000881,Manoj Sharma,8295806601,Female,Single,329589,Middle,Teacher,Low,48,Hindi,RGN006
CUST000882,Priya Menon,7824127049,Female,Married,1630774,Upper-Middle,Software Engineer,Low,43,Tamil,RGN024
CUST000883,Nandini Tripathi,7862044851,Female,Single,458217,Middle,Software Engineer,Low,39,Hindi,RGN036
CUST000884,Neha Joshi,8791971112,Female,Single,213715,Low,Farmer,Medium,42,Hindi,RGN009
CUST000885,Sandeep Naik,6259020357,Female,Married,243524,Low,Front Desk Executive,Low,65,Hindi,RGN005
CUST000886,Nandini Kumar,6343240642,Male,Single,179997,Low,Front Desk Executive,Low,37,Hindi,RGN044
CUST000887,Kavya Kulkarni,8295633432,Female,Married,107407,Low,Farmer,Medium,40,Hindi,RGN009
CUST000888,Anil Krishnan,8474175955,Male,Married,2430199,High,Software Engineer,Low,50,Kannada,RGN021
CUST000889,Bhavna Krishnan,9209628936,Male,Widowed,312816,Middle,Driver,High,51,Hindi,RGN025
CUST000890,Rohit Bose,8435884183,Male,Married,3326230,High,Pilot,High,52,Hindi,RGN038
CUST000891,Deepak Malhotra,8374018272,Male,Married,1040048,Upper-Middle,Software Engineer,Low,45,Hindi,RGN035
CUST000892,Priya Pillai,9955969051,Female,Single,126373,Low,Front Desk Executive,Low,24,Hindi,RGN006
CUST000893,Shweta Rao,8026755125,Male,Married,204924,Low,Hardware Technician,Medium,57,Hindi,RGN043
CUST000894,Divya Tiwari,8278207979,Female,Married,1593918,Upper-Middle,Software Engineer,Low,24,Hindi,RGN047
CUST000895,Sandeep Subramanian,9673459576,Male,Married,398674,Middle,Driver,High,41,Oriya,RGN031
CUST000896,Harsha Patel,8038166496,Female,Married,3065940,High,Business Owner,Medium,28,Hindi,RGN045
CUST000897,Divya Subramanian,6282498392,Female,Married,217000,Low,Driver,High,37,Hindi,RGN006
CUST000898,Mohit Mishra,7501425762,Male,Married,1618312,Upper-Middle,Doctor,Low,41,Hindi,RGN014
CUST000899,Harsha Chakraborty,9023244123,Male,Married,2724749,High,Software Engineer,Low,41,Hindi,RGN013
CUST000900,Deepa Tripathi,7613285072,Female,Single,380711,Middle,Teacher,Low,43,Hindi,RGN013
CUST000901,Shweta Gupta,8178637673,Male,Married,1195207,Upper-Middle,Software Engineer,Low,57,Hindi,RGN026
CUST000902,Aarav Nair,6625265469,Other,Widowed,175548,Low,Driver,High,43,Hindi,RGN036
CUST000903,Geeta Kapoor,9815790392,Male,Widowed,1126996,Upper-Middle,Business Owner,Medium,35,Hindi,RGN013
CUST000904,Nandini Pillai,7555809961,Female,Married,190223,Low,Driver,High,49,Oriya,RGN031
CUST000905,Priya Joshi,7273034615,Male,Married,1105666,Upper-Middle,Software Engineer,Low,52,Hindi,RGN028
CUST000906,Vishal Srivastava,9262446704,Male,Single,197533,Low,Driver,High,23,Hindi,RGN001
CUST000907,Nikhil Rajan,9226817151,Female,Married,252514,Low,Front Desk Executive,Low,45,Hindi,RGN025
CUST000908,Ananya Deshpande,9025298670,Female,Single,212988,Low,Farmer,Medium,46,Hindi,RGN047
CUST000909,Aryan Saxena,9660464197,Male,Married,1590358,Upper-Middle,Software Engineer,Low,34,Hindi,RGN012
CUST000910,Ananya Mishra,8758512686,Male,Married,798506,Middle,Business Owner,Medium,54,Hindi,RGN045
CUST000911,Sanjay Krishnan,6205943897,Male,Married,221242,Low,Teacher,Low,36,Hindi,RGN012
CUST000912,Lakshmi Balaji,9074017750,Male,Married,690218,Middle,Software Engineer,Low,39,Hindi,RGN013
CUST000913,Mohit More,84654XXXXX,Male,Single,1846676,Upper-Middle,Software Engineer,Low,35,Hindi,RGN025
CUST000914,Siddharth Patil,8607540915,Male,Married,754563,Middle,Software Engineer,Low,38,Hindi,RGN008
CUST000915,Kavya Patel,6015767647,Female,Married,165592,Low,Driver,High,24,Hindi,RGN005
CUST000916,Yash Verma,9645793897,Male,Married,1463196,Upper-Middle,Pilot,High,20,Hindi,RGN028
CUST000917,Vijay Desai,6155029168,Female,Single,2266848,High,Software Engineer,Low,57,Hindi,RGN007
CUST000918,Swati Shetty,6546602416,Female,Married,379972,Middle,Software Engineer,Low,27,Oriya,RGN032
CUST000919,Nandini Kumar,6394498830,Male,Single,517748,Middle,Software Engineer,Low,26,Hindi,RGN046
CUST000920,Sanjay Rao,8973642480,Female,Married,2308279,High,Business Owner,Medium,18,Oriya,RGN032
CUST000921,Pooja Tripathi,9244063062,Male,Married,3210834,High,Business Owner,Medium,30,Hindi,RGN003
CUST000922,Akash Mishra,8479513305,Female,Widowed,119652,Low,Farmer,Medium,22,Hindi,RGN012
CUST000923,Aarav Chakraborty,71949XXXXX,Other,Married,296609,Low,Driver,High,57,Telugu,RGN019
CUST000924,Rahul More,9780555572,Female,Married,2002430,High,Business Owner,Medium,50,Hindi,RGN037
CUST000925,Manoj Shetty,9738264609,Female,Married,212144,Low,Front Desk Executive,Low,29,Hindi,RGN003
CUST000926,Shweta Hegde,6785138544,Female,Single,502469,Middle,Software Engineer,Low,65,Hindi,RGN002
CUST000927,Sandeep Agarwal,8770299295,Female,Divorced,144930,Low,Driver,High,49,Hindi,RGN010
CUST000928,Akash Tiwari,9604873682,Male,Married,164244,Low,Driver,High,34,Hindi,RGN041
CUST000929,Aditya Dubey,9911633194,Male,Married,2230845,High,Software Engineer,Low,18,Hindi,RGN005
CUST000930,Sarika Patel,7268653694,Female,Married,1456328,Upper-Middle,Software Engineer,Low,65,Hindi,RGN043
CUST000931,Isha Reddy,8515888636,Female,Married,4030884,High,Doctor,Low,21,Hindi,RGN025
CUST000932,Amrita Tripathi,9747226408,Female,Married,138505,Low,Farmer,Medium,18,Hindi,RGN026
CUST000933,Neha Krishnan,8721696663,Female,Married,343887,Middle,Real Estate Agent,Medium,50,Hindi,RGN036
CUST000934,Pooja Iyer,6932998199,Male,Married,548975,Middle,Business Owner,Medium,65,Kannada,RGN021
CUST000935,Suresh Kapoor,9059329715,Male,Single,2099975,High,Pilot,High,54,Hindi,RGN048
CUST000936,Kunal Das,6968832753,Female,Married,178180,Low,Farmer,Medium,44,Hindi,RGN036
CUST000937,Mohit Gowda,7735241039,Male,Married,494210,Middle,Hardware Technician,Medium,45,Tamil,RGN023
CUST000938,Rajesh Malhotra,9739732781,Male,Married,2236770,High,Software Engineer,Low,48,Hindi,RGN039
CUST000939,Deepa Tripathi,8237100687,Male,Married,874656,Upper-Middle,Real Estate Agent,Medium,47,Hindi,RGN015
CUST000940,Rohit Krishnan,9164819807,Male,Single,1288839,Upper-Middle,Software Engineer,Low,41,Hindi,RGN025
CUST000941,Anil Pillai,9046056876,Female,Single,117218,Low,Driver,High,39,Telugu,RGN020
CUST000942,Aditya Tiwari,6124912565,Female,Married,1354465,Upper-Middle,Real Estate Agent,Medium,37,Oriya,RGN031
CUST000943,Uday Saxena,7373415177,Male,Married,412181,Middle,Teacher,Low,28,Hindi,RGN025
CUST000944,Zara Agarwal,7454757494,Male,Married,1062957,Upper-Middle,Software Engineer,Low,34,Hindi,RGN026
CUST000945,Siddharth Tiwari,6228403595,Female,Married,1189217,Upper-Middle,Business Owner,Medium,18,Hindi,RGN041
CUST000946,Aditi Pandey,8429477422,Female,Married,1008986,Upper-Middle,Software Engineer,Low,36,Hindi,RGN040
CUST000947,Swati Jadhav,7946430394,Male,Married,1078954,Upper-Middle,Software Engineer,Low,26,Hindi,RGN042
CUST000948,Isha Rajan,7904588679,Male,Married,921123,Upper-Middle,Software Engineer,Low,24,Hindi,RGN041
CUST000949,Kavya Nair,,Female,Married,94329,Low,Farmer,Medium,40,Hindi,RGN012
CUST000950,Sanjay Dubey,7872760153,Female,Married,316004,Middle,Teacher,Low,54,Hindi,RGN027
CUST000951,Ravi Srivastava,8332491357,Female,Married,272058,Low,Farmer,Medium,49,Hindi,RGN003
CUST000952,Ananya Nair,9908335061,Female,Married,124209,Low,Hardware Technician,Medium,19,Hindi,RGN008
CUST000953,Harsha Rajan,8814888107,Female,Married,290424,Low,Driver,High,26,Hindi,RGN001
CUST000954,Geeta Gupta,7342337209,Female,Married,1394958,Upper-Middle,Software Engineer,Low,49,Oriya,RGN032
CUST000955,Ravi Das,8106727520,Male,Married,396794,Middle,Teacher,Low,26,Hindi,RGN013
CUST000956,Aditya Rajan,7339977180,Male,Married,136819,Low,Driver,High,35,Telugu,RGN018
CUST000957,Varun Hegde,8137171731,Female,Single,97969,Low,Farmer,Medium,44,Hindi,RGN049
CUST000958,Rekha Pandey,7974909617,Female,Single,134408,Low,Farmer,Medium,26,Hindi,RGN029
CUST000959,Nandini Kulkarni,7997046947,Male,Married,588145,Middle,Business Owner,Medium,39,Hindi,RGN010
CUST000960,Isha Mishra,7587844483,Female,Single,741871,Middle,Software Engineer,Low,21,Telugu,RGN019
CUST000961,Prakash Hegde,8488471270,Female,Married,169770,Low,Front Desk Executive,Low,30,Hindi,RGN012
CUST000962,Vijay Patil,8877221641,Male,Married,1429122,Upper-Middle,Doctor,Low,41,Telugu,RGN020
CUST000963,Uday Naik,9582313348,Female,Widowed,2681271,High,Doctor,Low,18,Hindi,RGN009
CUST000964,Vinod Venkatesh,8587149392,Male,Married,204105,Low,Teacher,Low,43,Hindi,RGN048
CUST000965,Vishal Kapoor,8236229258,Female,Single,194185,Low,Driver,High,37,Hindi,RGN006
CUST000966,Rekha Srivastava,9964347452,Male,Single,332232,Middle,Front Desk Executive,Low,44,Hindi,RGN011
CUST000967,Sunita Gowda,8555746966,Female,Married,2051950,High,Software Engineer,Low,40,Hindi,RGN007
CUST000968,Isha Krishnan,6606527403,Female,Married,654580,Middle,Real Estate Agent,Medium,54,Telugu,RGN018
CUST000969,Gaurav Chakraborty,7445056658,Female,Married,2844512,High,Doctor,Low,39,Hindi,RGN038
CUST000970,Poonam Chakraborty,7398741132,Other,Single,1146190,Upper-Middle,Business Owner,Medium,32,Hindi,RGN033
CUST000971,Rekha Bose,8797067349,Male,Married,215634,Low,Driver,High,39,Hindi,RGN045
CUST000972,Lakshmi Kulkarni,9010548574,Male,Married,598792,Middle,Business Owner,Medium,44,Hindi,RGN042
CUST000973,Arjun Bose,6721562294,Female,Divorced,229786,Low,Front Desk Executive,Low,38,Telugu,RGN019
CUST000974,Arjun Jadhav,7817359848,Male,Single,150875,Low,Farmer,Medium,38,Hindi,RGN041
CUST000975,Lakshmi Reddy,8021557325,Male,Married,471148,Middle,Hardware Technician,Medium,29,Hindi,RGN037
CUST000976,Rekha Pillai,9375534490,Male,Widowed,727812,Middle,Business Owner,Medium,30,Hindi,RGN012
CUST000977,Kritika Das,7166670808,Male,Single,4307674,High,Doctor,Low,21,Kannada,RGN021
CUST000978,Sunil Mishra,8096085874,Female,Married,95015,Low,Driver,High,58,Hindi,RGN048
CUST000979,Varun Jadhav,8119181828,Male,Married,1302696,Upper-Middle,Software Engineer,Low,23,Hindi,RGN034
CUST000980,Sanjay Mishra,6979316477,Female,Married,452634,Middle,Real Estate Agent,Medium,29,Telugu,RGN019
CUST000981,Manoj Kapoor,7512957860,Female,Married,1208267,Upper-Middle,Software Engineer,Low,29,Hindi,RGN044
CUST000982,Yash Patil,9940960035,Female,Married,2061611,High,Doctor,Low,48,Telugu,RGN017
CUST000983,Vijay Mehta,9243958739,Female,Married,1571989,Upper-Middle,Pilot,High,34,Hindi,RGN008
CUST000984,Rahul Kumar,8923234210,Female,Single,1145312,Upper-Middle,Software Engineer,Low,52,Hindi,RGN025
CUST000985,Zara Iyer,6285155333,Male,Married,209601,Low,Driver,High,29,Hindi,RGN027
CUST000986,Santosh Saxena,8264335027,Female,Single,3544783,High,Business Owner,Medium,41,Hindi,RGN047
CUST000987,Sandeep Kapoor,6607360776,Male,Married,162642,Low,Teacher,Low,27,Hindi,RGN028
CUST000988,Nikhil Gupta,7369112898,Female,Single,477044,Middle,Teacher,Low,63,Hindi,RGN013
CUST000989,Rahul Rao,6231795563,Female,Single,159882,Low,Front Desk Executive,Low,23,Kannada,RGN022
CUST000990,Santosh Subramanian,7185748170,Female,Married,1978256,Upper-Middle,Software Engineer,Low,41,Hindi,RGN041
CUST000991,Aryan Shetty,6666155416,Male,Widowed,1139128,Upper-Middle,Software Engineer,Low,45,Hindi,RGN030
CUST000992,Ravi Verma,8316704502,Female,Married,2329615,High,Business Owner,Medium,42,Hindi,RGN016
CUST000993,Rohit Shetty,7290282270,Male,Divorced,2872520,High,Software Engineer,Low,35,Hindi,RGN003
CUST000994,Rahul Kapoor,6934596262,Female,Married,1622550,Upper-Middle,Software Engineer,Low,36,Hindi,RGN038
CUST000995,Anjali Krishnan,7822512073,Female,Single,1293518,Upper-Middle,Software Engineer,Low,38,Hindi,RGN042
CUST000996,Aarav Sharma,8654950050,Female,Married,2389091,High,Software Engineer,Low,36,Hindi,RGN029
CUST000997,Deepa Mishra,9026086982,Male,Married,140901,Low,Farmer,Medium,49,Hindi,RGN012
CUST000998,Aarav Sharma,7105316117,Male,Married,1068906,Upper-Middle,Doctor,Low,64,Hindi,RGN028
CUST000999,Deepak Mishra,9687290477,Male,Married,1651426,Upper-Middle,Software Engineer,Low,31,Hindi,RGN050
CUST001000,Divya Agarwal,8258591779,Male,Married,150266,Low,Teacher,Low,21,Hindi,RGN034
CUST001001,Yash Nair,7238223116,Female,Married,342294,Middle,Driver,High,36,Kannada,RGN021
CUST001002,Prakash Desai,8913342457,Male,Married,283291,Low,Teacher,Low,65,Kannada,RGN021
CUST001003,Uday Malhotra,8256529060,Male,Married,755925,Middle,Software Engineer,Low,28,Hindi,RGN004
CUST001004,Shweta Rajan,7202032650,Female,Married,330989,Middle,Driver,High,57,Hindi,RGN047
CUST001005,Lakshmi Reddy,9753967379,Female,Single,1455041,Upper-Middle,Business Owner,Medium,58,Telugu,RGN018
CUST001006,Ramesh Kapoor,,Female,Single,2725332,High,Software Engineer,Low,31,Tamil,RGN023
CUST001007,Arjun Mishra,8787158415,Male,Married,1571776,Upper-Middle,Business Owner,Medium,44,Hindi,RGN014
CUST001008,Gaurav Subramanian,9082137118,Female,Married,309653,Middle,Driver,High,57,Telugu,RGN017
CUST001009,Ramesh More,8254768182,Male,Married,407512,Middle,Teacher,Low,33,Hindi,RGN029
CUST001010,Pooja Malhotra,9832303589,Male,Single,1108654,Upper-Middle,Software Engineer,Low,35,Hindi,RGN038
CUST001011,Karan Kulkarni,7988085838,Male,Divorced,397735,Middle,Teacher,Low,31,Hindi,RGN006
CUST001012,Aditi Rao,7521293289,Male,Married,149384,Low,Hardware Technician,Medium,25,Telugu,RGN018
CUST001013,Ravi Naik,9340646867,Male,Married,2414696,High,Business Owner,Medium,30,Hindi,RGN037
CUST001014,Prakash Patel,9524014843,Female,Married,2277218,High,Business Owner,Medium,23,Tamil,RGN024
CUST001015,Aditya Pillai,6062272362,Female,Divorced,112548,Low,Front Desk Executive,Low,38,Tamil,RGN024
CUST001016,Bhavna Shah,9693351342,Male,Single,550821,Middle,Teacher,Low,28,Hindi,RGN011
CUST001017,Priya Jadhav,9192372450,Male,Divorced,937703,Upper-Middle,Software Engineer,Low,40,Hindi,RGN012
CUST001018,Kavya Singh,6848197374,Female,Married,1331756,Upper-Middle,Software Engineer,Low,19,Hindi,RGN012
CUST001019,Aryan Kapoor,6897215406,Female,Single,125196,Low,Driver,High,41,Hindi,RGN046
CUST001020,Vinod Shetty,8176927438,Male,Married,788105,Middle,Real Estate Agent,Medium,48,Hindi,RGN012
CUST001021,Deepa Kulkarni,6199537660,Male,Single,1169584,Upper-Middle,Software Engineer,Low,18,Telugu,RGN017
CUST001022,Prakash Rao,6444856451,Male,Single,391051,Middle,Real Estate Agent,Medium,42,Hindi,RGN010
CUST001023,Divya Singh,6173973964,Female,Married,868137,Upper-Middle,Business Owner,Medium,52,Kannada,RGN022
CUST001024,Tanvi Pandey,6789969860,Female,Married,1035468,Upper-Middle,Software Engineer,Low,23,Hindi,RGN004
CUST001025,Kunal Dubey,6919113599,Female,Single,2607403,High,Software Engineer,Low,58,Hindi,RGN025
CUST001026,Amrita Jadhav,9605779806,Female,Single,544024,Middle,Business Owner,Medium,43,Hindi,RGN046
CUST001027,Yash Dubey,9039205146,Male,Married,663440,Middle,Software Engineer,Low,29,Hindi,RGN028
CUST001028,Rohit Shah,6745553470,Male,Married,2411765,High,Software Engineer,Low,37,Telugu,RGN017
CUST001029,Kavya Rajan,8742388565,Male,Single,210541,Low,Driver,High,44,Kannada,RGN021
CUST001030,Anjali Saxena,7715598354,Female,Married,1097844,Upper-Middle,Real Estate Agent,Medium,38,Hindi,RGN049
CUST001031,Zara Subramanian,6165972634,Female,Married,388320,Middle,Teacher,Low,44,Hindi,RGN033
CUST001032,Rahul Mishra,9557522501,Male,Married,2673263,High,Software Engineer,Low,26,Hindi,RGN007
CUST001033,Geeta Kumar,7948848826,Female,Single,152589,Low,Farmer,Medium,40,Hindi,RGN040
CUST001034,Aarav Patel,6311964258,Male,Married,1290566,Upper-Middle,Software Engineer,Low,21,Hindi,RGN038
CUST001035,Rajesh Joshi,8626149915,Male,Married,268621,Low,Driver,High,36,Telugu,RGN017
CUST001036,Manoj Verma,7703824073,Female,Single,896066,Upper-Middle,Real Estate Agent,Medium,27,Kannada,RGN022
CUST001037,Aditi Chakraborty,7337320430,Male,Single,282382,Low,Farmer,Medium,29,Hindi,RGN007
CUST001038,Varun Shah,9768893628,Female,Married,766289,Middle,Software Engineer,Low,52,Hindi,RGN025
CUST001039,Aarav Tiwari,9964546553,Male,Married,3304894,High,Business Owner,Medium,51,Hindi,RGN039
CUST001040,Rekha Shetty,8851253892,Female,Single,170661,Low,Front Desk Executive,Low,45,Telugu,RGN020
CUST001041,Sunita Balaji,6878519358,Other,Divorced,1428272,Upper-Middle,Software Engineer,Low,24,Telugu,RGN017
CUST001042,Manoj Venkatesh,7749079779,Male,Married,2431848,High,Business Owner,Medium,34,Hindi,RGN037
CUST001043,Prakash Gupta,9120878057,Male,Married,2822500,High,Business Owner,Medium,52,Hindi,RGN003
CUST001044,Sneha Bose,7151494097,Female,Single,738367,Middle,Business Owner,Medium,39,Hindi,RGN040
CUST001045,Varun Subramanian,9263748453,Female,Married,1224824,Upper-Middle,Software Engineer,Low,65,Hindi,RGN009
CUST001046,Aditya Das,9289509059,Female,Married,225588,Low,Front Desk Executive,Low,42,Hindi,RGN049
CUST001047,Divya Shetty,6191862339,Male,Married,1610378,Upper-Middle,Business Owner,Medium,40,Hindi,RGN048
CUST001048,Kritika More,7207151169,Male,Married,177679,Low,Front Desk Executive,Low,34,Oriya,RGN032
CUST001049,Geeta Subramanian,9667252145,Female,Married,511013,Middle,Teacher,Low,39,Hindi,RGN005
CUST001050,Neha Gowda,7647124633,Male,Married,662860,Middle,Software Engineer,Low,36,Hindi,RGN049
CUST001051,Prakash Tripathi,8157184090,Male,Married,3898725,High,Pilot,High,46,Tamil,RGN023
CUST001052,Swati Reddy,6512080056,Male,Married,266849,Low,Teacher,Low,49,Hindi,RGN009
CUST001053,Aditi Hegde,8099512397,Male,Married,2144134,High,Doctor,Low,28,Hindi,RGN039
CUST001054,Suresh Balaji,6436391025,Female,Divorced,361288,Middle,Real Estate Agent,Medium,22,Telugu,RGN019
CUST001055,Ananya Shetty,9282709081,Female,Married,318613,Middle,Driver,High,18,Telugu,RGN019
CUST001056,Amrita Rao,8415298217,Female,Married,1624898,Upper-Middle,Business Owner,Medium,44,Hindi,RGN038
CUST001057,Tanvi Chakraborty,7929578671,Female,Married,348527,Middle,Front Desk Executive,Low,24,Hindi,RGN011
CUST001058,Harsha Mehta,6535237360,Female,Married,179881,Low,Front Desk Executive,Low,18,Hindi,RGN014
CUST001059,Uday Mishra,8079181589,Female,Married,141846,Low,Driver,High,42,Oriya,RGN032
CUST001060,Deepak Joshi,9834527346,Female,Single,1678071,Upper-Middle,Software Engineer,Low,65,Hindi,RGN007
CUST001061,Bhavna Venkatesh,9661707158,Male,Single,51069,Low,Farmer,Medium,37,Hindi,RGN016
CUST001062,Lakshmi Gowda,9964740803,Female,Single,2926241,High,Software Engineer,Low,48,Hindi,RGN041
CUST001063,Amrita Saxena,6499825080,Male,Single,188419,Low,Driver,High,38,Hindi,RGN016
CUST001064,Kritika Joshi,6463580688,Male,Single,191720,Low,Driver,High,36,Hindi,RGN028
CUST001065,Ramesh Das,7850317235,Male,Married,932980,Upper-Middle,Real Estate Agent,Medium,49,Hindi,RGN009
CUST001066,Varun Dubey,6373990063,Female,Married,634013,Middle,Software Engineer,Low,34,Hindi,RGN030
CUST001067,Tanvi Mishra,6403526356,Male,Married,1458459,Upper-Middle,Real Estate Agent,Medium,41,Telugu,RGN019
CUST001068,Arjun Naik,6229394694,Female,Married,4952725,High,Doctor,Low,41,Hindi,RGN009
CUST001069,Lakshmi Chaudhary,7460666437,Male,Married,1116404,Upper-Middle,Business Owner,Medium,29,Hindi,RGN004
CUST001070,Deepak Tripathi,8906072311,Male,Married,278798,Low,Teacher,Low,49,Hindi,RGN010
CUST001071,Uday Desai,6271285246,Male,Married,822123,Upper-Middle,Real Estate Agent,Medium,35,Hindi,RGN015
CUST001072,Poonam Srivastava,8844941163,Female,Married,2280514,High,Software Engineer,Low,28,Kannada,RGN021
CUST001073,Harsha Desai,6873280771,Female,Married,164127,Low,Farmer,Medium,44,Telugu,RGN020
CUST001074,Meera Sharma,6306211369,Female,Married,384021,Middle,Real Estate Agent,Medium,27,Hindi,RGN028
CUST001075,Divya Iyer,8727908335,Female,Married,236272,Low,Front Desk Executive,Low,38,Hindi,RGN035
CUST001076,Isha Balaji,6902542573,Female,Married,2914709,High,Software Engineer,Low,37,Hindi,RGN039
CUST001077,Geeta More,6662481323,Male,Divorced,146761,Low,Farmer,Medium,51,Hindi,RGN045
CUST001078,Zara Rao,8707139848,Female,Married,1376733,Upper-Middle,Software Engineer,Low,43,Hindi,RGN004
CUST001079,Ananya Chakraborty,7285011688,Female,Married,263485,Low,Farmer,Medium,37,Hindi,RGN005
CUST001080,Priya Menon,6925502130,Male,Married,981729,Upper-Middle,Real Estate Agent,Medium,47,Hindi,RGN037
CUST001081,Aditi Kumar,9090691309,Male,Divorced,111398,Low,Farmer,Medium,54,Hindi,RGN049
CUST001082,Vijay Iyer,6877661830,Male,Married,952740,Upper-Middle,Software Engineer,Low,44,Tamil,RGN024
CUST001083,Deepak Rao,9945772785,Female,Married,644835,Middle,Teacher,Low,38,Oriya,RGN031
CUST001084,Rekha Bose,7242642506,Male,Widowed,1311866,Upper-Middle,Software Engineer,Low,22,Hindi,RGN003
CUST001085,Zara Deshpande,8207683625,Female,Divorced,129283,Low,Farmer,Medium,25,Hindi,RGN027
CUST001086,Deepak Patil,7666777675,Male,Single,165256,Low,Farmer,Medium,34,Oriya,RGN032
CUST001087,Anjali Nair,8562833339,Female,Single,267444,Low,Farmer,Medium,30,Hindi,RGN005
CUST001088,Nikhil Srivastava,7957865436,Female,Single,1355755,Upper-Middle,Software Engineer,Low,35,Hindi,RGN048
CUST001089,Vinod Tiwari,7718749603,Male,Married,1681617,Upper-Middle,Software Engineer,Low,38,Hindi,RGN048
CUST001090,Manoj Kapoor,7582686270,Female,Widowed,294471,Low,Teacher,Low,44,Telugu,RGN019
CUST001091,Poonam Venkatesh,7692492693,Male,Single,243215,Low,Farmer,Medium,37,Hindi,RGN003
CUST001092,Nikhil Srivastava,7657327599,Male,Widowed,1229586,Upper-Middle,Software Engineer,Low,43,Hindi,RGN044
CUST001093,Geeta Srivastava,6111000515,Male,Married,383691,Middle,Software Engineer,Low,38,Hindi,RGN036
CUST001094,Varun Srivastava,8323415959,Other,Single,157341,Low,Front Desk Executive,Low,18,Hindi,RGN030
CUST001095,Aditya Chakraborty,9752441822,Male,Widowed,373134,Middle,Driver,High,26,Hindi,RGN045
CUST001096,Pradeep Patil,7618962887,Male,Married,212164,Low,Farmer,Medium,36,Hindi,RGN049
CUST001097,Anjali Shah,8312710267,Female,Single,2849300,High,Software Engineer,Low,23,Telugu,RGN019
CUST001098,Rahul Patil,9720957992,Male,Married,1787428,Upper-Middle,Software Engineer,Low,45,Hindi,RGN046
CUST001099,Sunil Rao,9079551512,Female,Single,4072696,High,Doctor,Low,56,Hindi,RGN045
CUST001100,Sunita Mehta,7946213541,Male,Married,1357419,Upper-Middle,Real Estate Agent,Medium,52,Tamil,RGN023
CUST001101,Deepak Balaji,8970996254,Female,Married,568020,Middle,Software Engineer,Low,35,Hindi,RGN046
CUST001102,Anil Srivastava,7848075203,Male,Married,1713263,Upper-Middle,Software Engineer,Low,55,Hindi,RGN037
CUST001103,Geeta Patil,8476504715,Male,Married,607871,Middle,Teacher,Low,39,Oriya,RGN031
CUST001104,Arjun Iyer,6290904637,Male,Single,1720744,Upper-Middle,Software Engineer,Low,33,Hindi,RGN010
CUST001105,Isha More,9604655866,Male,Divorced,1326219,Upper-Middle,Business Owner,Medium,30,Hindi,RGN047
CUST001106,Akash Das,8254837441,Male,Married,1221162,Upper-Middle,Doctor,Low,34,Hindi,RGN042
CUST001107,Akash Tripathi,9158102131,Female,Married,193102,Low,Hardware Technician,Medium,33,Hindi,RGN011
CUST001108,Amrita Iyer,7512931100,Male,Married,1176373,Upper-Middle,Real Estate Agent,Medium,40,Hindi,RGN011
CUST001109,Prakash Verma,8912975191,Male,Single,215681,Low,Farmer,Medium,39,Hindi,RGN041
CUST001110,Sunita Pandey,6231211063,Female,Single,238061,Low,Hardware Technician,Medium,38,Hindi,RGN047
CUST001111,Divya Shetty,7016583737,Male,Married,132756,Low,Farmer,Medium,43,Hindi,RGN007
CUST001112,Bhavna Chaudhary,7749072801,Male,Married,911492,Upper-Middle,Doctor,Low,52,Hindi,RGN030
CUST001113,Kavya Patil,9622023413,Female,Married,369992,Middle,Driver,High,49,Hindi,RGN045
CUST001114,Kritika Patel,7532694968,Female,Divorced,931998,Upper-Middle,Software Engineer,Low,20,Hindi,RGN012
CUST001115,Sneha Dubey,8364538044,Male,Divorced,393854,Middle,Teacher,Low,18,Hindi,RGN008
CUST001116,Sarika Rajan,7101750961,Male,Married,2887097,High,Doctor,Low,49,Hindi,RGN038
CUST001117,Kunal Naik,9015959194,Female,Single,70807,Low,Farmer,Medium,21,Kannada,RGN022
CUST001118,Sunil Reddy,8757574758,Female,Married,2327303,High,Software Engineer,Low,35,Hindi,RGN001
CUST001119,Amrita Menon,7392056775,Female,Married,1412788,Upper-Middle,Doctor,Low,23,Hindi,RGN034
CUST001120,Pooja Rajan,9777226602,Male,Married,457925,Middle,Business Owner,Medium,18,Hindi,RGN034
CUST001121,Aditya Dubey,8626506229,Female,Single,636976,Middle,Software Engineer,Low,44,Hindi,RGN014
CUST001122,Mohit Bose,7310672453,Other,Married,931463,Upper-Middle,Real Estate Agent,Medium,47,Hindi,RGN049
CUST001123,Zara Subramanian,6762484337,Male,Married,373188,Middle,Software Engineer,Low,31,Hindi,RGN010
CUST001124,Vinod Bose,9662705115,Male,Married,196194,Low,Front Desk Executive,Low,18,Hindi,RGN048
CUST001125,Deepak Menon,9942387367,Male,Single,1440571,Upper-Middle,Real Estate Agent,Medium,31,Hindi,RGN037
CUST001126,Deepa Tripathi,6425496919,Female,Divorced,434795,Middle,Teacher,Low,42,Hindi,RGN043
CUST001127,Neha Verma,7845525971,Male,Married,327212,Middle,Teacher,Low,20,Hindi,RGN025
CUST001128,Sneha Hegde,6756335357,Female,Single,276553,Low,Teacher,Low,40,Hindi,RGN044
CUST001129,Pradeep Patil,8859532593,Female,Married,176986,Low,Farmer,Medium,37,Oriya,RGN032
CUST001130,Harsha Shetty,7379705816,Female,Married,479372,Middle,Software Engineer,Low,44,Hindi,RGN010
CUST001131,Sunita Gowda,79518XXXXX,Male,Married,449503,Middle,Real Estate Agent,Medium,39,Hindi,RGN002
CUST001132,Kavya Das,9634250733,Male,Married,1489180,Upper-Middle,Business Owner,Medium,26,Hindi,RGN046
CUST001133,Pooja Subramanian,6559782457,Male,Married,2954724,High,Doctor,Low,52,Hindi,RGN014
CUST001134,Ramesh Shah,8983399140,Male,Married,217113,Low,Teacher,Low,36,Hindi,RGN016
CUST001135,Vishal Chakraborty,7884366044,Male,Divorced,5411593,High,Pilot,High,37,Hindi,RGN013
CUST001136,Priya Reddy,7240061572,Male,Married,231878,Low,Front Desk Executive,Low,26,Hindi,RGN045
CUST001137,Prakash Rajan,9682975147,Female,Married,331849,Middle,Teacher,Low,32,Hindi,RGN048
CUST001138,Suresh Pillai,8397429250,Female,Married,158677,Low,Farmer,Medium,27,Hindi,RGN042
CUST001139,Sneha Bose,6058752568,Male,Single,2462794,High,Software Engineer,Low,35,Telugu,RGN017
CUST001140,Divya Venkatesh,6656259045,Male,Married,2334995,High,Business Owner,Medium,58,Hindi,RGN006
CUST001141,Meera Rajan,6802711221,Female,Single,719825,Middle,Software Engineer,Low,21,Hindi,RGN030
CUST001142,Sarika Chakraborty,7315551651,Female,Married,960406,Upper-Middle,Doctor,Low,18,Kannada,RGN022
CUST001143,Prakash Mishra,9680866281,Female,Married,386671,Middle,Business Owner,Medium,55,Oriya,RGN032
CUST001144,Vinod Saxena,77214XXXXX,Female,Married,1786423,Upper-Middle,Software Engineer,Low,35,Hindi,RGN033
CUST001145,Deepa Menon,6370033228,Male,Single,1768587,Upper-Middle,Pilot,High,29,Hindi,RGN026
CUST001146,Neha Rao,8566084706,Female,Married,311623,Middle,Teacher,Low,50,Hindi,RGN049
CUST001147,Santosh Gupta,6039033970,Female,Married,2856471,High,Software Engineer,Low,30,Hindi,RGN033
CUST001148,Prakash Nair,8195826328,Male,Married,1967108,Upper-Middle,Business Owner,Medium,59,Hindi,RGN033
CUST001149,Kunal Rao,6944858623,Male,Single,646691,Middle,Teacher,Low,46,Hindi,RGN011
CUST001150,Sandeep Chaudhary,8535461470,Male,Widowed,4364417,High,Doctor,Low,32,Hindi,RGN037
CUST001151,Priya Pillai,9986321061,Female,Married,611277,Middle,Software Engineer,Low,63,Hindi,RGN034
CUST001152,Ramesh Nair,7394394570,Female,Divorced,223495,Low,Hardware Technician,Medium,30,Hindi,RGN029
CUST001153,Anjali Nair,7943804032,Female,Married,613474,Middle,Teacher,Low,46,Hindi,RGN003
CUST001154,Deepak Naik,8376576927,Female,Married,3734365,High,Business Owner,Medium,41,Hindi,RGN013
CUST001155,Anil Malhotra,9894319100,Female,Single,2217508,High,Software Engineer,Low,53,Hindi,RGN007
CUST001156,Sandeep Dubey,6040476921,Male,Divorced,393437,Middle,Driver,High,56,Hindi,RGN029
CUST001157,Swati Iyer,6533651460,Male,Married,1063859,Upper-Middle,Software Engineer,Low,38,Hindi,RGN043
CUST001158,Poonam Iyer,8014247310,Male,Single,954811,Upper-Middle,Software Engineer,Low,28,Hindi,RGN010
CUST001159,Shweta Tripathi,9201137984,Female,Married,1808666,Upper-Middle,Software Engineer,Low,43,Hindi,RGN001
CUST001160,Nandini Srivastava,8097123166,Female,Married,1440327,Upper-Middle,Software Engineer,Low,29,Hindi,RGN028
CUST001161,Pradeep Patel,6076762090,Male,Married,2206531,High,Software Engineer,Low,62,Hindi,RGN043
CUST001162,Shruti Singh,6447340433,Female,Married,149392,Low,Driver,High,39,Hindi,RGN014
CUST001163,Divya Kumar,9009687304,Male,Married,785230,Middle,Real Estate Agent,Medium,33,Hindi,RGN028
CUST001164,Sanjay Pandey,8195778255,Male,Single,188614,Low,Front Desk Executive,Low,40,Hindi,RGN050
CUST001165,Sunita Reddy,7556296575,Female,Married,969443,Upper-Middle,Real Estate Agent,Medium,21,Hindi,RGN039
CUST001166,Mohit Chaudhary,8278656194,Male,Married,1490101,Upper-Middle,Software Engineer,Low,26,Hindi,RGN008
CUST001167,Sapna Mishra,7557782058,Male,Single,2789395,High,Doctor,Low,52,Hindi,RGN012
CUST001168,Suresh Pandey,7958292361,Female,Married,776965,Middle,Real Estate Agent,Medium,30,Hindi,RGN040
CUST001169,Karan More,9188081904,Male,Single,2938316,High,Software Engineer,Low,25,Hindi,RGN033
CUST001170,Gaurav Kapoor,7357155868,Male,Married,288415,Low,Front Desk Executive,Low,44,Hindi,RGN033
CUST001171,Geeta Gupta,9395613723,Male,Married,167910,Low,Front Desk Executive,Low,52,Kannada,RGN022
CUST001172,Sapna Balaji,6817214364,Female,Married,705476,Middle,Software Engineer,Low,46,Hindi,RGN012
CUST001173,Santosh Tiwari,7813000413,Female,Single,691597,Middle,Real Estate Agent,Medium,49,Hindi,RGN040
CUST001174,Gaurav Saxena,7114716560,Male,Married,296719,Low,Teacher,Low,28,Hindi,RGN006
CUST001175,Nikhil Srivastava,8565346997,Female,Single,1432872,Upper-Middle,Software Engineer,Low,20,Hindi,RGN004
CUST001176,Karan Joshi,6707550476,Female,Divorced,142593,Low,Farmer,Medium,56,Kannada,RGN022
CUST001177,Vishal Bose,6699570607,Female,Single,3846170,High,Business Owner,Medium,34,Hindi,RGN041
CUST001178,Rajesh Jadhav,6748113176,Female,Married,537248,Middle,Teacher,Low,34,Hindi,RGN041
CUST001179,Divya Patel,8397054873,Female,Married,1513454,Upper-Middle,Software Engineer,Low,53,Hindi,RGN002
CUST001180,Akash Menon,9102908718,Male,Married,258330,Low,Farmer,Medium,44,Hindi,RGN007
CUST001181,Yash Subramanian,7749680491,Male,Single,1383795,Upper-Middle,Software Engineer,Low,43,Hindi,RGN039
CUST001182,Yash Das,9274204956,Male,Divorced,399336,Middle,Teacher,Low,63,Hindi,RGN042
CUST001183,Divya Nair,62137XXXXX,Female,Married,1751362,Upper-Middle,Doctor,Low,30,Hindi,RGN030
CUST001184,Yash Patel,9042359737,Female,Married,2131400,High,Software Engineer,Low,49,Hindi,RGN041
CUST001185,Shruti Verma,6122299077,Male,Married,160861,Low,Driver,High,38,Hindi,RGN036
CUST001186,Aarav Patel,8608581670,Female,Married,162700,Low,Teacher,Low,41,Hindi,RGN004
CUST001187,Prakash Srivastava,8686111457,Female,Married,384115,Middle,Driver,High,56,Hindi,RGN037
CUST001188,Rohit Kapoor,9832102192,Male,Married,1018952,Upper-Middle,Software Engineer,Low,44,Hindi,RGN001
CUST001189,Sunil Menon,7785847129,Female,Married,274051,Low,Driver,High,44,Tamil,RGN023
CUST001190,Vijay Saxena,9180332426,Male,Married,93981,Low,Driver,High,50,Hindi,RGN004
CUST001191,Priya Mishra,6508018498,Male,Married,209700,Low,Hardware Technician,Medium,33,Hindi,RGN050
CUST001192,Sunil Nair,6425373377,Other,Married,1323346,Upper-Middle,Software Engineer,Low,27,Hindi,RGN041
CUST001193,Sapna Pillai,9312688122,Female,Divorced,1370922,Upper-Middle,Software Engineer,Low,25,Hindi,RGN036
CUST001194,Rajesh Mehta,7178192365,Female,Single,255828,Low,Farmer,Medium,18,Hindi,RGN045
CUST001195,Rohit Menon,7460605603,Male,Married,586396,Middle,Real Estate Agent,Medium,62,Oriya,RGN032
CUST001196,Kavya Malhotra,8679327986,Female,Married,213619,Low,Driver,High,24,Hindi,RGN016
CUST001197,Swati Nair,7398471690,Male,Married,1523268,Upper-Middle,Business Owner,Medium,35,Hindi,RGN002
CUST001198,Aditi Reddy,9181205464,Male,Single,555706,Middle,Teacher,Low,34,Hindi,RGN011
CUST001199,Gaurav Gupta,9548954787,Female,Single,712723,Middle,Software Engineer,Low,41,Kannada,RGN022
CUST001200,Tanvi Iyer,9989992751,Male,Single,2067336,High,Business Owner,Medium,47,Hindi,RGN004
CUST001201,Uday Tiwari,9588914444,Male,Married,1439898,Upper-Middle,Software Engineer,Low,48,Hindi,RGN007
CUST001202,Tanvi Iyer,7553935435,Male,Married,583373,Middle,Teacher,Low,31,Oriya,RGN031
CUST001203,Karan Kulkarni,9449639243,Female,Married,2032491,High,Software Engineer,Low,35,Telugu,RGN017
CUST001204,Rohit Pandey,88853XXXXX,Male,Married,1511006,Upper-Middle,Doctor,Low,41,Hindi,RGN047
CUST001205,Nandini Menon,8339527536,Female,Married,145738,Low,Farmer,Medium,35,Hindi,RGN014
CUST001206,Bhavna Menon,9497852491,Male,Married,332332,Middle,Driver,High,57,Hindi,RGN039
CUST001207,Geeta Singh,8168601347,Male,Married,1106604,Upper-Middle,Software Engineer,Low,43,Hindi,RGN039
CUST001208,Nikhil Mishra,9894896340,Male,Married,110230,Low,Farmer,Medium,46,Hindi,RGN028
CUST001209,Siddharth Das,9791766512,Male,Single,1096756,Upper-Middle,Software Engineer,Low,45,Hindi,RGN043
CUST001210,Ananya Kapoor,7150014188,Male,Single,262004,Low,Front Desk Executive,Low,52,Hindi,RGN033
CUST001211,Mohit Naik,8216309001,Male,Married,1574632,Upper-Middle,Software Engineer,Low,40,Hindi,RGN004
CUST001212,Mohit Patil,8944633399,Female,Single,1783848,Upper-Middle,Software Engineer,Low,22,Hindi,RGN035
CUST001213,Karan Mehta,8853208953,Male,Married,301710,Middle,Driver,High,42,Hindi,RGN005
CUST001214,Ananya Chakraborty,7638902199,Female,Single,1267360,Upper-Middle,Real Estate Agent,Medium,30,Hindi,RGN045
CUST001215,Rajesh Iyer,8711363379,Female,Married,2808725,High,Software Engineer,Low,31,Hindi,RGN041
CUST001216,Kritika Agarwal,7234103469,Male,Married,1745208,Upper-Middle,Doctor,Low,45,Hindi,RGN012
CUST001217,Anil Gowda,9733116772,Male,Married,171033,Low,Driver,High,52,Hindi,RGN001
CUST001218,Mohit Krishnan,9960843768,Female,Single,382487,Middle,Software Engineer,Low,38,Telugu,RGN018
CUST001219,Vijay Hegde,85078XXXXX,Female,Married,1377193,Upper-Middle,Software Engineer,Low,41,Hindi,RGN044
CUST001220,Deepak Dubey,8219626335,Male,Married,2137724,High,Software Engineer,Low,58,Telugu,RGN019
CUST001221,Deepa Pillai,8643436970,Male,Single,1722552,Upper-Middle,Software Engineer,Low,40,Telugu,RGN018
CUST001222,Rekha Srivastava,7170695560,Female,Single,343212,Middle,Front Desk Executive,Low,65,Oriya,RGN031
CUST001223,Isha Patil,9676164534,Female,Married,1974728,Upper-Middle,Software Engineer,Low,44,Hindi,RGN005
CUST001224,Rahul Pandey,8472239898,Female,Single,1381458,Upper-Middle,Software Engineer,Low,18,Hindi,RGN026
CUST001225,Ravi Bose,7065031219,Male,Married,1574930,Upper-Middle,Software Engineer,Low,47,Hindi,RGN034
CUST001226,Nandini Menon,6418472426,Female,Single,320333,Middle,Teacher,Low,42,Hindi,RGN006
CUST001227,Aditya Menon,8236428131,Male,Widowed,667267,Middle,Business Owner,Medium,53,Tamil,RGN024
CUST001228,Priya Verma,6924876230,Male,Single,408876,Middle,Teacher,Low,46,Oriya,RGN032
CUST001229,Siddharth Desai,7911142817,Female,Married,374353,Middle,Software Engineer,Low,36,Hindi,RGN012
CUST001230,Shweta Pandey,8228230524,Female,Married,157084,Low,Teacher,Low,23,Oriya,RGN032
CUST001231,Gaurav Naik,6880622072,Female,Married,761322,Middle,Software Engineer,Low,35,Hindi,RGN049
CUST001232,Rajesh Mehta,7395947372,Female,Married,3521524,High,Pilot,High,27,Tamil,RGN023
CUST001233,Swati Jadhav,6329016204,Female,Married,1565260,Upper-Middle,Software Engineer,Low,31,Hindi,RGN050
CUST001234,Ramesh Patel,9876886878,Male,Married,1130351,Upper-Middle,Software Engineer,Low,45,Hindi,RGN047
CUST001235,Nikhil Das,8996486287,Male,Married,2623930,High,Software Engineer,Low,58,Hindi,RGN001
CUST001236,Poonam Agarwal,7031954196,Female,Single,4177712,High,Pilot,High,42,Hindi,RGN005
CUST001237,Tanvi Deshpande,9645057303,Female,Divorced,1295844,Upper-Middle,Business Owner,Medium,23,Hindi,RGN034
CUST001238,Aryan Malhotra,9279246320,Male,Divorced,621027,Middle,Software Engineer,Low,43,Hindi,RGN016
CUST001239,Vishal Shah,7747677537,Male,Married,877162,Upper-Middle,Software Engineer,Low,52,Hindi,RGN004
CUST001240,Gaurav Deshpande,7603214505,Female,Married,162454,Low,Farmer,Medium,30,Hindi,RGN025
CUST001241,Rahul More,9661945887,Female,Married,1397578,Upper-Middle,Software Engineer,Low,36,Hindi,RGN043
CUST001242,Siddharth Mishra,6715534820,Female,Single,177630,Low,Farmer,Medium,38,Hindi,RGN038
CUST001243,Zara Krishnan,6284008385,Female,Divorced,1775095,Upper-Middle,Software Engineer,Low,28,Hindi,RGN029
CUST001244,Karan Agarwal,6765975954,Female,Married,237772,Low,Driver,High,45,Hindi,RGN050
CUST001245,Sarika Malhotra,8089177680,Male,Single,198913,Low,Real Estate Agent,Medium,36,Hindi,RGN046
CUST001246,Zara Sharma,6265742231,Female,Single,1622145,Upper-Middle,Software Engineer,Low,43,Hindi,RGN010
CUST001247,Deepak Rao,9463004023,Male,Single,200037,Low,Teacher,Low,27,Hindi,RGN044
CUST001248,Vishal Saxena,9936268943,Male,Married,182010,Low,Driver,High,32,Hindi,RGN046
CUST001249,Sanjay Krishnan,6120471372,Female,Divorced,52644,Low,Farmer,Medium,46,Hindi,RGN042
CUST001250,Deepak Iyer,9117595749,Male,Single,2617676,High,Software Engineer,Low,33,Hindi,RGN045
CUST001251,Tanvi Balaji,8582984933,Male,Married,1073736,Upper-Middle,Software Engineer,Low,58,Hindi,RGN006
CUST001252,Ananya Patil,6674584760,Male,Married,257887,Low,Farmer,Medium,33,Hindi,RGN047
CUST001253,Aditi Patil,8412833372,Male,Married,1721575,Upper-Middle,Software Engineer,Low,40,Hindi,RGN016
CUST001254,Suresh Rao,6885666954,Female,Single,698095,Middle,Software Engineer,Low,49,Hindi,RGN016
CUST001255,Uday Venkatesh,6329715066,Male,Single,2679242,High,Doctor,Low,20,Hindi,RGN004
CUST001256,Sarika Patil,9267055143,Male,Married,646134,Middle,Software Engineer,Low,18,Hindi,RGN010
CUST001257,Akash Pandey,9769366343,Male,Married,1733605,Upper-Middle,Business Owner,Medium,19,Hindi,RGN026
CUST001258,Pooja Tripathi,7529596111,Male,Married,914325,Upper-Middle,Real Estate Agent,Medium,53,Hindi,RGN005
CUST001259,Ramesh Chaudhary,,Female,Widowed,299620,Low,Teacher,Low,31,Tamil,RGN024
CUST001260,Deepak Malhotra,9202455910,Male,Married,1492342,Upper-Middle,Business Owner,Medium,65,Hindi,RGN003
CUST001261,Karan Gowda,7451091090,Male,Married,1391985,Upper-Middle,Real Estate Agent,Medium,31,Hindi,RGN039
CUST001262,Shruti Pandey,7267149498,Male,Married,1133190,Upper-Middle,Real Estate Agent,Medium,40,Hindi,RGN027
CUST001263,Shruti Dubey,6942179428,Male,Divorced,3763958,High,Doctor,Low,56,Hindi,RGN001
CUST001264,Vinod Subramanian,6793406527,Female,Single,419557,Middle,Teacher,Low,62,Hindi,RGN037
CUST001265,Suresh Balaji,6061675677,Female,Single,149902,Low,Farmer,Medium,62,Hindi,RGN039
CUST001266,Karan Malhotra,7372201091,Male,Single,3547497,High,Doctor,Low,52,Hindi,RGN015
CUST001267,Mohit Sharma,7172214559,Male,Widowed,2367427,High,Doctor,Low,50,Hindi,RGN033
CUST001268,Akash Balaji,7766189437,Female,Widowed,405472,Middle,Real Estate Agent,Medium,45,Tamil,RGN023
CUST001269,Isha Chaudhary,6526351004,Female,Married,1966951,Upper-Middle,Doctor,Low,47,Hindi,RGN035
CUST001270,Pradeep Shetty,9277657256,Female,Married,171265,Low,Driver,High,31,Hindi,RGN010
CUST001271,Sunita Mehta,8920246175,Female,Married,615815,Middle,Software Engineer,Low,28,Hindi,RGN013
CUST001272,Ramesh Agarwal,7023897432,Male,Divorced,394026,Middle,Real Estate Agent,Medium,37,Hindi,RGN003
CUST001273,Karan Deshpande,9005595501,Female,Married,269694,Low,Front Desk Executive,Low,35,Hindi,RGN015
CUST001274,Shweta Gowda,9833258486,Female,Single,1206472,Upper-Middle,Software Engineer,Low,32,Hindi,RGN010
CUST001275,Aditya Shah,7607984870,Female,Single,324676,Middle,Teacher,Low,46,Hindi,RGN037
CUST001276,Nikhil Menon,8506917679,Female,Single,260768,Low,Farmer,Medium,49,Hindi,RGN047
CUST001277,Ravi Tripathi,7593744039,Male,Single,235507,Low,Real Estate Agent,Medium,39,Hindi,RGN030
CUST001278,Deepa Gupta,8640830373,Male,Married,63401,Low,Farmer,Medium,55,Hindi,RGN030
CUST001279,Sunil Pillai,9060148860,Female,Married,418642,Middle,Software Engineer,Low,24,Tamil,RGN024
CUST001280,Ananya Mehta,8907938841,Female,Married,755465,Middle,Software Engineer,Low,35,Hindi,RGN037
CUST001281,Arjun Naik,7685283061,Male,Married,275599,Low,Teacher,Low,29,Hindi,RGN006
CUST001282,Sunita Reddy,8370124244,Female,Single,399321,Middle,Hardware Technician,Medium,18,Hindi,RGN011
CUST001283,Gaurav Kumar,9263251448,Male,Single,342012,Middle,Hardware Technician,Medium,37,Hindi,RGN013
CUST001284,Anjali Pillai,6121031421,Female,Married,1217414,Upper-Middle,Software Engineer,Low,36,Tamil,RGN023
CUST001285,Ananya Dubey,9518878179,Female,Married,1627224,Upper-Middle,Software Engineer,Low,56,Hindi,RGN034
CUST001286,Arjun Rao,8151526384,Male,Single,413791,Middle,Software Engineer,Low,45,Telugu,RGN018
CUST001287,Kritika Mishra,6911225288,Male,Married,1631676,Upper-Middle,Doctor,Low,25,Hindi,RGN030
CUST001288,Akash Hegde,7750566186,Female,Married,109075,Low,Farmer,Medium,60,Hindi,RGN030
CUST001289,Suresh More,7239791378,Female,Married,3411907,High,Doctor,Low,52,Hindi,RGN003
CUST001290,Sandeep Tripathi,9655300730,Male,Married,2443959,High,Software Engineer,Low,44,Oriya,RGN031
CUST001291,Rahul Chakraborty,8055605712,Male,Widowed,115416,Low,Farmer,Medium,35,Hindi,RGN012
CUST001292,Nikhil Agarwal,6988192778,Female,Single,380207,Middle,Hardware Technician,Medium,26,Telugu,RGN019
CUST001293,Kritika Subramanian,8190534864,Male,Married,99190,Low,Farmer,Medium,33,Hindi,RGN006
CUST001294,Sunita Desai,6104246245,Female,Married,1714215,Upper-Middle,Pilot,High,51,Hindi,RGN048
CUST001295,Siddharth Pillai,9185174460,Female,Married,2506415,High,Doctor,Low,60,Hindi,RGN010
CUST001296,Deepa Chaudhary,6452128991,Female,Married,240248,Low,Front Desk Executive,Low,56,Telugu,RGN017
CUST001297,Kritika Agarwal,8114551293,Female,Married,2832722,High,Software Engineer,Low,32,Hindi,RGN049
CUST001298,Vijay Bose,6304488189,Female,Married,1820221,Upper-Middle,Doctor,Low,24,Hindi,RGN010
CUST001299,Priya Kapoor,8841604615,Male,Divorced,456921,Middle,Software Engineer,Low,39,Hindi,RGN026
CUST001300,Uday Krishnan,8021190170,Female,Divorced,1441836,Upper-Middle,Real Estate Agent,Medium,18,Hindi,RGN027
CUST001301,Shweta Tripathi,9568142983,Female,Single,269805,Low,Business Owner,Medium,41,Hindi,RGN012
CUST001302,Gaurav Mehta,6522910732,Male,Married,383395,Middle,Real Estate Agent,Medium,36,Hindi,RGN012
CUST001303,Sanjay Reddy,7836084937,Male,Married,491733,Middle,Teacher,Low,32,Hindi,RGN001
CUST001304,Anjali Desai,7063963845,Male,Married,4538171,High,Doctor,Low,18,Oriya,RGN031
CUST001305,Akash Patil,7696944391,Male,Single,225964,Low,Driver,High,44,Hindi,RGN012
CUST001306,Anil More,9497016934,Female,Married,795962,Middle,Software Engineer,Low,31,Tamil,RGN023
CUST001307,Deepa Menon,7929132033,Female,Married,1212244,Upper-Middle,Real Estate Agent,Medium,23,Hindi,RGN015
CUST001308,Lakshmi Agarwal,6162341903,Male,Married,807026,Upper-Middle,Software Engineer,Low,18,Hindi,RGN048
CUST001309,Nandini Dubey,6061537221,Female,Married,2439792,High,Doctor,Low,37,Hindi,RGN046
CUST001310,Manoj Rajan,8566847323,Male,Single,196892,Low,Driver,High,59,Oriya,RGN031
CUST001311,Geeta Nair,9533774604,Female,Married,1655422,Upper-Middle,Software Engineer,Low,57,Hindi,RGN038
CUST001312,Mohit Krishnan,6672007843,Male,Widowed,4769624,High,Pilot,High,32,Oriya,RGN031
CUST001313,Suresh Gowda,9142442607,Male,Married,92733,Low,Farmer,Medium,30,Hindi,RGN006
CUST001314,Kunal Gupta,6975437347,Male,Single,3694286,High,Business Owner,Medium,43,Hindi,RGN037
CUST001315,Shweta Shetty,9427372037,Male,Married,1692374,Upper-Middle,Software Engineer,Low,26,Telugu,RGN019
CUST001316,Manoj Rajan,9388214584,Female,Single,909571,Upper-Middle,Software Engineer,Low,41,Hindi,RGN050
CUST001317,Poonam Balaji,6484601913,Male,Single,407282,Middle,Real Estate Agent,Medium,47,Hindi,RGN042
CUST001318,Ravi Joshi,8438998278,Male,Single,2855901,High,Software Engineer,Low,52,Hindi,RGN013
CUST001319,Shweta Pandey,6205869507,Male,Single,391728,Middle,Teacher,Low,36,Hindi,RGN025
CUST001320,Anil Hegde,7214644936,Male,Divorced,1432413,Upper-Middle,Software Engineer,Low,35,Hindi,RGN038
CUST001321,Prakash Jadhav,8682756704,Male,Married,584920,Middle,Teacher,Low,27,Hindi,RGN033
CUST001322,Manoj Tiwari,8738573680,Male,Single,2439708,High,Doctor,Low,28,Hindi,RGN034
CUST001323,Rohit Tiwari,6192360376,Female,Single,3698769,High,Doctor,Low,35,Kannada,RGN021
CUST001324,Sanjay Joshi,6187233351,Female,Married,1764342,Upper-Middle,Software Engineer,Low,42,Hindi,RGN044
CUST001325,Neha Srivastava,6409614973,Male,Married,230915,Low,Hardware Technician,Medium,48,Telugu,RGN017
CUST001326,Santosh Iyer,6539114983,Male,Single,246020,Low,Farmer,Medium,28,Hindi,RGN043
CUST001327,Nandini Mishra,6748207365,Female,Single,254378,Low,Hardware Technician,Medium,55,Hindi,RGN002
CUST001328,Sneha Venkatesh,6189394065,Male,Married,2159669,High,Software Engineer,Low,34,Hindi,RGN003
CUST001329,Shruti Tripathi,8782019043,Female,Married,120428,Low,Farmer,Medium,37,Telugu,RGN017
CUST001330,Vinod Hegde,7230233324,Male,Married,1324513,Upper-Middle,Software Engineer,Low,29,Hindi,RGN038
CUST001331,Vishal Dubey,8713915596,Male,Single,987504,Upper-Middle,Software Engineer,Low,18,Hindi,RGN050
CUST001332,Shruti Patel,8621276025,Female,Married,2919105,High,Software Engineer,Low,48,Hindi,RGN043
CUST001333,Nandini Srivastava,6826112312,Female,Single,673578,Middle,Teacher,Low,46,Tamil,RGN023
CUST001334,Tanvi Bose,9163248889,Female,Single,462950,Middle,Hardware Technician,Medium,34,Hindi,RGN025
CUST001335,Vishal Kulkarni,8729893762,Female,Married,114972,Low,Farmer,Medium,38,Hindi,RGN042
CUST001336,Lakshmi Singh,9454930364,Male,Married,1755840,Upper-Middle,Software Engineer,Low,44,Hindi,RGN026
CUST001337,Rohit Das,9871912038,Female,Widowed,926338,Upper-Middle,Software Engineer,Low,19,Telugu,RGN020
CUST001338,Swati Gupta,6876920828,Female,Married,228970,Low,Teacher,Low,31,Hindi,RGN034
CUST001339,Gaurav Rao,7230898138,Female,Married,1376156,Upper-Middle,Software Engineer,Low,47,Hindi,RGN047
CUST001340,Rohit Shah,6588144582,Male,Married,96513,Low,Farmer,Medium,22,Hindi,RGN048
CUST001341,Zara Tiwari,7067323182,Male,Divorced,245769,Low,Farmer,Medium,41,Hindi,RGN007
CUST001342,Lakshmi Menon,9168157245,Male,Divorced,834628,Upper-Middle,Software Engineer,Low,21,Hindi,RGN040
CUST001343,Deepak Naik,6000001529,Male,Married,1135218,Upper-Middle,Business Owner,Medium,43,Hindi,RGN046
CUST001344,Sandeep Sharma,6137178509,Female,Married,365113,Middle,Teacher,Low,37,Tamil,RGN023
CUST001345,Ananya Rajan,6255618444,Female,Married,370419,Middle,Driver,High,18,Hindi,RGN029
CUST001346,Akash Kapoor,7182998747,Male,Married,639967,Middle,Teacher,Low,51,Telugu,RGN019
CUST001347,Amrita Venkatesh,6224890567,Female,Single,136225,Low,Front Desk Executive,Low,29,Hindi,RGN012
CUST001348,Akash Agarwal,6867009004,Male,Married,116569,Low,Farmer,Medium,28,Oriya,RGN031
CUST001349,Vikram Nair,7655158482,Male,Married,487301,Middle,Real Estate Agent,Medium,40,Hindi,RGN036
CUST001350,Santosh Kapoor,9691362483,Male,Single,404716,Middle,Teacher,Low,51,Hindi,RGN034
CUST001351,Kunal Pandey,8505429608,Male,Divorced,174433,Low,Hardware Technician,Medium,25,Hindi,RGN044
CUST001352,Deepa Pillai,6706336998,Male,Single,148340,Low,Driver,High,38,Hindi,RGN016
CUST001353,Aarav Iyer,9950982210,Male,Married,296656,Low,Hardware Technician,Medium,43,Hindi,RGN030
CUST001354,Rohit Desai,8016481880,Female,Single,1081772,Upper-Middle,Software Engineer,Low,46,Telugu,RGN019
CUST001355,Rajesh Venkatesh,8428773836,Male,Married,223011,Low,Driver,High,40,Hindi,RGN030
CUST001356,Anil Deshpande,7816432126,Male,Married,2054277,High,Pilot,High,33,Hindi,RGN038
CUST001357,Harsha Shetty,8289464203,Male,Married,1516585,Upper-Middle,Software Engineer,Low,28,Kannada,RGN022
CUST001358,Lakshmi More,9258631441,Female,Single,1773639,Upper-Middle,Business Owner,Medium,39,Hindi,RGN047
CUST001359,Meera Mishra,9064625540,Male,Married,1666765,Upper-Middle,Software Engineer,Low,25,Kannada,RGN022
CUST001360,Sanjay Dubey,7635582430,Male,Married,1156566,Upper-Middle,Software Engineer,Low,18,Hindi,RGN028
CUST001361,Anjali Hegde,6764644898,Male,Married,476826,Middle,Real Estate Agent,Medium,43,Hindi,RGN008
CUST001362,Deepa Kapoor,6315388824,Male,Divorced,1299079,Upper-Middle,Software Engineer,Low,48,Tamil,RGN024
CUST001363,Rahul Kulkarni,8279050404,Female,Single,611498,Middle,Business Owner,Medium,18,Tamil,RGN023
CUST001364,Rahul Bose,7333538495,Male,Single,666247,Middle,Teacher,Low,25,Hindi,RGN047
CUST001365,Sunil Agarwal,6632111978,Male,Married,185402,Low,Front Desk Executive,Low,45,Hindi,RGN047
CUST001366,Bhavna Naik,9180933913,Female,Married,499278,Middle,Teacher,Low,62,Hindi,RGN045
CUST001367,Poonam Gupta,9326530601,Female,Single,1573401,Upper-Middle,Business Owner,Medium,38,Hindi,RGN009
CUST001368,Meera Kapoor,6987561786,Female,Married,562801,Middle,Teacher,Low,29,Hindi,RGN011
CUST001369,Sneha Joshi,6023009156,Male,Married,4134674,High,Doctor,Low,35,Tamil,RGN023
CUST001370,Gaurav Kapoor,6829803657,Male,Married,355063,Middle,Teacher,Low,54,Hindi,RGN039
CUST001371,Anjali Patil,9449160936,Female,Married,127962,Low,Farmer,Medium,30,Hindi,RGN050
CUST001372,Suresh Pandey,8952014911,Female,Married,122617,Low,Farmer,Medium,28,Hindi,RGN036
CUST001373,Harsha Shetty,8184336875,Male,Married,158208,Low,Farmer,Medium,32,Hindi,RGN012
CUST001374,Varun Dubey,6926322399,Male,Single,124531,Low,Front Desk Executive,Low,26,Telugu,RGN018
CUST001375,Yash Balaji,7137455611,Male,Married,170487,Low,Farmer,Medium,39,Hindi,RGN047
CUST001376,Suresh Menon,8042886050,Male,Married,116103,Low,Front Desk Executive,Low,57,Hindi,RGN014
CUST001377,Varun Srivastava,8376660811,Male,Divorced,1209273,Upper-Middle,Real Estate Agent,Medium,41,Hindi,RGN043
CUST001378,Mohit Bose,7600308356,Male,Married,1410261,Upper-Middle,Software Engineer,Low,34,Hindi,RGN001
CUST001379,Geeta Shah,9910627153,Female,Single,810273,Upper-Middle,Software Engineer,Low,34,Hindi,RGN042
CUST001380,Ananya Iyer,6234550688,Male,Single,764936,Middle,Software Engineer,Low,19,Hindi,RGN004
CUST001381,Akash Hegde,7691776829,Female,Married,312001,Middle,Driver,High,48,Hindi,RGN033
CUST001382,Vishal Bose,7844013480,Male,Married,421909,Middle,Teacher,Low,37,Tamil,RGN023
CUST001383,Poonam Shetty,9354378826,Male,Married,1056806,Upper-Middle,Real Estate Agent,Medium,35,Hindi,RGN033
CUST001384,Rajesh Sharma,6335910157,Male,Divorced,472353,Middle,Software Engineer,Low,65,Hindi,RGN038
CUST001385,Kunal Tripathi,6908599144,Female,Single,1518044,Upper-Middle,Business Owner,Medium,41,Hindi,RGN042
CUST001386,Divya Chakraborty,7074926999,Male,Married,2196012,High,Business Owner,Medium,28,Hindi,RGN037
CUST001387,Nandini Shah,9996489971,Female,Widowed,1209649,Upper-Middle,Software Engineer,Low,32,Hindi,RGN037
CUST001388,Isha Pandey,8285969325,Male,Single,122404,Low,Front Desk Executive,Low,51,Hindi,RGN010
CUST001389,Isha Jadhav,6408499323,Female,Married,294186,Low,Teacher,Low,39,Hindi,RGN036
CUST001390,Sapna Srivastava,6234266980,Male,Married,3523442,High,Doctor,Low,20,Hindi,RGN037
CUST001391,Uday Tripathi,9908726176,Male,Single,1307398,Upper-Middle,Business Owner,Medium,49,Hindi,RGN005
CUST001392,Uday Singh,6723483893,Male,Single,1949211,Upper-Middle,Software Engineer,Low,29,Hindi,RGN013
CUST001393,Aditya Nair,8953828040,Male,Single,865033,Upper-Middle,Software Engineer,Low,60,Hindi,RGN038
CUST001394,Geeta Mehta,8612996508,Female,Single,1927184,Upper-Middle,Business Owner,Medium,50,Tamil,RGN023
CUST001395,Sunil Das,7695826418,Male,Married,285066,Low,Teacher,Low,32,Hindi,RGN048
CUST001396,Vinod Gupta,9965613087,Female,Single,1740528,Upper-Middle,Software Engineer,Low,53,Hindi,RGN036
CUST001397,Geeta Naik,9123859514,Female,Single,438989,Middle,Business Owner,Medium,38,Hindi,RGN035
CUST001398,Swati Bose,7468239484,Female,Single,1271634,Upper-Middle,Software Engineer,Low,48,Telugu,RGN020
CUST001399,Rahul Joshi,6027300869,Female,Single,988312,Upper-Middle,Software Engineer,Low,43,Hindi,RGN005
CUST001400,Manoj Chaudhary,9610168311,Male,Single,487630,Middle,Software Engineer,Low,27,Hindi,RGN044
CUST001401,Geeta Saxena,7950016809,Male,Single,387101,Middle,Hardware Technician,Medium,30,Hindi,RGN001
CUST001402,Siddharth Kumar,8149150762,Female,Single,713997,Middle,Software Engineer,Low,50,Hindi,RGN045
CUST001403,Meera Desai,7976205344,Female,Married,489193,Middle,Teacher,Low,33,Hindi,RGN049
CUST001404,Sandeep Patil,6777946207,Female,Married,369045,Middle,Driver,High,33,Hindi,RGN015
CUST001405,Sunita Mishra,7662925081,Male,Married,1647457,Upper-Middle,Doctor,Low,26,Hindi,RGN011
CUST001406,Ananya Patil,9760299140,Male,Married,565635,Middle,Software Engineer,Low,43,Hindi,RGN050
CUST001407,Divya Tiwari,9884133373,Female,Single,293771,Low,Teacher,Low,62,Hindi,RGN034
CUST001408,Tanvi Pandey,8488471270,Male,Married,1337047,Upper-Middle,Software Engineer,Low,25,Hindi,RGN012
CUST001409,Ananya Gupta,6703211920,Female,Single,3601413,High,Business Owner,Medium,38,Tamil,RGN023
CUST001410,Kritika Kulkarni,9136385277,Female,Married,247645,Low,Business Owner,Medium,54,Hindi,RGN050
CUST001411,Vinod Hegde,8613371844,Female,Divorced,551476,Middle,Real Estate Agent,Medium,37,Hindi,RGN025
CUST001412,Aditi Krishnan,8902950264,Male,Married,1692450,Upper-Middle,Software Engineer,Low,43,Hindi,RGN042
CUST001413,Gaurav Menon,6164403734,Male,Married,1589638,Upper-Middle,Software Engineer,Low,25,Hindi,RGN040
CUST001414,Shweta Menon,6678127782,Male,Single,2819334,High,Pilot,High,43,Tamil,RGN024
CUST001415,Rohit Patil,7102179821,Female,Married,998911,Upper-Middle,Software Engineer,Low,35,Kannada,RGN022
CUST001416,Rajesh Jadhav,7486298579,Male,Single,123649,Low,Front Desk Executive,Low,49,Hindi,RGN040
CUST001417,Amrita Bose,9363831828,Female,Married,594821,Middle,Real Estate Agent,Medium,52,Hindi,RGN008
CUST001418,Shruti Gowda,8605397079,Male,Single,649882,Middle,Business Owner,Medium,65,Hindi,RGN011
CUST001419,Neha Srivastava,9617706736,Male,Single,1336339,Upper-Middle,Real Estate Agent,Medium,44,Hindi,RGN009
CUST001420,Neha Nair,7050682122,Female,Married,1353348,Upper-Middle,Software Engineer,Low,41,Telugu,RGN018
CUST001421,Gaurav Pandey,7552165058,Male,Married,1871608,Upper-Middle,Business Owner,Medium,40,Hindi,RGN001
CUST001422,Siddharth Hegde,9146921821,Male,Married,334009,Middle,Teacher,Low,33,Hindi,RGN010
CUST001423,Kritika Sharma,7596790898,Male,Married,688144,Middle,Real Estate Agent,Medium,42,Hindi,RGN006
CUST001424,Shruti Patil,8369984802,Male,Single,857873,Upper-Middle,Real Estate Agent,Medium,34,Hindi,RGN044
CUST001425,Isha Chaudhary,7050938694,Female,Divorced,65850,Low,Farmer,Medium,40,Hindi,RGN044
CUST001426,Divya Patil,8249598811,Male,Single,1009236,Upper-Middle,Software Engineer,Low,53,Hindi,RGN034
CUST001427,Kunal Joshi,8578870715,Male,Single,241795,Low,Teacher,Low,25,Hindi,RGN026
CUST001428,Swati Patel,7386767382,Male,Married,450901,Middle,Software Engineer,Low,51,Tamil,RGN024
CUST001429,Isha Malhotra,6974619177,Female,Married,643995,Middle,Business Owner,Medium,53,Hindi,RGN038
CUST001430,Sapna More,9682996872,Female,Married,392506,Middle,Software Engineer,Low,36,Hindi,RGN002
CUST001431,Anjali More,7589370858,Male,Divorced,1745010,Upper-Middle,Business Owner,Medium,18,Hindi,RGN003
CUST001432,Nikhil Gupta,6623504056,Female,Married,1488764,Upper-Middle,Doctor,Low,30,Hindi,RGN016
CUST001433,Shweta Hegde,9957900124,Female,Married,461687,Middle,Teacher,Low,53,Hindi,RGN041
CUST001434,Nikhil Dubey,7554428679,Male,Married,1530444,Upper-Middle,Software Engineer,Low,37,Hindi,RGN007
CUST001435,Sarika Mehta,9325942328,Female,Single,232953,Low,Farmer,Medium,26,Hindi,RGN049
CUST001436,Swati Bose,8633891562,Male,Married,848766,Upper-Middle,Software Engineer,Low,31,Hindi,RGN036
CUST001437,Pradeep More,8152857256,Male,Married,181922,Low,Teacher,Low,48,Hindi,RGN028
CUST001438,Bhavna Saxena,7926933589,Male,Married,161161,Low,Farmer,Medium,44,Hindi,RGN048
CUST001439,Nandini Rajan,8138186550,Female,Married,2641587,High,Business Owner,Medium,35,Oriya,RGN031
CUST001440,Aditya Nair,9846850957,Male,Single,880836,Upper-Middle,Real Estate Agent,Medium,33,Hindi,RGN009
CUST001441,Santosh Deshpande,8430349189,Female,Widowed,719314,Middle,Business Owner,Medium,33,Hindi,RGN012
CUST001442,Varun Iyer,6179720385,Male,Single,222897,Low,Hardware Technician,Medium,26,Hindi,RGN008
CUST001443,Anil Pandey,7401536415,Female,Married,199632,Low,Driver,High,57,Hindi,RGN044
CUST001444,Aditya Srivastava,8715531325,Female,Married,284497,Low,Teacher,Low,34,Kannada,RGN022
CUST001445,Vinod Agarwal,7678136750,Female,Married,258148,Low,Teacher,Low,52,Hindi,RGN050
CUST001446,Rekha Venkatesh,6942141052,Male,Married,186865,Low,Teacher,Low,56,Hindi,RGN044
CUST001447,Neha Tripathi,9698198780,Male,Married,1579801,Upper-Middle,Software Engineer,Low,49,Hindi,RGN028
CUST001448,Isha Singh,7704523888,Male,Married,375148,Middle,Real Estate Agent,Medium,32,Hindi,RGN006
CUST001449,Anjali Srivastava,8622586605,Female,Single,1450161,Upper-Middle,Software Engineer,Low,42,Kannada,RGN022
CUST001450,Prakash Malhotra,9787442275,Male,Married,1791902,Upper-Middle,Doctor,Low,37,Telugu,RGN019
CUST001451,Suresh Shah,8485965594,Male,Married,392281,Middle,Teacher,Low,27,Hindi,RGN046
CUST001452,Poonam Chaudhary,7824911650,Female,Married,1538911,Upper-Middle,Software Engineer,Low,41,Hindi,RGN035
CUST001453,Harsha Mehta,7000245393,Female,Married,138534,Low,Front Desk Executive,Low,23,Hindi,RGN046
CUST001454,Rohit Menon,6321551305,Male,Married,1497895,Upper-Middle,Software Engineer,Low,52,Hindi,RGN002
CUST001455,Sapna Pandey,8708368214,Male,Married,2297517,High,Business Owner,Medium,32,Hindi,RGN046
CUST001456,Kunal Bose,8488966997,Male,Single,261329,Low,Driver,High,40,Hindi,RGN045
CUST001457,Prakash Tiwari,7736774620,Male,Married,1761709,Upper-Middle,Software Engineer,Low,41,Hindi,RGN028
CUST001458,Sarika Mehta,7582543183,Male,Divorced,1856869,Upper-Middle,Business Owner,Medium,34,Hindi,RGN026
CUST001459,Sunil Mishra,7812312392,Male,Married,2975258,High,Software Engineer,Low,45,Hindi,RGN015
CUST001460,Tanvi Jadhav,6491060183,Male,Married,1788168,Upper-Middle,Software Engineer,Low,32,Tamil,RGN024
CUST001461,Akash Patil,9472387508,Male,Married,624892,Middle,Software Engineer,Low,48,Hindi,RGN040
CUST001462,Anjali More,7768172257,Female,Married,2806734,High,Software Engineer,Low,21,Hindi,RGN001
CUST001463,Sneha Shah,9545847262,Male,Married,4761735,High,Doctor,Low,39,Hindi,RGN035
CUST001464,Bhavna Gowda,6529187683,Male,Married,2958330,High,Software Engineer,Low,61,Kannada,RGN021
CUST001465,Anil Kulkarni,6608271721,Female,Single,152670,Low,Farmer,Medium,25,Hindi,RGN044
CUST001466,Swati Hegde,9337399205,Female,Married,466028,Middle,Teacher,Low,29,Hindi,RGN029
CUST001467,Harsha Das,7229993621,Female,Married,1564644,Upper-Middle,Software Engineer,Low,44,Telugu,RGN018
CUST001468,Swati Das,9591438823,Male,Married,426129,Middle,Software Engineer,Low,40,Tamil,RGN024
CUST001469,Manoj Kumar,75539XXXXX,Male,Single,251944,Low,Hardware Technician,Medium,42,Hindi,RGN050
CUST001470,Nandini Malhotra,8617773264,Male,Married,81641,Low,Farmer,Medium,43,Hindi,RGN035
CUST001471,Pooja Kulkarni,7095449791,Male,Divorced,304554,Middle,Driver,High,45,Hindi,RGN001
CUST001472,Rekha Desai,7799702927,Male,Married,626415,Middle,Teacher,Low,51,Hindi,RGN045
CUST001473,Kritika Das,6205397871,Female,Married,856106,Upper-Middle,Doctor,Low,42,Hindi,RGN010
CUST001474,Sunita Srivastava,7752988322,Other,Single,3508598,High,Business Owner,Medium,35,Hindi,RGN043
CUST001475,Deepak Dubey,6125608320,Female,Divorced,1293991,Upper-Middle,Software Engineer,Low,46,Hindi,RGN046
CUST001476,Prakash Patil,6487978889,Female,Married,218916,Low,Driver,High,60,Hindi,RGN010
CUST001477,Amrita Gupta,9535852386,Male,Married,2808404,High,Doctor,Low,36,Hindi,RGN037
CUST001478,Vishal Agarwal,6030443619,Female,Married,638736,Middle,Real Estate Agent,Medium,26,Hindi,RGN016
CUST001479,Karan Subramanian,8171523910,Male,Widowed,180889,Low,Driver,High,51,Telugu,RGN017
CUST001480,Anjali Shah,7929501437,Male,Married,390622,Middle,Software Engineer,Low,36,Hindi,RGN026
CUST001481,Aditi Verma,8830930967,Male,Married,242265,Low,Teacher,Low,18,Hindi,RGN004
CUST001482,Sunil Shah,6397191260,Female,Married,1314034,Upper-Middle,Business Owner,Medium,48,Hindi,RGN010
CUST001483,Yash Kulkarni,7213217672,Male,Married,91836,Low,Farmer,Medium,31,Hindi,RGN034
CUST001484,Varun Malhotra,6191116612,Male,Single,1308821,Upper-Middle,Software Engineer,Low,36,Hindi,RGN047
CUST001485,Anjali Tiwari,7019072587,Male,Widowed,1524266,Upper-Middle,Software Engineer,Low,41,Hindi,RGN029
CUST001486,Pradeep Malhotra,7393049366,Female,Single,2178038,High,Business Owner,Medium,40,Hindi,RGN046
CUST001487,Aarav Verma,8380274812,Female,Single,2685259,High,Software Engineer,Low,46,Hindi,RGN011
CUST001488,Neha Mehta,8211408682,Female,Divorced,316023,Middle,Business Owner,Medium,32,Hindi,RGN036
CUST001489,Aarav Kapoor,8095229462,Female,Married,3936507,High,Business Owner,Medium,44,Hindi,RGN027
CUST001490,Gaurav Chakraborty,6935561039,Male,Married,2222800,High,Business Owner,Medium,34,Hindi,RGN015
CUST001491,Rohit More,8297013712,Female,Married,403557,Middle,Real Estate Agent,Medium,46,Tamil,RGN024
CUST001492,Uday Iyer,8365858564,Male,Divorced,301273,Middle,Front Desk Executive,Low,45,Telugu,RGN017
CUST001493,Suresh Patil,7304120270,Male,Married,781602,Middle,Software Engineer,Low,26,Hindi,RGN050
CUST001494,Karan Srivastava,9159273874,Male,Married,4104157,High,Doctor,Low,51,Hindi,RGN047
CUST001495,Sandeep Kumar,6299071669,Female,Married,123093,Low,Farmer,Medium,31,Hindi,RGN050
CUST001496,Rekha Chakraborty,6632248155,Male,Single,2428029,High,Software Engineer,Low,47,Hindi,RGN033
CUST001497,Karan Bose,8203403010,Male,Single,567977,Middle,Software Engineer,Low,42,Hindi,RGN042
CUST001498,Priya Venkatesh,8679756491,Male,Single,176953,Low,Farmer,Medium,60,Hindi,RGN006
CUST001499,Tanvi Desai,8795546234,Female,Single,135986,Low,Hardware Technician,Medium,35,Telugu,RGN018
CUST001500,Priya Singh,9124760108,Female,Widowed,211661,Low,Driver,High,33,Hindi,RGN045
CUST001501,Amrita Tripathi,6181030683,Female,Married,2393299,High,Doctor,Low,37,Hindi,RGN049
CUST001502,Varun Mehta,6764172680,Male,Married,999568,Upper-Middle,Software Engineer,Low,34,Hindi,RGN030
CUST001503,Aryan Gowda,6815712901,Male,Single,1291215,Upper-Middle,Software Engineer,Low,47,Tamil,RGN024
CUST001504,Sapna Chakraborty,8071380671,Male,Married,601122,Middle,Software Engineer,Low,18,Tamil,RGN024
CUST001505,Anil Kulkarni,7073510458,Female,Single,1696586,Upper-Middle,Business Owner,Medium,25,Hindi,RGN049
CUST001506,Aditi Iyer,7515837767,Male,Married,803071,Upper-Middle,Real Estate Agent,Medium,25,Hindi,RGN046
CUST001507,Deepa Reddy,9258857669,Male,Married,427691,Middle,Hardware Technician,Medium,49,Telugu,RGN017
CUST001508,Vishal Tripathi,8703180533,Other,Married,1265526,Upper-Middle,Software Engineer,Low,58,Kannada,RGN021
CUST001509,Kunal Agarwal,9274666215,Female,Single,294195,Low,Driver,High,36,Hindi,RGN013
CUST001510,Kritika Agarwal,6832700046,Female,Married,494635,Middle,Real Estate Agent,Medium,35,Hindi,RGN005
CUST001511,Divya Venkatesh,9614590110,Male,Single,134127,Low,Driver,High,38,Hindi,RGN004
CUST001512,Sarika Hegde,9977140049,Male,Married,589998,Middle,Teacher,Low,51,Hindi,RGN007
CUST001513,Rohit Nair,7881949053,Female,Single,389262,Middle,Real Estate Agent,Medium,26,Hindi,RGN016
CUST001514,Vishal Shetty,6520499809,Female,Married,588149,Middle,Business Owner,Medium,40,Telugu,RGN017
CUST001515,Neha Bose,8976987313,Female,Married,1574649,Upper-Middle,Software Engineer,Low,49,Hindi,RGN012
CUST001516,Vinod Saxena,9971669841,Male,Divorced,978074,Upper-Middle,Software Engineer,Low,44,Oriya,RGN031
CUST001517,Aryan Tiwari,9612374077,Male,Divorced,222674,Low,Teacher,Low,40,Hindi,RGN016
CUST001518,Sarika Dubey,8332562389,Male,Divorced,272593,Low,Teacher,Low,50,Hindi,RGN050
CUST001519,Manoj Agarwal,8991970142,Female,Married,2246121,High,Software Engineer,Low,18,Hindi,RGN011
CUST001520,Sarika Hegde,,Male,Married,184468,Low,Hardware Technician,Medium,46,Hindi,RGN047
CUST001521,Rohit Iyer,6160204181,Male,Married,212113,Low,Hardware Technician,Medium,30,Hindi,RGN008
CUST001522,Deepak Gowda,7599898972,Male,Single,127354,Low,Front Desk Executive,Low,18,Hindi,RGN050
CUST001523,Priya Rao,6170889480,Male,Single,275507,Low,Business Owner,Medium,44,Hindi,RGN012
CUST001524,Sarika Hegde,6864482217,Female,Married,1799744,Upper-Middle,Software Engineer,Low,54,Hindi,RGN027
CUST001525,Meera Agarwal,8883978570,Female,Married,931915,Upper-Middle,Software Engineer,Low,36,Oriya,RGN032
CUST001526,Sandeep Tripathi,7004806757,Female,Married,643298,Middle,Teacher,Low,49,Kannada,RGN021
CUST001527,Ananya Jadhav,6236914961,Male,Divorced,4292205,High,Doctor,Low,57,Hindi,RGN049
CUST001528,Yash Tiwari,6287942968,Male,Single,545352,Middle,Teacher,Low,53,Hindi,RGN027
CUST001529,Shweta Jadhav,7769704095,Female,Married,1560047,Upper-Middle,Software Engineer,Low,57,Hindi,RGN037
CUST001530,Sandeep Verma,7141961560,Male,Married,139314,Low,Farmer,Medium,46,Hindi,RGN048
CUST001531,Rajesh Nair,9832748835,Male,Single,1048423,Upper-Middle,Software Engineer,Low,38,Hindi,RGN014
CUST001532,Pooja Balaji,9517962409,Male,Single,1781337,Upper-Middle,Software Engineer,Low,18,Hindi,RGN016
CUST001533,Deepa Rao,9496683496,Male,Married,4469031,High,Doctor,Low,35,Telugu,RGN017
CUST001534,Nikhil Sharma,6478421702,Female,Single,235303,Low,Front Desk Executive,Low,27,Hindi,RGN013
CUST001535,Sunita Iyer,8162259364,Female,Single,3618834,High,Doctor,Low,64,Kannada,RGN021
CUST001536,Sandeep Bose,7089348688,Female,Single,671272,Middle,Teacher,Low,35,Telugu,RGN019
CUST001537,Nikhil Gowda,7906246728,Female,Married,938476,Upper-Middle,Software Engineer,Low,39,Hindi,RGN047
CUST001538,Deepak Jadhav,9991609114,Female,Married,1186059,Upper-Middle,Doctor,Low,44,Hindi,RGN008
CUST001539,Nandini Kapoor,6319359236,Male,Single,777746,Middle,Software Engineer,Low,38,Hindi,RGN039
CUST001540,Priya Sharma,6337605230,Female,Divorced,483012,Middle,Software Engineer,Low,58,Hindi,RGN038
CUST001541,Suresh Verma,8588165025,Female,Married,3697667,High,Business Owner,Medium,30,Hindi,RGN007
CUST001542,Aditi Shah,8472419165,Male,Married,914149,Upper-Middle,Software Engineer,Low,40,Hindi,RGN002
CUST001543,Suresh Das,6344096617,Male,Married,443563,Middle,Software Engineer,Low,29,Hindi,RGN028
CUST001544,Aryan Saxena,9182498980,Female,Married,215934,Low,Driver,High,22,Hindi,RGN004
CUST001545,Harsha Subramanian,6678214174,Other,Single,275940,Low,Driver,High,30,Hindi,RGN039
CUST001546,Deepa Hegde,9813592664,Female,Married,554538,Middle,Teacher,Low,37,Hindi,RGN003
CUST001547,Anil Malhotra,9989396987,Female,Single,351028,Middle,Teacher,Low,32,Hindi,RGN044
CUST001548,Ananya Shah,8869415594,Male,Married,177934,Low,Farmer,Medium,29,Hindi,RGN007
CUST001549,Shruti Naik,8011929207,Male,Married,1061226,Upper-Middle,Software Engineer,Low,21,Hindi,RGN045
CUST001550,Isha Gowda,8360511716,Female,Married,390844,Middle,Teacher,Low,37,Hindi,RGN012
CUST001551,Gaurav Rao,6398863653,Male,Married,315610,Middle,Driver,High,19,Hindi,RGN011
CUST001552,Tanvi Sharma,9218945590,Male,Widowed,1067720,Upper-Middle,Doctor,Low,47,Hindi,RGN015
CUST001553,Ravi Kapoor,9700099424,Female,Married,475852,Middle,Teacher,Low,38,Hindi,RGN033
CUST001554,Nikhil Venkatesh,8204664896,Male,Single,998608,Upper-Middle,Business Owner,Medium,20,Hindi,RGN027
CUST001555,Vishal Chakraborty,9760564204,Female,Married,605902,Middle,Software Engineer,Low,34,Hindi,RGN050
CUST001556,Harsha Kapoor,8657758097,Male,Married,270366,Low,Farmer,Medium,28,Hindi,RGN039
CUST001557,Gaurav Sharma,8533890623,Male,Widowed,394297,Middle,Teacher,Low,41,Hindi,RGN027
CUST001558,Sarika Nair,8466226540,Male,Married,2689334,High,Software Engineer,Low,54,Hindi,RGN003
CUST001559,Sapna Shetty,6659953006,Male,Single,2223789,High,Business Owner,Medium,18,Hindi,RGN036
CUST001560,Harsha Patil,7212242767,Female,Married,1443454,Upper-Middle,Software Engineer,Low,39,Hindi,RGN025
CUST001561,Deepa Tripathi,9462591601,Female,Married,592481,Middle,Teacher,Low,36,Hindi,RGN015
CUST001562,Ananya Balaji,6241158488,Male,Married,2210725,High,Business Owner,Medium,46,Hindi,RGN016
CUST001563,Vijay Subramanian,9008017986,Female,Married,562612,Middle,Teacher,Low,40,Hindi,RGN037
CUST001564,Anil Pillai,9782312995,Female,Divorced,682664,Middle,Doctor,Low,28,Hindi,RGN036
CUST001565,Shruti Mishra,9047264261,Male,Widowed,239460,Low,Front Desk Executive,Low,34,Hindi,RGN029
CUST001566,Sapna Chaudhary,7120384375,Female,Married,94771,Low,Farmer,Medium,28,Hindi,RGN027
CUST001567,Aditi Menon,6027300869,Female,Married,538387,Middle,Teacher,Low,50,Tamil,RGN023
CUST001568,Kritika Subramanian,7548242183,Male,Single,1216883,Upper-Middle,Doctor,Low,38,Hindi,RGN026
CUST001569,Sanjay Rajan,8454006445,Female,Single,389322,Middle,Teacher,Low,60,Hindi,RGN035
CUST001570,Neha Saxena,8752311232,Female,Married,365820,Middle,Teacher,Low,37,Hindi,RGN010
CUST001571,Ananya Shetty,9489791776,Male,Single,1395146,Upper-Middle,Software Engineer,Low,29,Hindi,RGN029
CUST001572,Rekha Tiwari,7342720388,Male,Married,3642646,High,Business Owner,Medium,19,Hindi,RGN009
CUST001573,Deepa Chakraborty,92175XXXXX,Male,Married,1017720,Upper-Middle,Software Engineer,Low,18,Hindi,RGN045
CUST001574,Vijay Srivastava,9304530693,Male,Single,1100035,Upper-Middle,Software Engineer,Low,18,Tamil,RGN023
CUST001575,Neha Iyer,8882493534,Female,Married,1722402,Upper-Middle,Software Engineer,Low,41,Telugu,RGN018
CUST001576,Ramesh Naik,6018167784,Male,Single,1478354,Upper-Middle,Business Owner,Medium,44,Tamil,RGN024
CUST001577,Neha Jadhav,6652444544,Male,Married,131373,Low,Hardware Technician,Medium,19,Hindi,RGN006
CUST001578,Sunita Dubey,9083851799,Female,Single,203222,Low,Front Desk Executive,Low,48,Hindi,RGN034
CUST001579,Uday Desai,7781053912,Female,Married,1523136,Upper-Middle,Business Owner,Medium,32,Hindi,RGN028
CUST001580,Vinod Mishra,9884869996,Male,Single,1496433,Upper-Middle,Software Engineer,Low,39,Oriya,RGN032
CUST001581,Santosh Mishra,7904579271,Female,Married,182428,Low,Front Desk Executive,Low,57,Hindi,RGN003
CUST001582,Zara Pandey,8724630198,Male,Married,1044933,Upper-Middle,Software Engineer,Low,48,Telugu,RGN020
CUST001583,Aarav Chakraborty,9424238397,Female,Single,99128,Low,Driver,High,34,Hindi,RGN048
CUST001584,Sunil Hegde,7833912187,Female,Married,286262,Low,Teacher,Low,27,Oriya,RGN031
CUST001585,Isha Iyer,6629328809,Female,Single,2570008,High,Software Engineer,Low,18,Telugu,RGN017
CUST001586,Sanjay Iyer,7221010232,Female,Married,2342211,High,Software Engineer,Low,29,Hindi,RGN045
CUST001587,Zara Singh,6018676610,Male,Single,244456,Low,Farmer,Medium,35,Tamil,RGN023
CUST001588,Shweta Chaudhary,6898761081,Female,Widowed,2511390,High,Software Engineer,Low,26,Hindi,RGN003
CUST001589,Geeta Tiwari,8356140384,Female,Married,353018,Middle,Driver,High,36,Hindi,RGN037
CUST001590,Anjali Gowda,8319807468,Male,Married,1798968,Upper-Middle,Software Engineer,Low,38,Hindi,RGN010
CUST001591,Anjali Kapoor,7354695100,Male,Married,339343,Middle,Teacher,Low,35,Hindi,RGN041
CUST001592,Suresh Tiwari,7076205459,Male,Married,191142,Low,Farmer,Medium,30,Hindi,RGN029
CUST001593,Isha Venkatesh,9715006666,Male,Married,831926,Upper-Middle,Software Engineer,Low,40,Hindi,RGN014
CUST001594,Kavya Iyer,6571983863,Female,Married,154378,Low,Driver,High,43,Hindi,RGN014
CUST001595,Nikhil Jadhav,8078516994,Male,Widowed,1374981,Upper-Middle,Software Engineer,Low,24,Telugu,RGN020
CUST001596,Rohit Sharma,9089058366,Female,Married,573234,Middle,Software Engineer,Low,54,Hindi,RGN010
CUST001597,Deepa Krishnan,7482689996,Female,Married,358748,Middle,Teacher,Low,36,Hindi,RGN042
CUST001598,Shweta Nair,7697083868,Male,Married,2158147,High,Software Engineer,Low,38,Oriya,RGN031
CUST001599,Isha Balaji,6787915059,Male,Married,1488902,Upper-Middle,Real Estate Agent,Medium,46,Hindi,RGN045
CUST001600,Pradeep Agarwal,7836084937,Male,Married,1377520,Upper-Middle,Business Owner,Medium,40,Tamil,RGN024
CUST001601,Vijay Naik,7201265789,Female,Married,158175,Low,Teacher,Low,49,Hindi,RGN004
CUST001602,Shweta Dubey,7604180952,Female,Married,359715,Middle,Real Estate Agent,Medium,41,Hindi,RGN040
CUST001603,Siddharth Das,6755851777,Male,Single,136721,Low,Hardware Technician,Medium,30,Hindi,RGN026
CUST001604,Kritika Deshpande,8127469211,Male,Married,116206,Low,Driver,High,42,Hindi,RGN014
CUST001605,Kunal Pillai,8079056965,Male,Single,5462138,High,Pilot,High,24,Hindi,RGN007
CUST001606,Akash Das,7297589170,Male,Married,3116093,High,Doctor,Low,39,Hindi,RGN035
CUST001607,Priya Saxena,8542185457,Male,Widowed,1545052,Upper-Middle,Business Owner,Medium,37,Hindi,RGN026
CUST001608,Sunil Chaudhary,6568209225,Male,Single,2823018,High,Doctor,Low,35,Hindi,RGN002
CUST001609,Deepak Joshi,9090016356,Male,Married,884580,Upper-Middle,Real Estate Agent,Medium,36,Hindi,RGN042
CUST001610,Aryan Dubey,8072324728,Female,Married,307884,Middle,Teacher,Low,18,Hindi,RGN033
CUST001611,Rekha Menon,7895400178,Female,Single,133521,Low,Driver,High,31,Telugu,RGN018
CUST001612,Rohit Sharma,7247312616,Male,Divorced,1981115,Upper-Middle,Software Engineer,Low,39,Hindi,RGN025
CUST001613,Kavya Verma,8071058011,Male,Married,192639,Low,Farmer,Medium,39,Kannada,RGN021
CUST001614,Ananya Menon,8092711526,Female,Married,1586304,Upper-Middle,Software Engineer,Low,25,Hindi,RGN035
CUST001615,Ananya Shah,6053709230,Male,Divorced,1309451,Upper-Middle,Software Engineer,Low,53,Hindi,RGN030
CUST001616,Amrita Patil,6716950074,Male,Single,168366,Low,Farmer,Medium,27,Hindi,RGN010
CUST001617,Ravi Sharma,6894854329,Male,Single,284430,Low,Farmer,Medium,49,Tamil,RGN023
CUST001618,Deepak Pillai,9698936529,Male,Married,758200,Middle,Software Engineer,Low,43,Hindi,RGN008
CUST001619,Ravi Krishnan,8471619827,Female,Single,163233,Low,Front Desk Executive,Low,30,Hindi,RGN028
CUST001620,Vinod Joshi,7481310450,Other,Divorced,1279503,Upper-Middle,Software Engineer,Low,59,Hindi,RGN025
CUST001621,Mohit Deshpande,7589632174,Male,Married,90023,Low,Driver,High,23,Hindi,RGN048
CUST001622,Divya Saxena,7574835268,Male,Widowed,1639456,Upper-Middle,Business Owner,Medium,49,Hindi,RGN014
CUST001623,Rajesh Jadhav,6648606739,Female,Single,2904364,High,Business Owner,Medium,50,Hindi,RGN033
CUST001624,Isha Balaji,7448838425,Male,Divorced,556032,Middle,Teacher,Low,29,Hindi,RGN049
CUST001625,Poonam Kumar,7646280550,Female,Single,205089,Low,Front Desk Executive,Low,54,Hindi,RGN030
CUST001626,Nikhil Joshi,9740657955,Male,Single,183444,Low,Front Desk Executive,Low,34,Hindi,RGN036
CUST001627,Nandini Desai,6562392090,Male,Married,1706839,Upper-Middle,Software Engineer,Low,41,Hindi,RGN002
CUST001628,Ramesh Pillai,8510740913,Female,Single,353537,Middle,Driver,High,41,Telugu,RGN017
CUST001629,Bhavna Hegde,6117861902,Female,Married,134530,Low,Driver,High,36,Hindi,RGN004
CUST001630,Rohit Das,8476022069,Male,Single,441605,Middle,Teacher,Low,47,Hindi,RGN015
CUST001631,Mohit Das,8354120122,Female,Married,1980498,Upper-Middle,Business Owner,Medium,47,Tamil,RGN024
CUST001632,Geeta Kumar,9595002601,Male,Married,260290,Low,Teacher,Low,18,Telugu,RGN020
CUST001633,Deepak Dubey,8153259479,Female,Single,147952,Low,Driver,High,53,Hindi,RGN046
CUST001634,Meera Srivastava,8074071732,Male,Single,2856389,High,Software Engineer,Low,18,Tamil,RGN023
CUST001635,Aarav Pandey,9980595031,Male,Married,1479036,Upper-Middle,Real Estate Agent,Medium,50,Hindi,RGN001
CUST001636,Amrita Menon,6064934039,Female,Married,268836,Low,Hardware Technician,Medium,51,Hindi,RGN048
CUST001637,Anil Mishra,7064969357,Male,Married,954896,Upper-Middle,Software Engineer,Low,24,Telugu,RGN018
CUST001638,Vishal Tiwari,8118491359,Female,Divorced,434699,Middle,Hardware Technician,Medium,33,Hindi,RGN033
CUST001639,Kritika Pillai,7855359520,Female,Married,681533,Middle,Real Estate Agent,Medium,24,Hindi,RGN004
CUST001640,Sneha Dubey,8610067990,Female,Married,1101733,Upper-Middle,Software Engineer,Low,35,Hindi,RGN044
CUST001641,Suresh Agarwal,6696801867,Female,Widowed,297608,Low,Farmer,Medium,34,Hindi,RGN043
CUST001642,Rohit Nair,9403784233,Male,Single,1331161,Upper-Middle,Software Engineer,Low,47,Hindi,RGN026
CUST001643,Rekha Singh,8495300677,Male,Married,907025,Upper-Middle,Software Engineer,Low,53,Hindi,RGN029
CUST001644,Mohit Saxena,9255032501,Female,Divorced,1087342,Upper-Middle,Real Estate Agent,Medium,54,Telugu,RGN019
CUST001645,Mohit Nair,9365426241,Female,Divorced,140635,Low,Front Desk Executive,Low,31,Hindi,RGN012
CUST001646,Poonam Srivastava,9842902923,Male,Single,387621,Middle,Software Engineer,Low,35,Oriya,RGN032
CUST001647,Poonam Shetty,7451100906,Male,Married,2872607,High,Software Engineer,Low,18,Hindi,RGN003
CUST001648,Priya Kumar,6530886843,Male,Married,834974,Upper-Middle,Software Engineer,Low,28,Hindi,RGN006
CUST001649,Ananya Krishnan,6211667329,Female,Married,1502468,Upper-Middle,Software Engineer,Low,49,Tamil,RGN024
CUST001650,Uday Sharma,6457598875,Female,Divorced,768840,Middle,Real Estate Agent,Medium,57,Hindi,RGN042
CUST001651,Neha Joshi,7129964260,Female,Widowed,965415,Upper-Middle,Software Engineer,Low,23,Hindi,RGN005
CUST001652,Rahul Pandey,7362027558,Male,Divorced,2535913,High,Doctor,Low,30,Hindi,RGN027
CUST001653,Meera Rao,7147709207,Female,Married,2332880,High,Software Engineer,Low,37,Hindi,RGN029
CUST001654,Vinod Krishnan,6152380236,Female,Married,506982,Middle,Teacher,Low,41,Hindi,RGN011
CUST001655,Suresh Dubey,7192158189,Female,Single,226337,Low,Farmer,Medium,28,Hindi,RGN041
CUST001656,Sandeep Kulkarni,9059161186,Female,Married,174677,Low,Driver,High,43,Tamil,RGN024
CUST001657,Tanvi Tripathi,7855881959,Male,Single,4425570,High,Doctor,Low,32,Kannada,RGN021
CUST001658,Lakshmi Joshi,9721688005,Male,Married,136266,Low,Driver,High,37,Hindi,RGN036
CUST001659,Anil Rao,7789318692,Male,Married,652245,Middle,Teacher,Low,44,Hindi,RGN025
CUST001660,Nandini Rajan,9284540182,Male,Widowed,384913,Middle,Hardware Technician,Medium,38,Hindi,RGN035
CUST001661,Rohit Reddy,7720028394,Female,Married,325297,Middle,Teacher,Low,32,Hindi,RGN037
CUST001662,Suresh Rao,7322041447,Female,Married,1291839,Upper-Middle,Software Engineer,Low,36,Hindi,RGN035
CUST001663,Rohit Iyer,8328116599,Female,Married,608484,Middle,Software Engineer,Low,36,Hindi,RGN025
CUST001664,Aarav Balaji,7020203042,Male,Married,146798,Low,Driver,High,33,Oriya,RGN032
CUST001665,Shweta Subramanian,7227752135,Male,Married,784787,Middle,Software Engineer,Low,34,Hindi,RGN026
CUST001666,Shweta Hegde,7028165064,Female,Married,309651,Middle,Hardware Technician,Medium,57,Hindi,RGN027
CUST001667,Akash Patel,9300593777,Female,Married,317209,Middle,Front Desk Executive,Low,44,Hindi,RGN045
CUST001668,Deepa Jadhav,8691983210,Female,Widowed,1647888,Upper-Middle,Software Engineer,Low,34,Hindi,RGN016
CUST001669,Amrita Rajan,7916174690,Male,Married,2328354,High,Business Owner,Medium,46,Hindi,RGN013
CUST001670,Suresh Kapoor,7983104384,Female,Single,2691300,High,Software Engineer,Low,33,Hindi,RGN041
CUST001671,Aarav Verma,6966229131,Male,Married,2654262,High,Software Engineer,Low,52,Hindi,RGN005
CUST001672,Shweta Gowda,9708056856,Male,Married,516652,Middle,Teacher,Low,42,Oriya,RGN031
CUST001673,Lakshmi Hegde,9706362198,Male,Married,347323,Middle,Teacher,Low,36,Hindi,RGN027
CUST001674,Kritika Sharma,9550494440,Male,Married,341741,Middle,Teacher,Low,43,Hindi,RGN010
CUST001675,Vinod Patil,9663493396,Male,Married,368920,Middle,Driver,High,19,Hindi,RGN005
CUST001676,Kritika Rajan,8049627322,Male,Single,214323,Low,Hardware Technician,Medium,24,Hindi,RGN040
CUST001677,Yash Nair,9261142436,Male,Married,3653339,High,Business Owner,Medium,23,Hindi,RGN041
CUST001678,Varun More,7585421880,Male,Single,656234,Middle,Teacher,Low,39,Hindi,RGN029
CUST001679,Ananya Sharma,9991962341,Female,Married,1087745,Upper-Middle,Software Engineer,Low,58,Hindi,RGN035
CUST001680,Manoj Subramanian,9433853247,Female,Widowed,1763934,Upper-Middle,Software Engineer,Low,64,Hindi,RGN014
CUST001681,Harsha Agarwal,7505833343,Other,Married,1977314,Upper-Middle,Software Engineer,Low,45,Hindi,RGN005
CUST001682,Isha Rao,6311587605,Female,Married,1367574,Upper-Middle,Software Engineer,Low,44,Hindi,RGN041
CUST001683,Akash Rajan,8576947576,Male,Married,1324658,Upper-Middle,Software Engineer,Low,18,Hindi,RGN006
CUST001684,Sanjay Tiwari,8535365974,Male,Single,1628712,Upper-Middle,Software Engineer,Low,31,Hindi,RGN045
CUST001685,Tanvi Hegde,9698616342,Male,Single,756455,Middle,Software Engineer,Low,28,Telugu,RGN017
CUST001686,Pradeep More,6254508095,Female,Married,331632,Middle,Teacher,Low,30,Hindi,RGN037
CUST001687,Bhavna Agarwal,8815269255,Female,Single,2985550,High,Software Engineer,Low,35,Hindi,RGN039
CUST001688,Swati Sharma,9647213074,Male,Single,161819,Low,Teacher,Low,32,Hindi,RGN026
CUST001689,Uday Tiwari,7359142614,Male,Married,130964,Low,Farmer,Medium,18,Hindi,RGN044
CUST001690,Geeta Sharma,6489332614,Male,Single,1104309,Upper-Middle,Software Engineer,Low,46,Hindi,RGN014
CUST001691,Aditya Menon,8430796373,Male,Married,1725762,Upper-Middle,Software Engineer,Low,25,Hindi,RGN045
CUST001692,Geeta Shetty,6008178522,Male,Single,1232684,Upper-Middle,Business Owner,Medium,40,Hindi,RGN011
CUST001693,Suresh Malhotra,6158718452,Male,Single,679481,Middle,Teacher,Low,62,Hindi,RGN009
CUST001694,Manoj Chaudhary,7542687447,Male,Single,756058,Middle,Real Estate Agent,Medium,26,Hindi,RGN010
CUST001695,Vijay Naik,6173208652,Male,Married,251361,Low,Teacher,Low,18,Hindi,RGN044
CUST001696,Poonam Verma,7777296656,Female,Single,194608,Low,Driver,High,34,Oriya,RGN032
CUST001697,Priya Joshi,7370140052,Female,Married,1732331,Upper-Middle,Software Engineer,Low,51,Hindi,RGN025
CUST001698,Gaurav Chakraborty,9810558000,Female,Married,125133,Low,Driver,High,61,Hindi,RGN008
CUST001699,Neha Subramanian,7722142573,Female,Married,1548626,Upper-Middle,Software Engineer,Low,23,Hindi,RGN026
CUST001700,Harsha Bose,6609439136,Female,Single,323353,Middle,Front Desk Executive,Low,43,Hindi,RGN035
CUST001701,Rahul Hegde,6720313695,Male,Married,1226854,Upper-Middle,Software Engineer,Low,32,Hindi,RGN027
CUST001702,Vikram Chaudhary,8286209297,Male,Single,1196345,Upper-Middle,Business Owner,Medium,36,Hindi,RGN012
CUST001703,Sunita Saxena,7525953322,Male,Single,2272583,High,Doctor,Low,65,Hindi,RGN012
CUST001704,Siddharth Reddy,7739389920,Female,Married,475754,Middle,Real Estate Agent,Medium,19,Hindi,RGN012
CUST001705,Divya Malhotra,8573532366,Male,Single,1586168,Upper-Middle,Software Engineer,Low,41,Hindi,RGN005
CUST001706,Bhavna Srivastava,6850761087,Male,Married,533856,Middle,Teacher,Low,43,Hindi,RGN027
CUST001707,Vishal Kapoor,6826971823,Male,Single,199947,Low,Teacher,Low,51,Tamil,RGN024
CUST001708,Varun Agarwal,9010712615,Female,Married,1338385,Upper-Middle,Business Owner,Medium,39,Hindi,RGN005
CUST001709,Kritika Rao,7882176484,Female,Divorced,1509827,Upper-Middle,Software Engineer,Low,41,Hindi,RGN005
CUST001710,Anjali Reddy,9735742233,Female,Married,557148,Middle,Teacher,Low,33,Hindi,RGN013
CUST001711,Rekha Singh,7228019442,Female,Single,627802,Middle,Business Owner,Medium,41,Tamil,RGN024
CUST001712,Anjali Agarwal,8892225606,Male,Married,160874,Low,Teacher,Low,33,Hindi,RGN050
CUST001713,Kritika Sharma,7953506373,Male,Married,221421,Low,Driver,High,45,Hindi,RGN035
CUST001714,Divya Tripathi,6180467413,Male,Divorced,269217,Low,Teacher,Low,33,Telugu,RGN018
CUST001715,Arjun More,6753841852,Female,Married,2997114,High,Pilot,High,42,Hindi,RGN016
CUST001716,Rohit Mehta,6136260846,Male,Single,2466635,High,Doctor,Low,37,Hindi,RGN047
CUST001717,Rajesh Tiwari,7975615470,Female,Married,1213037,Upper-Middle,Business Owner,Medium,51,Telugu,RGN020
CUST001718,Harsha Iyer,8549121516,Female,Married,78397,Low,Farmer,Medium,37,Hindi,RGN016
CUST001719,Akash Joshi,8119556409,Female,Single,1453205,Upper-Middle,Software Engineer,Low,18,Hindi,RGN013
CUST001720,Karan More,6969395787,Female,Married,3745321,High,Business Owner,Medium,53,Hindi,RGN009
CUST001721,Rekha Tripathi,9072832684,Female,Widowed,459459,Middle,Software Engineer,Low,27,Hindi,RGN028
CUST001722,Rohit Deshpande,7019712124,Female,Married,198943,Low,Front Desk Executive,Low,30,Hindi,RGN040
CUST001723,Poonam Iyer,6393696789,Male,Married,2497218,High,Business Owner,Medium,30,Hindi,RGN007
CUST001724,Nandini Saxena,9609873126,Male,Single,320340,Middle,Hardware Technician,Medium,54,Hindi,RGN039
CUST001725,Karan Krishnan,9731922760,Male,Married,139828,Low,Front Desk Executive,Low,18,Hindi,RGN038
CUST001726,Aarav Desai,9598897865,Female,Married,175996,Low,Driver,High,65,Oriya,RGN032
CUST001727,Gaurav Reddy,7394319165,Male,Married,129586,Low,Driver,High,50,Hindi,RGN036
CUST001728,Rajesh Iyer,8308952312,Male,Single,466212,Middle,Software Engineer,Low,40,Hindi,RGN034
CUST001729,Swati More,6219150576,Male,Married,1005046,Upper-Middle,Software Engineer,Low,37,Tamil,RGN024
CUST001730,Anjali Sharma,8497470002,Male,Divorced,428729,Middle,Software Engineer,Low,41,Hindi,RGN026
CUST001731,Ravi Subramanian,9876448676,Female,Married,1326717,Upper-Middle,Pilot,High,44,Hindi,RGN008
CUST001732,Manoj Kumar,8979741636,Female,Single,1017638,Upper-Middle,Business Owner,Medium,45,Hindi,RGN012
CUST001733,Shweta Balaji,8604500635,Male,Single,2300011,High,Doctor,Low,44,Hindi,RGN040
CUST001734,Suresh Kapoor,8373096496,Female,Single,1712994,Upper-Middle,Software Engineer,Low,39,Hindi,RGN016
CUST001735,Prakash Agarwal,7771195296,Female,Married,135859,Low,Hardware Technician,Medium,35,Hindi,RGN010
CUST001736,Arjun Kapoor,7530597025,Male,Married,288682,Low,Farmer,Medium,36,Hindi,RGN041
CUST001737,Vishal Gupta,8128276364,Male,Married,180907,Low,Hardware Technician,Medium,35,Hindi,RGN014
CUST001738,Sunita Chaudhary,7159489895,Male,Married,89060,Low,Farmer,Medium,51,Hindi,RGN005
CUST001739,Zara Verma,9546634544,Female,Single,500756,Middle,Business Owner,Medium,45,Hindi,RGN013
CUST001740,Amrita Mishra,7441491699,Male,Married,119348,Low,Farmer,Medium,18,Hindi,RGN045
CUST001741,Mohit Kulkarni,7934497439,Female,Married,420009,Middle,Software Engineer,Low,45,Oriya,RGN032
CUST001742,Deepa Menon,8640882230,Male,Married,221133,Low,Driver,High,40,Hindi,RGN042
CUST001743,Rekha Kumar,8862973988,Female,Single,371131,Middle,Driver,High,37,Hindi,RGN029
CUST001744,Kavya Chaudhary,8132109720,Female,Married,453683,Middle,Hardware Technician,Medium,33,Hindi,RGN045
CUST001745,Sanjay Joshi,7170754853,Female,Married,897428,Upper-Middle,Real Estate Agent,Medium,51,Hindi,RGN005
CUST001746,Manoj Tiwari,8655792203,Female,Married,724813,Middle,Business Owner,Medium,49,Hindi,RGN041
CUST001747,Kavya Mehta,6044964612,Female,Single,2863973,High,Doctor,Low,28,Hindi,RGN007
CUST001748,Rohit Joshi,7900251213,Male,Married,1120354,Upper-Middle,Software Engineer,Low,42,Hindi,RGN030
CUST001749,Zara Agarwal,9565896359,Male,Married,196762,Low,Driver,High,26,Hindi,RGN048
CUST001750,Rohit Krishnan,8708619931,Male,Married,1053539,Upper-Middle,Business Owner,Medium,21,Hindi,RGN049
CUST001751,Prakash Gowda,8584345663,Male,Married,165779,Low,Farmer,Medium,30,Hindi,RGN011
CUST001752,Aryan Mishra,6138850342,Female,Married,650172,Middle,Real Estate Agent,Medium,48,Hindi,RGN014
CUST001753,Neha Shah,7622033474,Male,Married,1784608,Upper-Middle,Doctor,Low,49,Hindi,RGN030
CUST001754,Aditi Menon,7463104379,Male,Married,206474,Low,Front Desk Executive,Low,44,Tamil,RGN024
CUST001755,Mohit Tripathi,9868008529,Male,Married,3023001,High,Doctor,Low,46,Hindi,RGN001
CUST001756,Karan Desai,8690217741,Female,Married,291916,Low,Business Owner,Medium,44,Hindi,RGN026
CUST001757,Aditi Das,9430435023,Male,Single,190243,Low,Driver,High,30,Hindi,RGN016
CUST001758,Shweta Tripathi,8022894665,Female,Married,395417,Middle,Teacher,Low,43,Telugu,RGN018
CUST001759,Gaurav Pillai,7752332829,Female,Married,602994,Middle,Teacher,Low,47,Hindi,RGN047
CUST001760,Meera Subramanian,7020256913,Male,Single,731940,Middle,Software Engineer,Low,47,Hindi,RGN034
CUST001761,Sanjay Reddy,7030334677,Female,Single,414867,Middle,Teacher,Low,52,Hindi,RGN045
CUST001762,Sneha Subramanian,6167507627,Male,Married,279683,Low,Teacher,Low,46,Hindi,RGN008
CUST001763,Vinod Das,8530245301,Female,Single,222376,Low,Front Desk Executive,Low,42,Hindi,RGN041
CUST001764,Harsha Reddy,7398472303,Male,Married,463422,Middle,Hardware Technician,Medium,50,Hindi,RGN029
CUST001765,Akash Reddy,8202847190,Male,Divorced,2677021,High,Software Engineer,Low,37,Hindi,RGN011
CUST001766,Rohit Patil,7304501896,Female,Married,249042,Low,Hardware Technician,Medium,27,Hindi,RGN049
CUST001767,Suresh Joshi,9487177546,Male,Single,3922873,High,Doctor,Low,36,Hindi,RGN035
CUST001768,Deepak Venkatesh,6992406583,Male,Divorced,1071907,Upper-Middle,Software Engineer,Low,29,Hindi,RGN038
CUST001769,Siddharth More,9272581225,Male,Married,2267732,High,Business Owner,Medium,29,Hindi,RGN006
CUST001770,Gaurav Hegde,6956684482,Female,Single,286109,Low,Business Owner,Medium,36,Hindi,RGN010
CUST001771,Bhavna Patil,7733791212,Female,Married,1135692,Upper-Middle,Software Engineer,Low,28,Hindi,RGN043
CUST001772,Deepa Pillai,6101878035,Female,Married,1443278,Upper-Middle,Business Owner,Medium,34,Hindi,RGN003
CUST001773,Pradeep Iyer,9901707403,Male,Widowed,315592,Middle,Teacher,Low,18,Telugu,RGN019
CUST001774,Sneha Das,7519994529,Female,Married,218836,Low,Front Desk Executive,Low,40,Oriya,RGN031
CUST001775,Ananya Menon,8171222764,Male,Single,279277,Low,Teacher,Low,38,Telugu,RGN019
CUST001776,Nikhil Kapoor,7387220542,Male,Married,175751,Low,Farmer,Medium,28,Oriya,RGN031
CUST001777,Shweta Jadhav,7162654963,Male,Single,686254,Middle,Business Owner,Medium,45,Hindi,RGN013
CUST001778,Suresh Pandey,7083344470,Male,Married,397427,Middle,Hardware Technician,Medium,49,Hindi,RGN041
CUST001779,Ravi Kulkarni,8887899504,Female,Married,1910620,Upper-Middle,Business Owner,Medium,18,Hindi,RGN008
CUST001780,Santosh Patel,9020596851,Male,Widowed,879666,Upper-Middle,Real Estate Agent,Medium,28,Hindi,RGN027
CUST001781,Meera Bose,8377492663,Female,Widowed,1143175,Upper-Middle,Software Engineer,Low,28,Hindi,RGN015
CUST001782,Geeta Sharma,7956342777,Male,Married,1459506,Upper-Middle,Business Owner,Medium,26,Kannada,RGN022
CUST001783,Aditya Naik,8225920616,Male,Married,1689071,Upper-Middle,Software Engineer,Low,47,Hindi,RGN045
CUST001784,Sarika Desai,8812920592,Female,Married,462439,Middle,Hardware Technician,Medium,35,Hindi,RGN043
CUST001785,Siddharth Naik,7941156302,Male,Married,1547118,Upper-Middle,Doctor,Low,34,Hindi,RGN003
CUST001786,Rohit Malhotra,8596363726,Male,Married,184072,Low,Driver,High,18,Hindi,RGN004
CUST001787,Rahul Shah,7942066154,Female,Married,1794099,Upper-Middle,Business Owner,Medium,45,Hindi,RGN050
CUST001788,Divya Menon,6851331380,Male,Single,161676,Low,Farmer,Medium,23,Hindi,RGN004
CUST001789,Divya Venkatesh,6498321122,Male,Married,2911509,High,Doctor,Low,38,Hindi,RGN002
CUST001790,Deepa Tiwari,,Female,Married,165507,Low,Farmer,Medium,41,Telugu,RGN018
CUST001791,Amrita Malhotra,9868764019,Female,Single,198064,Low,Hardware Technician,Medium,54,Hindi,RGN048
CUST001792,Aryan Rajan,6854880644,Male,Single,400081,Middle,Teacher,Low,22,Hindi,RGN012
CUST001793,Isha Hegde,7006298778,Male,Single,190102,Low,Front Desk Executive,Low,18,Hindi,RGN047
CUST001794,Sneha Nair,9358566464,Female,Divorced,783979,Middle,Business Owner,Medium,40,Hindi,RGN041
CUST001795,Sanjay Desai,6962342192,Female,Divorced,147672,Low,Farmer,Medium,59,Hindi,RGN002
CUST001796,Rajesh Tiwari,9221320410,Male,Single,133009,Low,Farmer,Medium,52,Hindi,RGN034
CUST001797,Siddharth Mehta,8294831478,Male,Married,282630,Low,Hardware Technician,Medium,40,Hindi,RGN026
CUST001798,Rajesh Shetty,6179726999,Male,Married,221163,Low,Front Desk Executive,Low,32,Hindi,RGN033
CUST001799,Kunal Tripathi,89812XXXXX,Female,Single,3287548,High,Business Owner,Medium,47,Hindi,RGN011
CUST001800,Deepa Malhotra,6366602000,Female,Married,167766,Low,Front Desk Executive,Low,26,Kannada,RGN022
CUST001801,Rahul Chakraborty,8328538631,Female,Single,881800,Upper-Middle,Real Estate Agent,Medium,43,Hindi,RGN036
CUST001802,Ravi Sharma,6505243838,Male,Married,410148,Middle,Hardware Technician,Medium,44,Hindi,RGN043
CUST001803,Kunal Chaudhary,6582692990,Female,Married,3357847,High,Doctor,Low,50,Hindi,RGN007
CUST001804,Deepa Nair,6768627633,Male,Married,1908762,Upper-Middle,Software Engineer,Low,65,Hindi,RGN011
CUST001805,Neha Verma,7838963376,Male,Single,2151294,High,Business Owner,Medium,42,Telugu,RGN018
CUST001806,Arjun Saxena,6851862671,Female,Married,98914,Low,Driver,High,31,Hindi,RGN048
CUST001807,Vikram Hegde,7684101328,Male,Single,268537,Low,Farmer,Medium,37,Hindi,RGN043
CUST001808,Vishal Singh,7339218835,Male,Married,176704,Low,Driver,High,18,Hindi,RGN002
CUST001809,Neha Malhotra,7791875067,Female,Single,2872488,High,Software Engineer,Low,29,Hindi,RGN029
CUST001810,Santosh Shetty,9610659208,Male,Single,1845449,Upper-Middle,Business Owner,Medium,33,Hindi,RGN011
CUST001811,Uday Desai,6431927976,Female,Married,1345803,Upper-Middle,Business Owner,Medium,31,Hindi,RGN008
CUST001812,Shruti Nair,6781596983,Female,Married,1455102,Upper-Middle,Software Engineer,Low,39,Telugu,RGN020
CUST001813,Meera Nair,8572026656,Male,Single,1438816,Upper-Middle,Software Engineer,Low,28,Hindi,RGN010
CUST001814,Priya Chakraborty,9295912573,Male,Single,979727,Upper-Middle,Software Engineer,Low,51,Hindi,RGN016
CUST001815,Sanjay Kulkarni,8989925539,Male,Married,122627,Low,Front Desk Executive,Low,38,Hindi,RGN014
CUST001816,Sanjay Patil,,Male,Married,354266,Middle,Driver,High,37,Hindi,RGN005
CUST001817,Kavya Krishnan,8729669417,Male,Married,172813,Low,Farmer,Medium,34,Telugu,RGN017
CUST001818,Sandeep Tripathi,9708089747,Female,Married,852264,Upper-Middle,Software Engineer,Low,39,Hindi,RGN033
CUST001819,Mohit Chaudhary,8859946418,Female,Single,2627850,High,Software Engineer,Low,47,Hindi,RGN039
CUST001820,Kavya Shetty,7984167347,Male,Married,277860,Low,Farmer,Medium,27,Hindi,RGN025
CUST001821,Vishal Patel,8369881649,Female,Single,224516,Low,Hardware Technician,Medium,30,Hindi,RGN040
CUST001822,Ravi Iyer,6445092860,Female,Married,2650179,High,Pilot,High,34,Hindi,RGN044
CUST001823,Arjun Chaudhary,8210262706,Male,Married,3492966,High,Business Owner,Medium,21,Hindi,RGN015
CUST001824,Sneha Venkatesh,9489008248,Female,Married,1439508,Upper-Middle,Real Estate Agent,Medium,28,Hindi,RGN043
CUST001825,Shruti Patel,8581308898,Male,Married,2633683,High,Software Engineer,Low,32,Hindi,RGN009
CUST001826,Shweta Pandey,7057488399,Female,Married,1432260,Upper-Middle,Pilot,High,48,Hindi,RGN010
CUST001827,Sneha Bose,9418563027,Male,Single,192876,Low,Front Desk Executive,Low,41,Oriya,RGN032
CUST001828,Pradeep Subramanian,8000305661,Female,Single,3434325,High,Doctor,Low,40,Hindi,RGN035
CUST001829,Sunita Pandey,8305641849,Male,Single,188124,Low,Driver,High,48,Hindi,RGN034
CUST001830,Meera Verma,7784679087,Female,Widowed,939091,Upper-Middle,Software Engineer,Low,36,Hindi,RGN045
CUST001831,Aarav Das,9304530693,Female,Widowed,279129,Low,Hardware Technician,Medium,42,Hindi,RGN011
CUST001832,Shruti Desai,9510344442,Male,Married,2893794,High,Software Engineer,Low,36,Hindi,RGN027
CUST001833,Varun Srivastava,6674568652,Male,Divorced,373031,Middle,Teacher,Low,41,Tamil,RGN023
CUST001834,Sapna Malhotra,8062215599,Female,Married,1851142,Upper-Middle,Software Engineer,Low,31,Hindi,RGN011
CUST001835,Sapna Singh,9725622219,Male,Married,1987122,Upper-Middle,Doctor,Low,18,Hindi,RGN050
CUST001836,Deepa Nair,6533470474,Female,Married,1380241,Upper-Middle,Software Engineer,Low,36,Hindi,RGN035
CUST001837,Manoj Patel,9648455939,Female,Married,397110,Middle,Teacher,Low,55,Hindi,RGN040
CUST001838,Aryan Desai,9521383507,Female,Divorced,89221,Low,Farmer,Medium,49,Hindi,RGN036
CUST001839,Aarav Mehta,6245531290,Male,Married,290174,Low,Front Desk Executive,Low,49,Oriya,RGN031
CUST001840,Deepa Bose,6362211732,Male,Married,2083627,High,Business Owner,Medium,52,Hindi,RGN014
CUST001841,Rohit Shah,9726488395,Male,Single,2537612,High,Software Engineer,Low,39,Hindi,RGN029
CUST001842,Sapna Verma,8585229425,Male,Divorced,620907,Middle,Software Engineer,Low,40,Telugu,RGN018
CUST001843,Tanvi Nair,7516185759,Male,Married,2625315,High,Doctor,Low,30,Telugu,RGN020
CUST001844,Meera Nair,6710508054,Female,Married,146389,Low,Farmer,Medium,34,Oriya,RGN032
CUST001845,Nikhil Dubey,6477447353,Female,Married,2791358,High,Pilot,High,45,Hindi,RGN007
CUST001846,Zara Tiwari,8247841715,Male,Married,868428,Upper-Middle,Real Estate Agent,Medium,52,Hindi,RGN028
CUST001847,Rajesh Kulkarni,8973449305,Female,Married,1329429,Upper-Middle,Software Engineer,Low,36,Hindi,RGN044
CUST001848,Uday Balaji,7788033183,Male,Married,1555660,Upper-Middle,Software Engineer,Low,32,Hindi,RGN038
CUST001849,Kunal Tiwari,9113389260,Female,Divorced,2295075,High,Software Engineer,Low,38,Hindi,RGN003
CUST001850,Uday Singh,9882815278,Female,Married,138184,Low,Farmer,Medium,45,Oriya,RGN032
CUST001851,Neha Joshi,9304862515,Female,Divorced,454527,Middle,Hardware Technician,Medium,20,Hindi,RGN047
CUST001852,Gaurav Joshi,7174653537,Male,Single,2238154,High,Software Engineer,Low,18,Hindi,RGN033
CUST001853,Bhavna Mehta,6189156734,Female,Single,1986228,Upper-Middle,Doctor,Low,31,Hindi,RGN049
CUST001854,Siddharth Saxena,8671776296,Female,Widowed,1641384,Upper-Middle,Software Engineer,Low,23,Hindi,RGN036
CUST001855,Lakshmi Patil,6433629994,Male,Married,246391,Low,Teacher,Low,31,Hindi,RGN034
CUST001856,Varun Tiwari,9645099990,Male,Married,2561712,High,Doctor,Low,36,Tamil,RGN023
CUST001857,Rohit Mishra,6108985739,Female,Widowed,242986,Low,Hardware Technician,Medium,32,Hindi,RGN029
CUST001858,Aditya Rajan,6835211896,Male,Divorced,224964,Low,Front Desk Executive,Low,55,Hindi,RGN041
CUST001859,Deepa Tiwari,8424648849,Other,Married,87545,Low,Farmer,Medium,41,Hindi,RGN016
CUST001860,Manoj Iyer,9957285759,Female,Married,316084,Middle,Driver,High,41,Hindi,RGN015
CUST001861,Tanvi Subramanian,8828190221,Male,Married,471502,Middle,Teacher,Low,45,Hindi,RGN047
CUST001862,Anil Shetty,9978912488,Female,Married,1452708,Upper-Middle,Software Engineer,Low,24,Hindi,RGN014
CUST001863,Sneha Venkatesh,7971705984,Female,Married,174952,Low,Driver,High,50,Hindi,RGN010
CUST001864,Nikhil Shah,8514367286,Male,Married,983738,Upper-Middle,Software Engineer,Low,37,Tamil,RGN024
CUST001865,Anjali Sharma,6123038856,Male,Married,2755591,High,Business Owner,Medium,46,Hindi,RGN011
CUST001866,Poonam Chakraborty,6193978145,Male,Single,1329807,Upper-Middle,Real Estate Agent,Medium,25,Hindi,RGN041
CUST001867,Neha Shah,6099217790,Female,Married,2078784,High,Business Owner,Medium,19,Hindi,RGN034
CUST001868,Tanvi Das,8528669335,Female,Married,1241532,Upper-Middle,Software Engineer,Low,47,Hindi,RGN013
CUST001869,Sunil Mehta,6588070532,Male,Married,296271,Low,Business Owner,Medium,42,Kannada,RGN022
CUST001870,Zara Shah,9011939103,Female,Married,2231500,High,Business Owner,Medium,27,Hindi,RGN042
CUST001871,Arjun Gowda,7974255136,Female,Single,806244,Upper-Middle,Software Engineer,Low,27,Hindi,RGN046
CUST001872,Pooja Tiwari,6908581810,Male,Married,217354,Low,Driver,High,51,Hindi,RGN027
CUST001873,Rahul Rao,8502437361,Male,Married,228068,Low,Farmer,Medium,23,Hindi,RGN043
CUST001874,Sarika Balaji,8873662713,Female,Married,98659,Low,Driver,High,57,Oriya,RGN032
CUST001875,Aditi Deshpande,8896933539,Female,Single,1336650,Upper-Middle,Software Engineer,Low,27,Hindi,RGN005
CUST001876,Vishal Chakraborty,6058561547,Female,Single,1883559,Upper-Middle,Doctor,Low,45,Hindi,RGN038
CUST001877,Ravi Verma,71566XXXXX,Male,Divorced,928020,Upper-Middle,Software Engineer,Low,34,Hindi,RGN035
CUST001878,Prakash Pillai,8511643690,Male,Married,1393595,Upper-Middle,Software Engineer,Low,45,Hindi,RGN014
CUST001879,Anil Sharma,7837727028,Male,Married,225374,Low,Driver,High,31,Kannada,RGN022
CUST001880,Shweta Mishra,9660534281,Female,Divorced,2336969,High,Business Owner,Medium,36,Hindi,RGN038
CUST001881,Vinod Tiwari,9441610197,Female,Married,1749772,Upper-Middle,Business Owner,Medium,38,Hindi,RGN012
CUST001882,Ramesh Shah,8358464051,Female,Married,313659,Middle,Teacher,Low,25,Hindi,RGN016
CUST001883,Tanvi Pillai,6388027304,Male,Divorced,2012800,High,Business Owner,Medium,46,Hindi,RGN034
CUST001884,Kritika Iyer,7763628144,Female,Married,183046,Low,Driver,High,31,Hindi,RGN005
CUST001885,Pradeep Chaudhary,8718939530,Male,Married,594509,Middle,Real Estate Agent,Medium,35,Hindi,RGN042
CUST001886,Divya Pillai,9906764909,Male,Married,750435,Middle,Software Engineer,Low,26,Hindi,RGN010
CUST001887,Vikram Mehta,7288498745,Male,Married,2913091,High,Business Owner,Medium,18,Hindi,RGN013
CUST001888,Rahul Iyer,8135872717,Male,Single,2304730,High,Business Owner,Medium,35,Hindi,RGN008
CUST001889,Tanvi Agarwal,8306881164,Female,Single,115530,Low,Hardware Technician,Medium,65,Hindi,RGN030
CUST001890,Rahul Patil,6343988187,Male,Married,191337,Low,Hardware Technician,Medium,47,Hindi,RGN049
CUST001891,Manoj Agarwal,7877583336,Female,Divorced,275109,Low,Front Desk Executive,Low,37,Oriya,RGN031
CUST001892,Sunil Shah,9974132834,Male,Married,5607981,High,Pilot,High,34,Hindi,RGN009
CUST001893,Sneha Patel,6538602826,Male,Married,420086,Middle,Hardware Technician,Medium,38,Kannada,RGN021
CUST001894,Deepak Jadhav,7542041231,Female,Married,330675,Middle,Teacher,Low,44,Hindi,RGN016
CUST001895,Anjali Reddy,65772XXXXX,Male,Married,175431,Low,Farmer,Medium,23,Hindi,RGN014
CUST001896,Pooja Gupta,6794193245,Male,Married,1797998,Upper-Middle,Software Engineer,Low,51,Hindi,RGN014
CUST001897,Kritika Bose,7810979412,Male,Single,245680,Low,Teacher,Low,46,Hindi,RGN044
CUST001898,Shweta Nair,7487098726,Male,Single,1726225,Upper-Middle,Software Engineer,Low,46,Hindi,RGN030
CUST001899,Ravi Nair,8963225174,Male,Married,1535018,Upper-Middle,Doctor,Low,43,Hindi,RGN005
CUST001900,Tanvi Venkatesh,7240432611,Female,Single,2088169,High,Software Engineer,Low,38,Hindi,RGN045
CUST001901,Sneha Mishra,6034686163,Male,Married,2633565,High,Software Engineer,Low,46,Hindi,RGN043
CUST001902,Ravi Agarwal,6702867202,Male,Married,540381,Middle,Teacher,Low,45,Kannada,RGN021
CUST001903,Rohit Hegde,6095366219,Female,Widowed,2956616,High,Software Engineer,Low,33,Hindi,RGN039
CUST001904,Deepa Chakraborty,8368900577,Female,Single,165438,Low,Farmer,Medium,31,Telugu,RGN020
CUST001905,Suresh Sharma,8001732590,Male,Married,4716702,High,Doctor,Low,39,Hindi,RGN033
CUST001906,Shruti Subramanian,6739713072,Male,Divorced,2562470,High,Doctor,Low,56,Hindi,RGN044
CUST001907,Rajesh Krishnan,7113869087,Female,Married,1270513,Upper-Middle,Software Engineer,Low,23,Hindi,RGN042
CUST001908,Sarika Jadhav,8795546234,Male,Married,72327,Low,Farmer,Medium,20,Hindi,RGN008
CUST001909,Meera Malhotra,9171928170,Male,Single,468000,Middle,Real Estate Agent,Medium,39,Telugu,RGN017
CUST001910,Aarav Subramanian,9443602344,Male,Married,597399,Middle,Business Owner,Medium,38,Hindi,RGN048
CUST001911,Pooja Menon,7252160252,Female,Divorced,673873,Middle,Real Estate Agent,Medium,40,Hindi,RGN038
CUST001912,Vishal Pillai,7941209447,Male,Single,146857,Low,Farmer,Medium,40,Hindi,RGN040
CUST001913,Sapna Desai,9269032655,Male,Married,282979,Low,Driver,High,35,Kannada,RGN021
CUST001914,Sunita Nair,6327617948,Female,Married,4616033,High,Doctor,Low,55,Telugu,RGN019
CUST001915,Santosh Chaudhary,6245598516,Female,Single,980666,Upper-Middle,Business Owner,Medium,18,Hindi,RGN005
CUST001916,Vikram Iyer,6211915891,Male,Married,244015,Low,Farmer,Medium,28,Hindi,RGN009
CUST001917,Siddharth Rajan,7686498647,Male,Single,493452,Middle,Software Engineer,Low,36,Telugu,RGN018
CUST001918,Shruti Dubey,9862376008,Female,Married,272167,Low,Farmer,Medium,18,Hindi,RGN027
CUST001919,Harsha Kapoor,8474083781,Male,Widowed,2936566,High,Doctor,Low,35,Kannada,RGN022
CUST001920,Pradeep Naik,6907499216,Male,Single,2350836,High,Software Engineer,Low,57,Hindi,RGN013
CUST001921,Sneha Kulkarni,8006983692,Female,Single,112017,Low,Front Desk Executive,Low,38,Telugu,RGN020
CUST001922,Swati Nair,7534848647,Male,Married,618381,Middle,Software Engineer,Low,40,Hindi,RGN026
CUST001923,Aryan Menon,6821398654,Male,Married,205541,Low,Front Desk Executive,Low,22,Hindi,RGN050
CUST001924,Pradeep Kapoor,9220212372,Female,Married,1040182,Upper-Middle,Software Engineer,Low,30,Hindi,RGN027
CUST001925,Pooja Joshi,6550330000,Male,Single,93046,Low,Farmer,Medium,33,Hindi,RGN014
CUST001926,Poonam Malhotra,9346739190,Female,Married,378693,Middle,Teacher,Low,34,Hindi,RGN047
CUST001927,Pradeep Shah,6889911416,Female,Married,157603,Low,Hardware Technician,Medium,53,Hindi,RGN044
CUST001928,Mohit Venkatesh,6091692327,Female,Widowed,2221380,High,Software Engineer,Low,44,Hindi,RGN015
CUST001929,Varun Mishra,7798979060,Female,Single,329069,Middle,Front Desk Executive,Low,24,Hindi,RGN015
CUST001930,Meera Subramanian,8481867463,Female,Single,216251,Low,Driver,High,40,Kannada,RGN022
CUST001931,Priya Desai,6009984336,Female,Married,777918,Middle,Business Owner,Medium,43,Oriya,RGN032
CUST001932,Vishal Bose,6137118151,Male,Married,260058,Low,Farmer,Medium,51,Hindi,RGN011
CUST001933,Zara Chaudhary,8458294203,Male,Married,1416869,Upper-Middle,Software Engineer,Low,56,Oriya,RGN031
CUST001934,Deepak Deshpande,8015353466,Male,Married,308810,Middle,Teacher,Low,25,Hindi,RGN049
CUST001935,Isha Dubey,6756999449,Male,Married,247836,Low,Driver,High,28,Hindi,RGN005
CUST001936,Vishal Chakraborty,8667201082,Male,Married,572082,Middle,Teacher,Low,22,Hindi,RGN015
CUST001937,Suresh Jadhav,8028182238,Male,Married,247638,Low,Farmer,Medium,35,Hindi,RGN027
CUST001938,Gaurav Hegde,9940262085,Male,Divorced,335863,Middle,Driver,High,43,Hindi,RGN009
CUST001939,Siddharth Iyer,6745273536,Female,Married,923789,Upper-Middle,Doctor,Low,49,Kannada,RGN022
CUST001940,Lakshmi Gowda,8235700412,Male,Single,1470501,Upper-Middle,Software Engineer,Low,37,Hindi,RGN049
CUST001941,Kunal Rao,6828518161,Male,Married,1054957,Upper-Middle,Software Engineer,Low,34,Hindi,RGN010
CUST001942,Shruti Saxena,7559046100,Male,Married,524392,Middle,Real Estate Agent,Medium,39,Telugu,RGN019
CUST001943,Arjun Pillai,9923046600,Male,Single,144453,Low,Driver,High,27,Kannada,RGN022
CUST001944,Nikhil Deshpande,6283827101,Female,Married,298253,Low,Teacher,Low,63,Hindi,RGN009
CUST001945,Nikhil Naik,7329615120,Female,Divorced,172084,Low,Driver,High,18,Hindi,RGN035
CUST001946,Prakash Deshpande,8850766534,Male,Married,1292928,Upper-Middle,Software Engineer,Low,40,Hindi,RGN002
CUST001947,Sapna Sharma,8604227634,Male,Married,2504583,High,Business Owner,Medium,62,Hindi,RGN045
CUST001948,Sneha Nair,9019153057,Female,Married,1796245,Upper-Middle,Business Owner,Medium,38,Hindi,RGN011
CUST001949,Ravi Chakraborty,7472435861,Male,Married,349000,Middle,Business Owner,Medium,35,Hindi,RGN014
CUST001950,Sanjay Deshpande,9682251272,Male,Married,1681090,Upper-Middle,Business Owner,Medium,33,Hindi,RGN030
CUST001951,Meera Hegde,9708666562,Male,Widowed,1758226,Upper-Middle,Software Engineer,Low,35,Hindi,RGN030
CUST001952,Ramesh Menon,7419768784,Male,Married,1121901,Upper-Middle,Software Engineer,Low,54,Oriya,RGN032
CUST001953,Arjun Patel,8771290350,Male,Single,441249,Middle,Software Engineer,Low,18,Hindi,RGN050
CUST001954,Vikram Tripathi,6618489742,Male,Married,364766,Middle,Teacher,Low,56,Hindi,RGN027
CUST001955,Akash Das,7354340466,Female,Married,99111,Low,Farmer,Medium,20,Hindi,RGN005
CUST001956,Bhavna Srivastava,7121564952,Male,Married,300001,Middle,Driver,High,34,Hindi,RGN015
CUST001957,Nikhil Tiwari,8492064411,Male,Divorced,1282377,Upper-Middle,Software Engineer,Low,32,Hindi,RGN010
CUST001958,Santosh Iyer,6973881827,Male,Married,343570,Middle,Teacher,Low,45,Hindi,RGN042
CUST001959,Swati Patel,7063435948,Female,Married,197997,Low,Driver,High,18,Hindi,RGN008
CUST001960,Rohit Singh,7188496806,Female,Divorced,1236072,Upper-Middle,Software Engineer,Low,43,Hindi,RGN027
CUST001961,Lakshmi Patil,9405110212,Female,Widowed,287759,Low,Farmer,Medium,62,Hindi,RGN003
CUST001962,Santosh Tiwari,8434123016,Female,Married,219737,Low,Driver,High,21,Hindi,RGN049
CUST001963,Aarav Balaji,6498603721,Male,Single,1218192,Upper-Middle,Software Engineer,Low,40,Hindi,RGN012
CUST001964,Suresh More,9003203197,Female,Married,884039,Upper-Middle,Software Engineer,Low,30,Hindi,RGN026
CUST001965,Rajesh Kumar,6114003471,Male,Married,1101367,Upper-Middle,Software Engineer,Low,43,Hindi,RGN038
CUST001966,Anil Menon,7171978601,Male,Married,443271,Middle,Real Estate Agent,Medium,38,Kannada,RGN022
CUST001967,Pooja Verma,9259084194,Male,Single,427286,Middle,Teacher,Low,30,Hindi,RGN003
CUST001968,Uday Naik,9855011375,Female,Married,1058020,Upper-Middle,Software Engineer,Low,43,Hindi,RGN046
CUST001969,Meera Hegde,7582107288,Female,Married,568101,Middle,Teacher,Low,59,Tamil,RGN023
CUST001970,Sapna Verma,9807279037,Female,Married,301646,Middle,Driver,High,35,Hindi,RGN005
CUST001971,Zara Desai,6616088197,Male,Divorced,1884073,Upper-Middle,Software Engineer,Low,46,Hindi,RGN043
CUST001972,Ravi Subramanian,7239964771,Male,Married,196847,Low,Farmer,Medium,22,Hindi,RGN035
CUST001973,Sapna Tripathi,7753076810,Male,Single,219808,Low,Teacher,Low,26,Hindi,RGN046
CUST001974,Vishal Subramanian,7480855780,Male,Widowed,2205349,High,Business Owner,Medium,43,Hindi,RGN029
CUST001975,Ramesh Rajan,6244323622,Male,Married,294514,Low,Teacher,Low,55,Hindi,RGN034
CUST001976,Swati Shetty,6690696857,Male,Married,796411,Middle,Real Estate Agent,Medium,42,Hindi,RGN036
CUST001977,Tanvi Venkatesh,8670675169,Male,Married,1631650,Upper-Middle,Software Engineer,Low,34,Hindi,RGN039
CUST001978,Amrita Malhotra,6395215016,Male,Divorced,226005,Low,Hardware Technician,Medium,37,Tamil,RGN023
CUST001979,Manoj Tiwari,8261070335,Female,Married,121897,Low,Driver,High,22,Hindi,RGN040
CUST001980,Poonam Chakraborty,6842431983,Male,Married,299494,Low,Driver,High,45,Hindi,RGN025
CUST001981,Divya Balaji,7484813004,Male,Married,853230,Upper-Middle,Business Owner,Medium,48,Hindi,RGN014
CUST001982,Ravi Shah,6691053021,Male,Married,1948625,Upper-Middle,Software Engineer,Low,32,Hindi,RGN015
CUST001983,Rekha Shetty,8167586463,Male,Single,236295,Low,Driver,High,32,Hindi,RGN008
CUST001984,Pradeep Joshi,9777226602,Male,Married,1423002,Upper-Middle,Software Engineer,Low,41,Oriya,RGN031
CUST001985,Anil Gowda,6147642789,Female,Single,413890,Middle,Teacher,Low,32,Hindi,RGN044
CUST001986,Ravi Pandey,9157385512,Female,Married,451014,Middle,Hardware Technician,Medium,37,Hindi,RGN007
CUST001987,Aryan Krishnan,6775123959,Female,Married,1843429,Upper-Middle,Doctor,Low,63,Hindi,RGN014
CUST001988,Anil Mehta,9815542609,Male,Single,234477,Low,Front Desk Executive,Low,35,Hindi,RGN009
CUST001989,Neha Rao,9236024465,Male,Single,1143108,Upper-Middle,Real Estate Agent,Medium,33,Hindi,RGN049
CUST001990,Uday Krishnan,8677205171,Male,Married,2033538,High,Software Engineer,Low,30,Hindi,RGN047
CUST001991,Rekha Gowda,6730871564,Female,Married,162533,Low,Driver,High,46,Hindi,RGN028
CUST001992,Vikram Das,9837031754,Female,Married,2213009,High,Business Owner,Medium,35,Hindi,RGN016
CUST001993,Prakash Nair,7802741485,Male,Single,204945,Low,Driver,High,30,Hindi,RGN040
CUST001994,Shweta Krishnan,9260292546,Female,Married,1566097,Upper-Middle,Software Engineer,Low,53,Hindi,RGN001
CUST001995,Anil Patel,9272884076,Male,Married,311095,Middle,Driver,High,55,Hindi,RGN025
CUST001996,Sneha Agarwal,9420763271,Male,Single,179243,Low,Driver,High,30,Hindi,RGN049
CUST001997,Kritika Reddy,7538676259,Female,Married,3498297,High,Business Owner,Medium,18,Hindi,RGN015
CUST001998,Kritika Deshpande,7386879060,Male,Single,1656741,Upper-Middle,Software Engineer,Low,50,Hindi,RGN045
CUST001999,Santosh Reddy,8886932055,Female,Single,2060051,High,Software Engineer,Low,29,Hindi,RGN049
CUST002000,Aryan Chaudhary,7405089273,Male,Married,657052,Middle,Teacher,Low,47,Hindi,RGN043
CUST002001,Nikhil Venkatesh,9159764053,Male,Married,899037,Upper-Middle,Real Estate Agent,Medium,18,Hindi,RGN013
CUST002002,Vikram Bose,8670789775,Female,Married,2267225,High,Software Engineer,Low,48,Tamil,RGN023
CUST002003,Rajesh Tripathi,84261XXXXX,Female,Single,1304528,Upper-Middle,Software Engineer,Low,23,Tamil,RGN023
CUST002004,Prakash Mehta,7168739774,Female,Single,537596,Middle,Real Estate Agent,Medium,46,Kannada,RGN021
CUST002005,Harsha Gowda,7227111757,Male,Widowed,521517,Middle,Teacher,Low,38,Hindi,RGN015
CUST002006,Amrita Krishnan,9917162042,Male,Divorced,833089,Upper-Middle,Real Estate Agent,Medium,26,Hindi,RGN026
CUST002007,Sarika Jadhav,8144869830,Female,Divorced,104970,Low,Farmer,Medium,33,Hindi,RGN008
CUST002008,Sneha Verma,8216903922,Male,Single,173503,Low,Driver,High,46,Hindi,RGN004
CUST002009,Shruti Tripathi,6269801426,Male,Married,216126,Low,Hardware Technician,Medium,39,Telugu,RGN017
CUST002010,Ananya Venkatesh,8710680177,Female,Married,608592,Middle,Software Engineer,Low,45,Hindi,RGN036
CUST002011,Kritika Pillai,6316370500,Male,Married,934088,Upper-Middle,Software Engineer,Low,61,Hindi,RGN048
CUST002012,Rekha Joshi,8933267244,Female,Married,1573490,Upper-Middle,Software Engineer,Low,19,Hindi,RGN050
CUST002013,Shweta Hegde,9931729476,Female,Single,254232,Low,Teacher,Low,57,Hindi,RGN030
CUST002014,Divya Agarwal,7808390654,Female,Single,366387,Middle,Teacher,Low,39,Hindi,RGN039
CUST002015,Nandini Mehta,6259985193,Male,Divorced,154893,Low,Driver,High,27,Hindi,RGN042
CUST002016,Aarav Mishra,7272728129,Female,Married,858293,Upper-Middle,Business Owner,Medium,22,Hindi,RGN048
CUST002017,Prakash Chaudhary,6635049602,Female,Widowed,464116,Middle,Hardware Technician,Medium,35,Hindi,RGN035
CUST002018,Suresh Gowda,9676527284,Male,Married,1351101,Upper-Middle,Doctor,Low,49,Hindi,RGN041
CUST002019,Ananya Tiwari,8397499507,Female,Married,767822,Middle,Software Engineer,Low,36,Hindi,RGN047
CUST002020,Karan Kulkarni,6886406756,Female,Single,481646,Middle,Real Estate Agent,Medium,56,Hindi,RGN003
CUST002021,Bhavna Rao,6208019290,Male,Married,2882469,High,Software Engineer,Low,20,Hindi,RGN043
CUST002022,Pradeep Hegde,7215439044,Male,Married,2637675,High,Software Engineer,Low,37,Hindi,RGN009
CUST002023,Geeta Naik,6932253332,Female,Married,512429,Middle,Business Owner,Medium,22,Kannada,RGN022
CUST002024,Poonam Chaudhary,6235102555,Male,Married,328033,Middle,Driver,High,42,Hindi,RGN025
CUST002025,Vishal Mishra,6193545036,Female,Single,102621,Low,Farmer,Medium,48,Telugu,RGN017
CUST002026,Lakshmi Naik,8393332436,Male,Married,2711436,High,Doctor,Low,32,Hindi,RGN012
CUST002027,Priya Subramanian,7962080598,Female,Single,546948,Middle,Teacher,Low,18,Tamil,RGN023
CUST002028,Divya Balaji,7124412907,Female,Married,1193525,Upper-Middle,Software Engineer,Low,40,Hindi,RGN029
CUST002029,Shruti Chaudhary,8965999201,Female,Married,2724346,High,Business Owner,Medium,43,Hindi,RGN007
CUST002030,Aditya Rao,7376317749,Female,Married,461548,Middle,Real Estate Agent,Medium,42,Hindi,RGN046
CUST002031,Pooja Singh,8421062941,Female,Married,3992930,High,Doctor,Low,52,Hindi,RGN001
CUST002032,Vijay Reddy,7759192267,Male,Married,875000,Upper-Middle,Business Owner,Medium,25,Hindi,RGN039
CUST002033,Sunil Tripathi,6317536264,Female,Single,742863,Middle,Real Estate Agent,Medium,46,Hindi,RGN048
CUST002034,Anil Pillai,9528646120,Female,Married,884109,Upper-Middle,Software Engineer,Low,52,Hindi,RGN040
CUST002035,Kritika Kapoor,9173009928,Male,Married,305516,Middle,Driver,High,18,Telugu,RGN017
CUST002036,Rohit Verma,8524032115,Male,Married,829121,Upper-Middle,Software Engineer,Low,41,Hindi,RGN009
CUST002037,Tanvi Venkatesh,7550514321,Male,Married,2543407,High,Doctor,Low,31,Hindi,RGN033
CUST002038,Swati Sharma,6430877972,Female,Married,1081956,Upper-Middle,Software Engineer,Low,37,Hindi,RGN030
CUST002039,Divya Kumar,8792542218,Female,Married,399803,Middle,Driver,High,42,Hindi,RGN015
CUST002040,Nandini Bose,7458192048,Male,Married,177297,Low,Farmer,Medium,32,Hindi,RGN001
CUST002041,Arjun Gowda,9706769333,Female,Single,279714,Low,Hardware Technician,Medium,29,Hindi,RGN045
CUST002042,Nandini Reddy,7998651590,Female,Married,136326,Low,Farmer,Medium,38,Hindi,RGN027
CUST002043,Priya Gowda,7578464085,Female,Single,110869,Low,Farmer,Medium,24,Hindi,RGN036
CUST002044,Sanjay Saxena,8883825672,Male,Married,2151337,High,Business Owner,Medium,24,Tamil,RGN024
CUST002045,Tanvi Kapoor,9208467292,Male,Single,193304,Low,Farmer,Medium,46,Hindi,RGN005
CUST002046,Aryan Agarwal,8435519628,Male,Single,978875,Upper-Middle,Pilot,High,24,Hindi,RGN026
CUST002047,Zara Deshpande,7225018256,Female,Single,235122,Low,Farmer,Medium,45,Hindi,RGN041
CUST002048,Bhavna Verma,74728XXXXX,Female,Married,913979,Upper-Middle,Doctor,Low,43,Hindi,RGN029
CUST002049,Shweta Gupta,6122341499,Male,Married,760654,Middle,Software Engineer,Low,18,Kannada,RGN022
CUST002050,Zara Mehta,7900966270,Male,Married,182169,Low,Hardware Technician,Medium,29,Hindi,RGN010
CUST002051,Poonam Das,7660450956,Male,Widowed,2428295,High,Pilot,High,52,Telugu,RGN017
CUST002052,Rajesh Agarwal,7217400391,Female,Married,214144,Low,Driver,High,26,Kannada,RGN022
CUST002053,Prakash Pandey,6193353892,Male,Single,3574108,High,Business Owner,Medium,32,Hindi,RGN025
CUST002054,Aarav Patel,8515888636,Male,Married,1095657,Upper-Middle,Software Engineer,Low,43,Hindi,RGN014
CUST002055,Ramesh Venkatesh,6608277056,Female,Married,2671489,High,Business Owner,Medium,47,Hindi,RGN039
CUST002056,Aditya Chaudhary,8616076264,Female,Married,1857650,Upper-Middle,Software Engineer,Low,34,Hindi,RGN049
CUST002057,Lakshmi Das,7850095372,Male,Single,1589592,Upper-Middle,Business Owner,Medium,30,Hindi,RGN040
CUST002058,Rahul Jadhav,7461762313,Female,Married,2162722,High,Software Engineer,Low,55,Hindi,RGN049
CUST002059,Anjali Reddy,7610944164,Male,Married,218696,Low,Hardware Technician,Medium,58,Hindi,RGN037
CUST002060,Anil Joshi,7316544137,Female,Married,151036,Low,Farmer,Medium,49,Telugu,RGN018
CUST002061,Aditi Malhotra,7776857606,Male,Single,558794,Middle,Teacher,Low,39,Tamil,RGN023
CUST002062,Rohit Joshi,7494290461,Female,Married,215867,Low,Driver,High,28,Hindi,RGN012
CUST002063,Amrita Shah,9551887017,Female,Single,1434696,Upper-Middle,Software Engineer,Low,28,Hindi,RGN050
CUST002064,Pradeep Malhotra,7242024837,Male,Widowed,2795628,High,Doctor,Low,44,Hindi,RGN039
CUST002065,Aarav Reddy,8441723456,Female,Married,148788,Low,Driver,High,43,Hindi,RGN038
CUST002066,Aditi Subramanian,8386947902,Female,Married,1007813,Upper-Middle,Software Engineer,Low,54,Hindi,RGN036
CUST002067,Geeta Chakraborty,8485362689,Female,Married,1251861,Upper-Middle,Real Estate Agent,Medium,45,Oriya,RGN031
CUST002068,Aditya Venkatesh,6472386410,Female,Single,137645,Low,Farmer,Medium,19,Hindi,RGN029
CUST002069,Akash Gowda,6953855742,Male,Married,700824,Middle,Business Owner,Medium,50,Hindi,RGN036
CUST002070,Sarika Nair,6643599009,Female,Divorced,4526401,High,Doctor,Low,26,Hindi,RGN029
CUST002071,Harsha Malhotra,7781460476,Male,Married,2464991,High,Business Owner,Medium,33,Hindi,RGN039
CUST002072,Sarika Menon,6437884437,Male,Married,1419226,Upper-Middle,Real Estate Agent,Medium,41,Hindi,RGN037
CUST002073,Sarika Pillai,6661875646,Male,Single,452369,Middle,Teacher,Low,61,Hindi,RGN001
CUST002074,Suresh Saxena,7184011845,Male,Married,1307401,Upper-Middle,Software Engineer,Low,65,Hindi,RGN041
CUST002075,Shweta Kumar,8899002772,Other,Married,480182,Middle,Real Estate Agent,Medium,45,Hindi,RGN049
CUST002076,Lakshmi Gupta,6084507860,Male,Married,723523,Middle,Real Estate Agent,Medium,35,Hindi,RGN043
CUST002077,Zara Venkatesh,8356605033,Female,Married,287449,Low,Driver,High,44,Tamil,RGN023
CUST002078,Gaurav Jadhav,9469833067,Male,Single,667684,Middle,Software Engineer,Low,48,Telugu,RGN018
CUST002079,Rohit Gowda,9306718222,Female,Divorced,774131,Middle,Business Owner,Medium,34,Telugu,RGN017
CUST002080,Kunal Gupta,9679419087,Male,Single,1277817,Upper-Middle,Software Engineer,Low,59,Hindi,RGN007
CUST002081,Sunil Shetty,9538590673,Male,Married,1240525,Upper-Middle,Software Engineer,Low,40,Hindi,RGN009
CUST002082,Sunita Chaudhary,9342898760,Female,Married,265335,Low,Driver,High,43,Hindi,RGN007
CUST002083,Bhavna Patel,8504922170,Female,Married,1971479,Upper-Middle,Doctor,Low,45,Hindi,RGN008
CUST002084,Manoj Shah,8861867066,Male,Divorced,1362987,Upper-Middle,Software Engineer,Low,43,Hindi,RGN036
CUST002085,Uday Mishra,7201629073,Female,Married,163176,Low,Farmer,Medium,48,Hindi,RGN008
CUST002086,Harsha Das,7891982718,Female,Divorced,2009371,High,Business Owner,Medium,30,Oriya,RGN032
CUST002087,Lakshmi Patil,7653371708,Male,Married,1118367,Upper-Middle,Software Engineer,Low,31,Hindi,RGN048
CUST002088,Aditi Kumar,9494269420,Male,Married,1390631,Upper-Middle,Software Engineer,Low,24,Hindi,RGN028
CUST002089,Lakshmi Bose,7983135490,Female,Married,152773,Low,Teacher,Low,43,Hindi,RGN004
CUST002090,Deepak Kumar,6459967069,Female,Single,151461,Low,Front Desk Executive,Low,47,Hindi,RGN046
CUST002091,Santosh Rao,7195873054,Male,Divorced,329394,Middle,Teacher,Low,43,Hindi,RGN008
CUST002092,Tanvi Verma,7438843021,Male,Single,3856653,High,Business Owner,Medium,58,Hindi,RGN037
CUST002093,Gaurav Verma,9816780664,Male,Married,2776293,High,Software Engineer,Low,37,Hindi,RGN033
CUST002094,Meera Shetty,7158901649,Male,Married,368249,Middle,Driver,High,46,Hindi,RGN045
CUST002095,Rajesh Kumar,7666144942,Female,Married,841984,Upper-Middle,Business Owner,Medium,24,Hindi,RGN008
CUST002096,Rekha Shetty,6926407030,Male,Married,2459697,High,Software Engineer,Low,33,Hindi,RGN039
CUST002097,Uday Desai,6817262829,Female,Married,646903,Middle,Business Owner,Medium,46,Hindi,RGN040
CUST002098,Yash Verma,9824485007,Female,Married,904735,Upper-Middle,Software Engineer,Low,48,Tamil,RGN024
CUST002099,Sunita Subramanian,7889592741,Male,Married,1986421,Upper-Middle,Business Owner,Medium,34,Hindi,RGN038
CUST002100,Sunita Bose,6680691961,Male,Single,163595,Low,Front Desk Executive,Low,37,Oriya,RGN032
CUST002101,Meera Desai,7766208082,Male,Married,75577,Low,Farmer,Medium,19,Hindi,RGN046
CUST002102,Rohit Deshpande,6391702634,Male,Married,791980,Middle,Doctor,Low,33,Hindi,RGN012
CUST002103,Suresh Jadhav,8435962458,Female,Married,2846429,High,Software Engineer,Low,48,Kannada,RGN021
CUST002104,Arjun Chakraborty,9012042425,Female,Married,113117,Low,Front Desk Executive,Low,44,Hindi,RGN012
CUST002105,Prakash Das,7690912375,Female,Single,160344,Low,Farmer,Medium,44,Hindi,RGN026
CUST002106,Anjali Saxena,7028497603,Male,Married,149200,Low,Hardware Technician,Medium,38,Hindi,RGN010
CUST002107,Pooja Subramanian,9702436524,Female,Married,267627,Low,Teacher,Low,38,Telugu,RGN018
CUST002108,Rajesh Shah,6553648187,Male,Married,348593,Middle,Hardware Technician,Medium,30,Hindi,RGN049
CUST002109,Vikram Naik,8403648821,Female,Married,1348825,Upper-Middle,Business Owner,Medium,46,Oriya,RGN031
CUST002110,Deepak Rao,8977385466,Male,Married,424061,Middle,Teacher,Low,43,Hindi,RGN045
CUST002111,Harsha Shah,7323606679,Female,Widowed,193385,Low,Front Desk Executive,Low,43,Hindi,RGN003
CUST002112,Kunal Naik,9491259497,Male,Married,2578409,High,Software Engineer,Low,31,Hindi,RGN005
CUST002113,Sapna Pandey,7204298622,Male,Married,201432,Low,Driver,High,18,Hindi,RGN050
CUST002114,Ramesh Menon,9992066617,Male,Married,82107,Low,Farmer,Medium,51,Oriya,RGN031
CUST002115,Nikhil Krishnan,9235699929,Female,Married,1161915,Upper-Middle,Software Engineer,Low,32,Hindi,RGN033
CUST002116,Kavya Deshpande,7358768877,Female,Married,463630,Middle,Software Engineer,Low,27,Telugu,RGN020
CUST002117,Tanvi Shetty,9925604134,Female,Married,481970,Middle,Teacher,Low,46,Hindi,RGN035
CUST002118,Aditi Tripathi,7084931539,Male,Widowed,112259,Low,Farmer,Medium,33,Hindi,RGN034
CUST002119,Sneha Rao,7912260001,Female,Married,1217705,Upper-Middle,Business Owner,Medium,50,Hindi,RGN011
CUST002120,Nikhil Sharma,8407629143,Female,Single,157639,Low,Driver,High,45,Hindi,RGN035
CUST002121,Prakash Mehta,6491341038,Female,Married,241755,Low,Farmer,Medium,46,Hindi,RGN049
CUST002122,Aditya Venkatesh,9528720998,Male,Single,256714,Low,Teacher,Low,21,Hindi,RGN037
CUST002123,Sunita Das,9564224059,Female,Single,144115,Low,Farmer,Medium,52,Hindi,RGN012
CUST002124,Varun Joshi,7082353097,Female,Married,979843,Upper-Middle,Software Engineer,Low,41,Hindi,RGN012
CUST002125,Rajesh Hegde,9691948962,Male,Married,2284203,High,Business Owner,Medium,33,Hindi,RGN004
CUST002126,Harsha Kapoor,6568201753,Female,Married,667354,Middle,Real Estate Agent,Medium,39,Hindi,RGN042
CUST002127,Sunil Desai,6796618695,Male,Married,366555,Middle,Teacher,Low,18,Hindi,RGN004
CUST002128,Aryan Srivastava,9240434741,Male,Married,2360028,High,Software Engineer,Low,42,Hindi,RGN011
CUST002129,Rekha Chakraborty,7531379561,Female,Single,3079500,High,Business Owner,Medium,25,Kannada,RGN021
CUST002130,Nikhil Gupta,6077732175,Male,Married,296593,Low,Driver,High,21,Hindi,RGN011
CUST002131,Gaurav Hegde,6361920259,Male,Single,1685365,Upper-Middle,Software Engineer,Low,19,Tamil,RGN023
CUST002132,Divya Shetty,6938733703,Female,Single,1403245,Upper-Middle,Software Engineer,Low,51,Telugu,RGN018
CUST002133,Aditya Pillai,8244474890,Female,Married,337957,Middle,Teacher,Low,30,Telugu,RGN019
CUST002134,Arjun Kulkarni,8760786235,Female,Single,720733,Middle,Real Estate Agent,Medium,56,Hindi,RGN041
CUST002135,Nandini Desai,6076519170,Female,Married,1533736,Upper-Middle,Software Engineer,Low,31,Hindi,RGN034
CUST002136,Gaurav Dubey,8173289514,Female,Married,543540,Middle,Business Owner,Medium,18,Hindi,RGN002
CUST002137,Gaurav Gupta,8634091858,Male,Married,439695,Middle,Real Estate Agent,Medium,24,Tamil,RGN023
CUST002138,Geeta Balaji,6558115744,Male,Single,2063109,High,Software Engineer,Low,52,Hindi,RGN041
CUST002139,Vinod Singh,9539160770,Male,Married,1758446,Upper-Middle,Software Engineer,Low,36,Hindi,RGN033
CUST002140,Rekha Mishra,6409304541,Female,Single,1918464,Upper-Middle,Business Owner,Medium,31,Telugu,RGN019
CUST002141,Aditya Singh,8039822180,Male,Married,2561612,High,Business Owner,Medium,39,Hindi,RGN035
CUST002142,Neha Chakraborty,7966203858,Female,Married,557213,Middle,Real Estate Agent,Medium,44,Hindi,RGN027
CUST002143,Lakshmi Hegde,9407880265,Female,Married,157629,Low,Front Desk Executive,Low,51,Hindi,RGN040
CUST002144,Aditi Das,7951646933,Female,Married,188557,Low,Driver,High,55,Kannada,RGN022
CUST002145,Arjun Iyer,,Male,Married,1896869,Upper-Middle,Software Engineer,Low,33,Oriya,RGN031
CUST002146,Aarav Sharma,8088067089,Male,Married,312085,Middle,Teacher,Low,22,Hindi,RGN007
CUST002147,Neha Venkatesh,9092019918,Male,Married,2416007,High,Software Engineer,Low,33,Hindi,RGN037
CUST002148,Anil Subramanian,8311326611,Female,Married,2754950,High,Software Engineer,Low,41,Oriya,RGN031
CUST002149,Rekha Tiwari,8848580526,Male,Married,136548,Low,Front Desk Executive,Low,26,Hindi,RGN030
CUST002150,Nikhil Joshi,7211960472,Male,Married,348329,Middle,Driver,High,26,Hindi,RGN013
CUST002151,Kunal Joshi,7053970774,Female,Married,733747,Middle,Real Estate Agent,Medium,42,Hindi,RGN027
CUST002152,Kritika Menon,8447082317,Male,Married,428925,Middle,Hardware Technician,Medium,37,Hindi,RGN043
CUST002153,Ramesh Mehta,6461995394,Female,Married,256202,Low,Driver,High,38,Hindi,RGN035
CUST002154,Zara Deshpande,9766262359,Male,Single,674313,Middle,Software Engineer,Low,28,Hindi,RGN037
CUST002155,Aditya Joshi,9053026184,Female,Single,2766846,High,Doctor,Low,35,Hindi,RGN029
CUST002156,Lakshmi Balaji,6257870368,Female,Married,2796999,High,Business Owner,Medium,26,Hindi,RGN001
CUST002157,Sanjay Shah,9050630663,Female,Single,4529190,High,Pilot,High,48,Hindi,RGN041
CUST002158,Sandeep Joshi,9050281640,Female,Single,351979,Middle,Driver,High,50,Hindi,RGN003
CUST002159,Anjali Menon,6039091203,Female,Single,2672799,High,Software Engineer,Low,18,Hindi,RGN045
CUST002160,Kritika Nair,6252094523,Male,Married,1277308,Upper-Middle,Software Engineer,Low,26,Kannada,RGN022
CUST002161,Anjali Shah,9597953192,Male,Married,1057901,Upper-Middle,Software Engineer,Low,20,Hindi,RGN030
CUST002162,Bhavna Desai,9009860275,Male,Married,1475584,Upper-Middle,Software Engineer,Low,30,Hindi,RGN034
CUST002163,Uday Hegde,9454492054,Male,Married,298688,Low,Farmer,Medium,36,Hindi,RGN047
CUST002164,Gaurav Chaudhary,8453811808,Male,Married,262319,Low,Driver,High,20,Hindi,RGN037
CUST002165,Lakshmi Tripathi,6896558344,Male,Married,1241676,Upper-Middle,Software Engineer,Low,26,Hindi,RGN040
CUST002166,Amrita Tripathi,8662295217,Female,Divorced,125057,Low,Driver,High,25,Hindi,RGN016
CUST002167,Rekha Mishra,9056603616,Male,Married,1746238,Upper-Middle,Software Engineer,Low,40,Hindi,RGN036
CUST002168,Anil Kulkarni,7486070472,Female,Married,797472,Middle,Software Engineer,Low,38,Hindi,RGN005
CUST002169,Sanjay Kapoor,9602351585,Female,Married,376601,Middle,Driver,High,29,Hindi,RGN013
CUST002170,Bhavna Menon,6153017316,Female,Widowed,192628,Low,Driver,High,40,Hindi,RGN050
CUST002171,Anjali Jadhav,9156058790,Female,Divorced,2688868,High,Software Engineer,Low,31,Hindi,RGN025
CUST002172,Swati Nair,8224413395,Female,Married,295489,Low,Teacher,Low,34,Hindi,RGN027
CUST002173,Santosh Singh,8794064531,Female,Married,186327,Low,Front Desk Executive,Low,58,Hindi,RGN007
CUST002174,Santosh Verma,8790571918,Male,Married,372136,Middle,Real Estate Agent,Medium,54,Hindi,RGN012
CUST002175,Pradeep Gupta,9646936561,Female,Single,445626,Middle,Business Owner,Medium,22,Hindi,RGN036
CUST002176,Poonam Patel,7359748768,Female,Married,1116294,Upper-Middle,Software Engineer,Low,47,Hindi,RGN012
CUST002177,Meera Iyer,6570237718,Female,Married,982173,Upper-Middle,Software Engineer,Low,47,Hindi,RGN011
CUST002178,Manoj Subramanian,8301922095,Male,Divorced,1303668,Upper-Middle,Software Engineer,Low,24,Hindi,RGN015
CUST002179,Vikram Menon,9733329732,Male,Married,286752,Low,Farmer,Medium,47,Hindi,RGN009
CUST002180,Rahul Gupta,7964402825,Female,Married,582761,Middle,Teacher,Low,56,Hindi,RGN047
CUST002181,Swati Balaji,7267699242,Male,Divorced,142403,Low,Farmer,Medium,24,Hindi,RGN002
CUST002182,Anjali Gowda,9739238520,Male,Married,389123,Middle,Software Engineer,Low,26,Hindi,RGN044
CUST002183,Sneha Chakraborty,7320914016,Male,Married,497785,Middle,Teacher,Low,50,Hindi,RGN037
CUST002184,Vikram Mishra,7328442347,Female,Married,262507,Low,Teacher,Low,41,Hindi,RGN040
CUST002185,Meera Mehta,6998290755,Female,Single,183694,Low,Hardware Technician,Medium,44,Hindi,RGN048
CUST002186,Sneha Kulkarni,6545260756,Male,Divorced,1755442,Upper-Middle,Pilot,High,42,Hindi,RGN042
CUST002187,Harsha Gupta,6383100643,Female,Widowed,322532,Middle,Hardware Technician,Medium,42,Hindi,RGN033
CUST002188,Sapna Saxena,7226227777,Male,Married,1723764,Upper-Middle,Software Engineer,Low,22,Hindi,RGN050
CUST002189,Siddharth Saxena,7316806647,Male,Married,2391037,High,Business Owner,Medium,50,Hindi,RGN050
CUST002190,Geeta Dubey,6703850360,Male,Divorced,2328659,High,Business Owner,Medium,52,Hindi,RGN011
CUST002191,Neha Nair,8952984241,Male,Single,283810,Low,Teacher,Low,35,Hindi,RGN030
CUST002192,Shweta Patel,6740274067,Male,Divorced,377920,Middle,Software Engineer,Low,37,Kannada,RGN022
CUST002193,Pradeep Chaudhary,8826762590,Male,Widowed,210026,Low,Front Desk Executive,Low,19,Hindi,RGN025
CUST002194,Deepa Nair,9200363856,Female,Single,316348,Middle,Teacher,Low,44,Hindi,RGN012
CUST002195,Pradeep Menon,8614974597,Male,Married,2567454,High,Software Engineer,Low,44,Hindi,RGN009
CUST002196,Tanvi Chakraborty,7183997984,Female,Married,187676,Low,Hardware Technician,Medium,37,Hindi,RGN044
CUST002197,Zara Tripathi,6498609955,Female,Married,255728,Low,Driver,High,51,Hindi,RGN047
CUST002198,Aryan Mehta,6493266432,Male,Married,1714393,Upper-Middle,Business Owner,Medium,33,Hindi,RGN028
CUST002199,Vijay Joshi,7394612128,Female,Married,2024322,High,Doctor,Low,44,Hindi,RGN008
CUST002200,Mohit Hegde,6159485340,Male,Married,177351,Low,Farmer,Medium,25,Hindi,RGN025
CUST002201,Rahul Rajan,6127622398,Female,Married,445855,Middle,Business Owner,Medium,37,Hindi,RGN004
CUST002202,Uday Chaudhary,8742256787,Male,Married,1379009,Upper-Middle,Software Engineer,Low,35,Hindi,RGN043
CUST002203,Harsha Patel,6888223788,Female,Single,130486,Low,Hardware Technician,Medium,40,Oriya,RGN032
CUST002204,Mohit Kulkarni,9058416806,Male,Married,1114824,Upper-Middle,Doctor,Low,33,Telugu,RGN018
CUST002205,Varun Dubey,6349564799,Male,Widowed,1032517,Upper-Middle,Business Owner,Medium,36,Hindi,RGN002
CUST002206,Vinod Mishra,8605867949,Male,Married,2463144,High,Pilot,High,47,Hindi,RGN016
CUST002207,Amrita Pillai,9383097236,Male,Married,2367324,High,Software Engineer,Low,32,Hindi,RGN037
CUST002208,Rohit More,6080926166,Male,Married,2985073,High,Doctor,Low,18,Hindi,RGN029
CUST002209,Geeta Bose,7016555786,Female,Married,266869,Low,Hardware Technician,Medium,58,Telugu,RGN019
CUST002210,Rajesh Nair,8578655575,Female,Married,401270,Middle,Teacher,Low,54,Hindi,RGN045
CUST002211,Aditya Agarwal,6247640006,Male,Single,746059,Middle,Software Engineer,Low,22,Telugu,RGN018
CUST002212,Kunal Mishra,9586824051,Female,Single,3559350,High,Doctor,Low,46,Hindi,RGN039
CUST002213,Vijay Dubey,9654512244,Male,Single,1027880,Upper-Middle,Business Owner,Medium,31,Hindi,RGN046
CUST002214,Neha Saxena,8189974023,Male,Divorced,97611,Low,Driver,High,41,Hindi,RGN002
CUST002215,Uday Bose,7868608357,Female,Married,132289,Low,Driver,High,41,Hindi,RGN044
CUST002216,Aarav Sharma,61703XXXXX,Female,Married,646585,Middle,Real Estate Agent,Medium,35,Hindi,RGN043
CUST002217,Rekha Jadhav,8238602050,Male,Single,2558786,High,Software Engineer,Low,28,Hindi,RGN045
CUST002218,Pooja Singh,7094134909,Male,Single,1433624,Upper-Middle,Software Engineer,Low,29,Hindi,RGN004
CUST002219,Harsha Reddy,9197979724,Female,Married,1276393,Upper-Middle,Software Engineer,Low,27,Hindi,RGN011
CUST002220,Neha Malhotra,8284135694,Female,Single,4734496,High,Doctor,Low,28,Hindi,RGN003
CUST002221,Prakash Kumar,6450735674,Male,Married,1316973,Upper-Middle,Software Engineer,Low,37,Hindi,RGN012
CUST002222,Deepak Reddy,6957394059,Male,Married,220774,Low,Driver,High,29,Hindi,RGN045
CUST002223,Swati Mishra,6260294420,Male,Divorced,93977,Low,Farmer,Medium,46,Hindi,RGN010
CUST002224,Santosh Verma,7158925849,Male,Married,388088,Middle,Teacher,Low,55,Hindi,RGN030
CUST002225,Varun Rajan,6734203197,Male,Married,235089,Low,Teacher,Low,31,Hindi,RGN050
CUST002226,Uday Krishnan,9748675951,Male,Married,363622,Middle,Real Estate Agent,Medium,40,Hindi,RGN002
CUST002227,Deepa Hegde,8186482308,Male,Married,178024,Low,Farmer,Medium,43,Hindi,RGN025
CUST002228,Sanjay Deshpande,7958684196,Male,Married,1556760,Upper-Middle,Software Engineer,Low,43,Hindi,RGN035
CUST002229,Rahul Tiwari,7332605869,Female,Married,803645,Upper-Middle,Software Engineer,Low,38,Hindi,RGN049
CUST002230,Zara Bose,8276748317,Male,Married,2191906,High,Business Owner,Medium,46,Hindi,RGN036
CUST002231,Sneha Iyer,7066293151,Female,Single,179770,Low,Farmer,Medium,43,Hindi,RGN034
CUST002232,Shruti Chakraborty,6788242655,Female,Single,1854772,Upper-Middle,Business Owner,Medium,23,Hindi,RGN038
CUST002233,Divya Srivastava,8698906232,Male,Divorced,4680708,High,Doctor,Low,48,Tamil,RGN023
CUST002234,Manoj Mehta,9237179890,Female,Married,672703,Middle,Teacher,Low,48,Hindi,RGN045
CUST002235,Sapna Balaji,7237900654,Female,Married,3494947,High,Business Owner,Medium,28,Telugu,RGN017
CUST002236,Amrita Shetty,7610944164,Male,Divorced,179017,Low,Driver,High,38,Hindi,RGN001
CUST002237,Neha Reddy,9940539672,Female,Single,1925231,Upper-Middle,Software Engineer,Low,46,Hindi,RGN041
CUST002238,Nandini Saxena,6737815915,Female,Divorced,1546383,Upper-Middle,Software Engineer,Low,35,Hindi,RGN046
CUST002239,Ravi Pandey,9908945896,Male,Single,4373553,High,Doctor,Low,50,Kannada,RGN021
CUST002240,Mohit Singh,7683848876,Male,Single,825550,Upper-Middle,Business Owner,Medium,65,Hindi,RGN034
CUST002241,Aditya Menon,7802076123,Female,Married,229464,Low,Teacher,Low,28,Telugu,RGN020
CUST002242,Sunil Nair,9121905188,Male,Married,447296,Middle,Teacher,Low,21,Telugu,RGN017
CUST002243,Vinod Shetty,6298861820,Female,Single,1279809,Upper-Middle,Real Estate Agent,Medium,41,Hindi,RGN041
CUST002244,Shweta Chaudhary,9066901079,Female,Married,384436,Middle,Software Engineer,Low,46,Hindi,RGN016
CUST002245,Varun Mishra,7372982689,Male,Single,1244063,Upper-Middle,Software Engineer,Low,35,Hindi,RGN047
CUST002246,Geeta Dubey,7348649703,Male,Married,3246126,High,Business Owner,Medium,55,Hindi,RGN005
CUST002247,Rohit Tiwari,8067578968,Male,Divorced,298908,Low,Front Desk Executive,Low,21,Hindi,RGN007
CUST002248,Aryan Das,7355707731,Male,Divorced,344355,Middle,Front Desk Executive,Low,46,Hindi,RGN035
CUST002249,Santosh Reddy,7315550570,Male,Married,2321992,High,Software Engineer,Low,30,Hindi,RGN027
CUST002250,Nandini Patil,8218799384,Male,Single,1382271,Upper-Middle,Software Engineer,Low,58,Kannada,RGN022
CUST002251,Harsha Malhotra,8404588311,Male,Married,173802,Low,Hardware Technician,Medium,61,Hindi,RGN026
CUST002252,Lakshmi More,8147012350,Male,Divorced,287431,Low,Hardware Technician,Medium,28,Hindi,RGN008
CUST002253,Amrita Joshi,7687156891,Male,Widowed,605022,Middle,Business Owner,Medium,31,Hindi,RGN042
CUST002254,Aditya Venkatesh,6977978023,Male,Divorced,2805008,High,Software Engineer,Low,48,Hindi,RGN047
CUST002255,Pradeep Naik,8456844679,Male,Married,96090,Low,Farmer,Medium,33,Telugu,RGN020
CUST002256,Uday Kapoor,8036640163,Female,Married,339919,Middle,Teacher,Low,37,Hindi,RGN039
CUST002257,Vinod Mishra,7957378315,Male,Married,2725223,High,Business Owner,Medium,38,Hindi,RGN033
CUST002258,Sandeep Gowda,9572927318,Female,Single,233018,Low,Teacher,Low,18,Hindi,RGN014
CUST002259,Deepa Saxena,9830291585,Male,Divorced,403828,Middle,Teacher,Low,37,Hindi,RGN004
CUST002260,Priya Kulkarni,8233241651,Male,Married,1295260,Upper-Middle,Software Engineer,Low,29,Oriya,RGN031
CUST002261,Vinod Deshpande,8483966073,Female,Married,190390,Low,Farmer,Medium,32,Telugu,RGN017
CUST002262,Bhavna Patel,8467462159,Male,Divorced,1355169,Upper-Middle,Doctor,Low,55,Hindi,RGN016
CUST002263,Vikram Jadhav,8841749161,Male,Married,252885,Low,Front Desk Executive,Low,22,Hindi,RGN007
CUST002264,Varun Krishnan,9050221816,Female,Married,1188933,Upper-Middle,Software Engineer,Low,47,Hindi,RGN037
CUST002265,Ramesh Jadhav,6413447609,Male,Married,1242609,Upper-Middle,Software Engineer,Low,34,Telugu,RGN017
CUST002266,Vijay Verma,8837740292,Male,Married,388013,Middle,Driver,High,34,Hindi,RGN005
CUST002267,Tanvi Kumar,9433026509,Female,Single,223626,Low,Teacher,Low,47,Hindi,RGN026
CUST002268,Sunil Pillai,9218366771,Female,Married,483029,Middle,Hardware Technician,Medium,42,Hindi,RGN009
CUST002269,Santosh Nair,9666102563,Female,Divorced,1587319,Upper-Middle,Business Owner,Medium,44,Hindi,RGN030
CUST002270,Vinod Gupta,8202223499,Male,Married,905578,Upper-Middle,Business Owner,Medium,49,Hindi,RGN014
CUST002271,Uday Krishnan,6137683675,Female,Married,257700,Low,Hardware Technician,Medium,34,Hindi,RGN006
CUST002272,Siddharth Pillai,6177915244,Male,Married,486327,Middle,Doctor,Low,30,Hindi,RGN030
CUST002273,Sunil Pillai,9144092335,Male,Single,118011,Low,Farmer,Medium,24,Hindi,RGN016
CUST002274,Arjun Patel,6746564260,Male,Single,190371,Low,Front Desk Executive,Low,28,Hindi,RGN039
CUST002275,Vinod Chakraborty,6863726319,Female,Married,979412,Upper-Middle,Real Estate Agent,Medium,65,Hindi,RGN043
CUST002276,Divya Menon,8695592277,Female,Single,1199091,Upper-Middle,Software Engineer,Low,52,Tamil,RGN023
CUST002277,Bhavna Dubey,9414900385,Male,Married,233869,Low,Driver,High,21,Telugu,RGN020
CUST002278,Karan Das,6255134448,Female,Single,216197,Low,Driver,High,22,Tamil,RGN024
CUST002279,Uday Balaji,9722883904,Female,Single,111480,Low,Hardware Technician,Medium,43,Hindi,RGN014
CUST002280,Aditya Menon,9331454615,Male,Single,451342,Middle,Real Estate Agent,Medium,44,Hindi,RGN038
CUST002281,Karan Kumar,9493251149,Female,Married,1509241,Upper-Middle,Software Engineer,Low,44,Telugu,RGN020
CUST002282,Bhavna Srivastava,9887953120,Female,Married,189970,Low,Driver,High,34,Hindi,RGN040
CUST002283,Gaurav Das,8095437766,Male,Widowed,152367,Low,Teacher,Low,36,Hindi,RGN014
CUST002284,Shweta Rajan,6830858001,Female,Married,325813,Middle,Hardware Technician,Medium,41,Oriya,RGN031
CUST002285,Prakash Rao,9314391511,Female,Married,1756624,Upper-Middle,Software Engineer,Low,39,Hindi,RGN029
CUST002286,Ramesh Chaudhary,8367862107,Male,Married,481894,Middle,Software Engineer,Low,18,Hindi,RGN040
CUST002287,Vinod Chaudhary,6871096856,Male,Married,3751466,High,Business Owner,Medium,35,Hindi,RGN033
CUST002288,Sanjay Verma,8257068026,Female,Married,273163,Low,Hardware Technician,Medium,27,Hindi,RGN035
CUST002289,Kunal Deshpande,7315423060,Male,Married,674515,Middle,Teacher,Low,40,Tamil,RGN023
CUST002290,Varun Rajan,6230286550,Female,Single,905703,Upper-Middle,Software Engineer,Low,65,Hindi,RGN001
CUST002291,Kunal Chaudhary,8224114206,Female,Married,57303,Low,Farmer,Medium,42,Telugu,RGN020
CUST002292,Priya Patel,9701514599,Female,Married,436531,Middle,Software Engineer,Low,34,Hindi,RGN004
CUST002293,Rahul Mehta,7016633822,Female,Married,689712,Middle,Software Engineer,Low,49,Hindi,RGN008
CUST002294,Pradeep Bose,7606501917,Female,Married,1342083,Upper-Middle,Software Engineer,Low,43,Hindi,RGN004
CUST002295,Sandeep Rao,7056201901,Female,Married,736648,Middle,Software Engineer,Low,43,Hindi,RGN028
CUST002296,Aditya More,6348433913,Female,Married,2617617,High,Software Engineer,Low,45,Hindi,RGN037
CUST002297,Vishal Nair,7252861323,Male,Married,176438,Low,Farmer,Medium,62,Hindi,RGN035
CUST002298,Anjali Sharma,8564523428,Female,Single,223883,Low,Farmer,Medium,24,Hindi,RGN027
CUST002299,Isha Tripathi,9449760249,Female,Married,845661,Upper-Middle,Real Estate Agent,Medium,43,Hindi,RGN004
CUST002300,Bhavna Joshi,9634209536,Female,Married,82159,Low,Farmer,Medium,26,Hindi,RGN002
CUST002301,Shruti Kulkarni,9734985297,Female,Married,2661000,High,Doctor,Low,44,Hindi,RGN016
CUST002302,Aditya Rajan,7561526655,Male,Single,1415034,Upper-Middle,Real Estate Agent,Medium,26,Hindi,RGN001
CUST002303,Sarika Patil,6476253809,Male,Married,106487,Low,Farmer,Medium,32,Hindi,RGN012
CUST002304,Vishal Krishnan,9641475336,Female,Single,2346765,High,Business Owner,Medium,34,Hindi,RGN011
CUST002305,Bhavna Tiwari,8247466535,Female,Married,1681177,Upper-Middle,Software Engineer,Low,49,Hindi,RGN050
CUST002306,Uday Venkatesh,7896298532,Male,Married,193545,Low,Teacher,Low,49,Telugu,RGN020
CUST002307,Shweta Rajan,8367924157,Female,Married,906437,Upper-Middle,Software Engineer,Low,23,Hindi,RGN049
CUST002308,Kritika Rajan,6276383543,Male,Married,134244,Low,Farmer,Medium,38,Tamil,RGN024
CUST002309,Poonam Shetty,8685863906,Male,Single,844885,Upper-Middle,Software Engineer,Low,29,Hindi,RGN026
CUST002310,Sanjay Pandey,6682497939,Male,Married,2145030,High,Software Engineer,Low,22,Oriya,RGN031
CUST002311,Rahul Kulkarni,6615381168,Female,Married,163438,Low,Hardware Technician,Medium,35,Hindi,RGN010
CUST002312,Divya Das,7710307372,Male,Single,305484,Middle,Front Desk Executive,Low,34,Hindi,RGN011
CUST002313,Shruti Chakraborty,9072014896,Male,Married,1273799,Upper-Middle,Software Engineer,Low,65,Hindi,RGN045
CUST002314,Nikhil Balaji,9808264931,Male,Married,114901,Low,Driver,High,43,Hindi,RGN036
CUST002315,Ananya Balaji,7146394762,Female,Married,1494164,Upper-Middle,Real Estate Agent,Medium,21,Tamil,RGN023
CUST002316,Kunal Pillai,8429264563,Male,Married,165256,Low,Front Desk Executive,Low,31,Hindi,RGN046
CUST002317,Sandeep Patil,7917299403,Female,Married,192937,Low,Front Desk Executive,Low,50,Hindi,RGN008
CUST002318,Rahul Shetty,9948112664,Female,Divorced,1006422,Upper-Middle,Software Engineer,Low,63,Hindi,RGN011
CUST002319,Aditi Krishnan,9196706833,Female,Single,1418457,Upper-Middle,Pilot,High,18,Hindi,RGN006
CUST002320,Divya Joshi,8391016125,Female,Single,139182,Low,Front Desk Executive,Low,18,Hindi,RGN040
CUST002321,Poonam Kulkarni,6163994901,Female,Married,629718,Middle,Real Estate Agent,Medium,60,Telugu,RGN020
CUST002322,Aditi Pillai,7334437673,Male,Married,216789,Low,Driver,High,42,Hindi,RGN010
CUST002323,Tanvi Subramanian,8814098410,Female,Married,89716,Low,Farmer,Medium,27,Hindi,RGN028
CUST002324,Vinod Tiwari,6679301481,Male,Married,1908904,Upper-Middle,Software Engineer,Low,44,Hindi,RGN039
CUST002325,Swati Gowda,6604991004,Female,Single,2230751,High,Business Owner,Medium,18,Hindi,RGN036
CUST002326,Lakshmi Shetty,7028866168,Female,Married,626880,Middle,Real Estate Agent,Medium,38,Hindi,RGN046
CUST002327,Suresh Patil,6199034213,Female,Married,2177288,High,Business Owner,Medium,41,Hindi,RGN012
CUST002328,Anil Hegde,8854842035,Male,Married,1862688,Upper-Middle,Software Engineer,Low,49,Hindi,RGN045
CUST002329,Sneha Agarwal,7160791791,Male,Single,131516,Low,Hardware Technician,Medium,25,Hindi,RGN008
CUST002330,Sneha Kapoor,7860157117,Male,Married,364477,Middle,Teacher,Low,39,Hindi,RGN007
CUST002331,Akash Krishnan,6321940247,Female,Single,558745,Middle,Software Engineer,Low,26,Kannada,RGN022
CUST002332,Zara Pillai,6288141128,Male,Married,1659221,Upper-Middle,Software Engineer,Low,41,Telugu,RGN019
CUST002333,Sandeep Shah,9452719367,Female,Married,1036694,Upper-Middle,Software Engineer,Low,27,Hindi,RGN004
CUST002334,Anjali Rajan,8764639138,Female,Married,1577142,Upper-Middle,Business Owner,Medium,33,Hindi,RGN030
CUST002335,Deepa Kapoor,6074916194,Female,Widowed,1219579,Upper-Middle,Software Engineer,Low,26,Tamil,RGN024
CUST002336,Pradeep Menon,7321540131,Male,Married,171153,Low,Farmer,Medium,45,Hindi,RGN030
CUST002337,Aditya Hegde,8350696261,Male,Married,3765186,High,Business Owner,Medium,48,Oriya,RGN031
CUST002338,Kritika Dubey,9845525274,Female,Married,236970,Low,Teacher,Low,35,Hindi,RGN048
CUST002339,Divya Patil,6025471798,Female,Married,2049061,High,Doctor,Low,38,Hindi,RGN002
CUST002340,Ananya Reddy,8885669489,Female,Single,494150,Middle,Teacher,Low,20,Hindi,RGN003
CUST002341,Kunal Sharma,7005195675,Male,Married,954235,Upper-Middle,Business Owner,Medium,34,Hindi,RGN010
CUST002342,Poonam Reddy,9355842271,Female,Single,1679058,Upper-Middle,Software Engineer,Low,37,Hindi,RGN040
CUST002343,Sunita Nair,8944633399,Male,Single,472191,Middle,Business Owner,Medium,65,Tamil,RGN024
CUST002344,Rahul Shah,9070014413,Male,Divorced,156251,Low,Driver,High,24,Hindi,RGN006
CUST002345,Sandeep Malhotra,6686240871,Female,Married,2039446,High,Business Owner,Medium,55,Oriya,RGN032
CUST002346,Rekha Krishnan,6066890417,Female,Married,453627,Middle,Teacher,Low,49,Hindi,RGN007
CUST002347,Divya Mehta,7820762381,Female,Married,1659412,Upper-Middle,Software Engineer,Low,41,Hindi,RGN008
CUST002348,Nikhil Rao,6522328222,Male,Single,746811,Middle,Real Estate Agent,Medium,59,Hindi,RGN027
CUST002349,Priya Bose,7408475283,Male,Married,240661,Low,Hardware Technician,Medium,42,Hindi,RGN034
CUST002350,Sapna Dubey,8999400410,Male,Single,621534,Middle,Real Estate Agent,Medium,42,Hindi,RGN046
CUST002351,Aditya Shetty,8791351135,Female,Married,179803,Low,Farmer,Medium,37,Telugu,RGN020
CUST002352,Sarika Nair,6535722892,Female,Divorced,270911,Low,Driver,High,52,Hindi,RGN041
CUST002353,Kavya Tripathi,6641578097,Female,Single,1574363,Upper-Middle,Doctor,Low,51,Hindi,RGN034
CUST002354,Kunal Malhotra,7028010419,Male,Married,296584,Low,Real Estate Agent,Medium,30,Hindi,RGN010
CUST002355,Arjun Desai,8534195281,Male,Married,163110,Low,Hardware Technician,Medium,22,Hindi,RGN002
CUST002356,Sanjay Shetty,8478674280,Male,Married,844929,Upper-Middle,Business Owner,Medium,35,Hindi,RGN049
CUST002357,Poonam Mehta,7188930635,Female,Single,333048,Middle,Teacher,Low,28,Hindi,RGN016
CUST002358,Uday Bose,9803789121,Female,Single,1450459,Upper-Middle,Software Engineer,Low,37,Hindi,RGN036
CUST002359,Arjun Shetty,7974369905,Female,Married,217930,Low,Driver,High,52,Hindi,RGN028
CUST002360,Siddharth Kumar,8855759940,Female,Married,257349,Low,Front Desk Executive,Low,32,Hindi,RGN045
CUST002361,Shruti Krishnan,8290696904,Female,Divorced,469920,Middle,Real Estate Agent,Medium,37,Hindi,RGN033
CUST002362,Varun Balaji,8634091858,Male,Married,270130,Low,Driver,High,38,Hindi,RGN003
CUST002363,Sandeep Rajan,9567337457,Female,Single,279740,Low,Hardware Technician,Medium,48,Hindi,RGN041
CUST002364,Shruti Subramanian,6165276136,Female,Married,164971,Low,Hardware Technician,Medium,18,Hindi,RGN006
CUST002365,Kunal Krishnan,6498025308,Female,Single,111231,Low,Farmer,Medium,30,Hindi,RGN050
CUST002366,Shweta Mishra,8376992964,Male,Single,284170,Low,Farmer,Medium,40,Telugu,RGN019
CUST002367,Anjali Singh,8477250842,Female,Married,1457744,Upper-Middle,Software Engineer,Low,52,Hindi,RGN044
CUST002368,Prakash Pandey,7242348004,Female,Married,2290072,High,Business Owner,Medium,32,Hindi,RGN034
CUST002369,Sunita Krishnan,6724155369,Male,Widowed,439036,Middle,Software Engineer,Low,18,Hindi,RGN042
CUST002370,Zara Sharma,6585574906,Female,Married,154160,Low,Front Desk Executive,Low,45,Hindi,RGN016
CUST002371,Aarav Agarwal,7796024257,Male,Married,207800,Low,Hardware Technician,Medium,30,Hindi,RGN005
CUST002372,Amrita Malhotra,6333295945,Male,Divorced,2320486,High,Software Engineer,Low,23,Hindi,RGN011
CUST002373,Nikhil Patil,7315828630,Male,Divorced,638387,Middle,Business Owner,Medium,30,Telugu,RGN019
CUST002374,Rahul Subramanian,8029662991,Female,Married,251213,Low,Teacher,Low,35,Hindi,RGN042
CUST002375,Yash Joshi,9217429220,Female,Single,2303238,High,Business Owner,Medium,30,Kannada,RGN021
CUST002376,Uday Deshpande,8167821539,Male,Divorced,905788,Upper-Middle,Software Engineer,Low,18,Hindi,RGN036
CUST002377,Tanvi Mishra,7669370632,Male,Single,2189174,High,Business Owner,Medium,48,Oriya,RGN032
CUST002378,Ramesh Deshpande,8031392804,Female,Married,714400,Middle,Business Owner,Medium,53,Hindi,RGN016
CUST002379,Aarav Kapoor,8022061901,Female,Married,1369135,Upper-Middle,Software Engineer,Low,45,Hindi,RGN042
CUST002380,Meera Das,7335937971,Female,Single,781736,Middle,Real Estate Agent,Medium,24,Telugu,RGN019
CUST002381,Priya Bose,6000295616,Female,Married,1209344,Upper-Middle,Business Owner,Medium,35,Hindi,RGN042
CUST002382,Yash Kumar,7256471855,Male,Married,1022858,Upper-Middle,Real Estate Agent,Medium,37,Telugu,RGN017
CUST002383,Arjun Naik,7028866168,Male,Married,429639,Middle,Hardware Technician,Medium,45,Hindi,RGN009
CUST002384,Vinod Shetty,7231677814,Female,Single,1725579,Upper-Middle,Software Engineer,Low,46,Tamil,RGN024
CUST002385,Anil Mishra,8647437019,Male,Single,530850,Middle,Teacher,Low,29,Hindi,RGN037
CUST002386,Yash Mishra,8539117766,Female,Single,928433,Upper-Middle,Real Estate Agent,Medium,38,Hindi,RGN049
CUST002387,Meera Venkatesh,9505276120,Female,Married,3206505,High,Business Owner,Medium,43,Hindi,RGN043
CUST002388,Karan Reddy,7815780619,Male,Widowed,155640,Low,Front Desk Executive,Low,55,Hindi,RGN016
CUST002389,Aditya Bose,6223116787,Male,Married,309003,Middle,Driver,High,46,Hindi,RGN049
CUST002390,Aarav Joshi,6676353223,Male,Married,1241835,Upper-Middle,Software Engineer,Low,47,Hindi,RGN040
CUST002391,Shweta Venkatesh,9185921268,Male,Married,116313,Low,Driver,High,39,Tamil,RGN024
CUST002392,Shweta Das,8856371142,Male,Widowed,387051,Middle,Software Engineer,Low,54,Hindi,RGN036
CUST002393,Geeta Srivastava,8300037539,Male,Married,1525245,Upper-Middle,Software Engineer,Low,42,Hindi,RGN004
CUST002394,Deepak Saxena,7313246598,Male,Married,134050,Low,Front Desk Executive,Low,27,Hindi,RGN012
CUST002395,Nandini Shah,9693278417,Male,Married,1151462,Upper-Middle,Real Estate Agent,Medium,54,Hindi,RGN015
CUST002396,Sunil Dubey,7765915382,Male,Single,2997793,High,Business Owner,Medium,46,Tamil,RGN023
CUST002397,Yash Subramanian,6114065266,Male,Single,294166,Low,Hardware Technician,Medium,32,Hindi,RGN004
CUST002398,Sapna Chakraborty,,Female,Married,96276,Low,Farmer,Medium,32,Oriya,RGN031
CUST002399,Sneha Hegde,8553375656,Female,Married,1999106,Upper-Middle,Software Engineer,Low,41,Telugu,RGN019
CUST002400,Yash Srivastava,9648784962,Female,Married,442288,Middle,Software Engineer,Low,43,Hindi,RGN046
CUST002401,Aditya Krishnan,7494510462,Female,Married,756804,Middle,Software Engineer,Low,40,Hindi,RGN028
CUST002402,Neha Gowda,8069296568,Male,Divorced,192548,Low,Driver,High,41,Tamil,RGN023
CUST002403,Lakshmi Rajan,8120627672,Male,Married,1177752,Upper-Middle,Software Engineer,Low,58,Hindi,RGN043
CUST002404,Vikram Balaji,7509793442,Male,Married,154644,Low,Front Desk Executive,Low,50,Tamil,RGN024
CUST002405,Zara Malhotra,6291465022,Female,Married,336225,Middle,Driver,High,40,Hindi,RGN015
CUST002406,Siddharth Tripathi,7477804579,Female,Married,953271,Upper-Middle,Doctor,Low,49,Hindi,RGN040
CUST002407,Nikhil Desai,9251840703,Female,Married,1740949,Upper-Middle,Pilot,High,25,Hindi,RGN012
CUST002408,Rohit Balaji,7982147823,Male,Married,210530,Low,Driver,High,42,Hindi,RGN050
CUST002409,Kritika Dubey,7720945167,Male,Single,1648750,Upper-Middle,Software Engineer,Low,59,Hindi,RGN042
CUST002410,Geeta Tripathi,9706363286,Female,Married,80981,Low,Farmer,Medium,35,Hindi,RGN012
CUST002411,Bhavna Patil,7011220084,Male,Married,369285,Middle,Driver,High,27,Hindi,RGN041
CUST002412,Sarika Chaudhary,8264833367,Male,Married,2808533,High,Doctor,Low,30,Hindi,RGN009
CUST002413,Amrita Menon,9082896713,Female,Married,2641426,High,Software Engineer,Low,24,Hindi,RGN027
CUST002414,Anjali Nair,9054946920,Female,Married,387600,Middle,Teacher,Low,28,Hindi,RGN047
CUST002415,Mohit Krishnan,8649013249,Female,Married,211950,Low,Driver,High,33,Hindi,RGN029
CUST002416,Poonam Joshi,8193500115,Male,Married,346120,Middle,Front Desk Executive,Low,21,Hindi,RGN037
CUST002417,Rohit Nair,8617580803,Male,Married,235043,Low,Hardware Technician,Medium,38,Hindi,RGN025
CUST002418,Sneha Jadhav,6441040431,Male,Married,1007174,Upper-Middle,Software Engineer,Low,48,Hindi,RGN012
CUST002419,Nandini Balaji,8668513538,Male,Single,280947,Low,Front Desk Executive,Low,27,Hindi,RGN003
CUST002420,Rajesh Pillai,6483747558,Male,Married,2131652,High,Business Owner,Medium,56,Hindi,RGN042
CUST002421,Kunal Deshpande,6309016856,Female,Married,551223,Middle,Doctor,Low,44,Hindi,RGN008
CUST002422,Sarika Malhotra,8717784019,Male,Married,411544,Middle,Teacher,Low,50,Hindi,RGN049
CUST002423,Deepa Subramanian,6271698837,Male,Married,1427854,Upper-Middle,Software Engineer,Low,30,Hindi,RGN050
CUST002424,Aditya Kumar,6611586686,Female,Widowed,1401021,Upper-Middle,Software Engineer,Low,48,Hindi,RGN046
CUST002425,Prakash Singh,6199767598,Male,Single,2465004,High,Software Engineer,Low,24,Hindi,RGN047
CUST002426,Lakshmi Rajan,7326170505,Male,Married,102385,Low,Farmer,Medium,48,Telugu,RGN020
CUST002427,Yash Tiwari,7534581956,Male,Married,734096,Middle,Business Owner,Medium,40,Hindi,RGN006
CUST002428,Isha Joshi,8728535339,Male,Single,1280221,Upper-Middle,Software Engineer,Low,44,Oriya,RGN032
CUST002429,Tanvi Kumar,7426621775,Male,Widowed,938035,Upper-Middle,Software Engineer,Low,23,Hindi,RGN016
CUST002430,Divya Rajan,6158466879,Female,Married,81292,Low,Farmer,Medium,27,Hindi,RGN014
CUST002431,Santosh Srivastava,7030285327,Female,Married,466063,Middle,Hardware Technician,Medium,45,Hindi,RGN035
CUST002432,Manoj Das,7766983451,Male,Married,61882,Low,Farmer,Medium,26,Hindi,RGN012
CUST002433,Lakshmi Pillai,8025285461,Male,Married,190274,Low,Hardware Technician,Medium,43,Tamil,RGN023
CUST002434,Arjun Pandey,7087308972,Male,Married,1000212,Upper-Middle,Real Estate Agent,Medium,21,Hindi,RGN029
CUST002435,Arjun Pandey,6738277771,Female,Married,2548621,High,Software Engineer,Low,48,Hindi,RGN041
CUST002436,Akash Desai,6842527863,Male,Single,268672,Low,Front Desk Executive,Low,23,Hindi,RGN009
CUST002437,Priya Subramanian,6900712102,Female,Married,509530,Middle,Software Engineer,Low,44,Hindi,RGN038
CUST002438,Karan Malhotra,8234473057,Female,Married,308104,Middle,Business Owner,Medium,45,Hindi,RGN016
CUST002439,Pooja Verma,9719619971,Female,Married,1230373,Upper-Middle,Software Engineer,Low,29,Hindi,RGN030
CUST002440,Amrita Balaji,9596566764,Male,Married,120564,Low,Farmer,Medium,44,Hindi,RGN040
CUST002441,Kritika Dubey,6996833440,Female,Married,218248,Low,Hardware Technician,Medium,41,Hindi,RGN014
CUST002442,Zara Subramanian,6952242653,Male,Single,186974,Low,Front Desk Executive,Low,31,Hindi,RGN013
CUST002443,Meera Patel,9932219143,Male,Single,107680,Low,Farmer,Medium,25,Hindi,RGN050
CUST002444,Uday Saxena,6705473601,Male,Married,387327,Middle,Teacher,Low,18,Hindi,RGN036
CUST002445,Rahul Balaji,8791150101,Male,Married,1784973,Upper-Middle,Software Engineer,Low,42,Hindi,RGN030
CUST002446,Vishal Mishra,9260080265,Female,Single,313590,Middle,Teacher,Low,19,Hindi,RGN014
CUST002447,Vinod Tripathi,7475978335,Male,Married,84769,Low,Farmer,Medium,39,Hindi,RGN040
CUST002448,Priya Mehta,8883571921,Female,Married,177325,Low,Farmer,Medium,34,Hindi,RGN027
CUST002449,Sarika Mishra,8967914638,Male,Widowed,2773266,High,Doctor,Low,46,Hindi,RGN001
CUST002450,Harsha Kapoor,9643203172,Male,Married,183307,Low,Teacher,Low,34,Telugu,RGN020
CUST002451,Divya Joshi,9090016356,Male,Married,146675,Low,Farmer,Medium,34,Hindi,RGN008
CUST002452,Kavya Shetty,8927240002,Male,Single,395631,Middle,Software Engineer,Low,46,Hindi,RGN016
CUST002453,Sapna Singh,6860146051,Female,Married,827788,Upper-Middle,Software Engineer,Low,42,Hindi,RGN038
CUST002454,Aditi Kapoor,6854327163,Male,Married,1429351,Upper-Middle,Pilot,High,41,Tamil,RGN024
CUST002455,Shruti Nair,6335636930,Female,Married,143977,Low,Hardware Technician,Medium,43,Telugu,RGN018
CUST002456,Rahul Nair,6000908993,Female,Single,285454,Low,Teacher,Low,19,Hindi,RGN042
CUST002457,Arjun Deshpande,6878104802,Male,Married,1414872,Upper-Middle,Software Engineer,Low,47,Hindi,RGN011
CUST002458,Siddharth Kumar,7541589290,Male,Married,609954,Middle,Software Engineer,Low,45,Hindi,RGN030
CUST002459,Santosh Subramanian,7043766136,Male,Widowed,1138378,Upper-Middle,Business Owner,Medium,25,Hindi,RGN014
CUST002460,Kritika Malhotra,9280812268,Male,Married,158427,Low,Driver,High,35,Tamil,RGN024
CUST002461,Ramesh Hegde,6594747053,Male,Married,2699547,High,Doctor,Low,37,Hindi,RGN002
CUST002462,Sunil Shah,6105833096,Female,Single,275113,Low,Teacher,Low,36,Hindi,RGN001
CUST002463,Sandeep Joshi,9397984218,Male,Single,303649,Middle,Teacher,Low,42,Hindi,RGN029
CUST002464,Sunil Reddy,6426937650,Male,Single,252467,Low,Farmer,Medium,55,Hindi,RGN027
CUST002465,Ravi Bose,6676718776,Female,Divorced,238753,Low,Hardware Technician,Medium,50,Hindi,RGN002
CUST002466,Rekha Gowda,7883636885,Male,Single,107797,Low,Farmer,Medium,22,Hindi,RGN004
CUST002467,Mohit Singh,6162762922,Male,Married,177052,Low,Driver,High,45,Hindi,RGN015
CUST002468,Kritika Subramanian,9667880937,Male,Married,892277,Upper-Middle,Software Engineer,Low,53,Hindi,RGN039
CUST002469,Sapna Saxena,9165228989,Male,Married,2496752,High,Software Engineer,Low,42,Hindi,RGN049
CUST002470,Pradeep Deshpande,6749935981,Female,Married,277599,Low,Farmer,Medium,51,Hindi,RGN045
CUST002471,Ramesh Pandey,7559777265,Female,Single,1158103,Upper-Middle,Real Estate Agent,Medium,62,Hindi,RGN011
CUST002472,Aryan Srivastava,9640838580,Male,Married,223810,Low,Real Estate Agent,Medium,50,Hindi,RGN008
CUST002473,Manoj Malhotra,8014171657,Male,Single,2069655,High,Software Engineer,Low,40,Tamil,RGN023
CUST002474,Ravi Kulkarni,7912956518,Male,Divorced,1444723,Upper-Middle,Doctor,Low,50,Hindi,RGN008
CUST002475,Sarika Reddy,9114860050,Female,Married,146336,Low,Front Desk Executive,Low,39,Hindi,RGN044
CUST002476,Zara Pillai,69244XXXXX,Female,Divorced,680048,Middle,Real Estate Agent,Medium,38,Hindi,RGN045
CUST002477,Gaurav Pillai,9570302930,Female,Single,1118006,Upper-Middle,Software Engineer,Low,33,Telugu,RGN017
CUST002478,Sarika Nair,6125018607,Male,Married,166136,Low,Farmer,Medium,56,Hindi,RGN006
CUST002479,Sunita More,8290695222,Female,Married,1513996,Upper-Middle,Software Engineer,Low,28,Hindi,RGN012
CUST002480,Aditya Jadhav,7369318062,Female,Widowed,1993733,Upper-Middle,Software Engineer,Low,56,Hindi,RGN005
CUST002481,Kavya Desai,6073024266,Female,Divorced,1474737,Upper-Middle,Software Engineer,Low,43,Hindi,RGN006
CUST002482,Manoj Saxena,7497537405,Female,Married,947014,Upper-Middle,Software Engineer,Low,21,Hindi,RGN049
CUST002483,Arjun Tiwari,9144695674,Female,Single,1851001,Upper-Middle,Software Engineer,Low,42,Hindi,RGN029
CUST002484,Deepak Saxena,6687354453,Male,Married,613812,Middle,Business Owner,Medium,18,Hindi,RGN042
CUST002485,Mohit Pillai,8514668865,Male,Married,894520,Upper-Middle,Software Engineer,Low,45,Hindi,RGN003
CUST002486,Kavya Tiwari,7483483586,Female,Single,983359,Upper-Middle,Software Engineer,Low,48,Hindi,RGN001
CUST002487,Kavya Patil,7673664853,Female,Married,4536774,High,Pilot,High,30,Hindi,RGN025
CUST002488,Karan Rao,7077587089,Male,Single,2423336,High,Software Engineer,Low,39,Hindi,RGN029
CUST002489,Tanvi Dubey,8326983443,Male,Married,4655933,High,Doctor,Low,61,Hindi,RGN043
CUST002490,Aarav Shah,7781460476,Female,Single,86484,Low,Farmer,Medium,31,Hindi,RGN026
CUST002491,Santosh Patel,8092846720,Female,Single,4525971,High,Pilot,High,25,Hindi,RGN049
CUST002492,Yash Dubey,6734293907,Female,Single,2110635,High,Doctor,Low,55,Hindi,RGN044
CUST002493,Aditi Verma,9372954503,Male,Widowed,677801,Middle,Real Estate Agent,Medium,61,Hindi,RGN041
CUST002494,Aditi Sharma,6162585150,Male,Married,320457,Middle,Teacher,Low,38,Hindi,RGN033
CUST002495,Aryan Joshi,7045028143,Male,Married,357714,Middle,Driver,High,50,Hindi,RGN043
CUST002496,Ravi Subramanian,8312794337,Male,Married,301615,Middle,Front Desk Executive,Low,54,Hindi,RGN045
CUST002497,Zara Pillai,8311123590,Female,Married,279962,Low,Farmer,Medium,29,Hindi,RGN039
CUST002498,Arjun Agarwal,8265274286,Male,Married,638765,Middle,Business Owner,Medium,32,Hindi,RGN050
CUST002499,Rajesh Kulkarni,9251085738,Female,Single,2151653,High,Software Engineer,Low,52,Hindi,RGN025
CUST002500,Lakshmi Reddy,7855451460,Female,Married,1020313,Upper-Middle,Real Estate Agent,Medium,58,Hindi,RGN007
CUST002501,Yash Patel,6935117455,Male,Married,248388,Low,Hardware Technician,Medium,44,Hindi,RGN048
CUST002502,Amrita More,8370627281,Male,Single,283250,Low,Teacher,Low,27,Telugu,RGN019
CUST002503,Vishal Tiwari,9733746121,Female,Married,520232,Middle,Teacher,Low,61,Telugu,RGN017
CUST002504,Lakshmi Sharma,8756264126,Female,Single,279723,Low,Front Desk Executive,Low,31,Hindi,RGN001
CUST002505,Geeta Joshi,6848187620,Female,Married,177047,Low,Teacher,Low,33,Hindi,RGN030
CUST002506,Manoj Singh,6693196303,Male,Single,3620193,High,Doctor,Low,42,Hindi,RGN033
CUST002507,Zara More,8167045059,Male,Single,2396560,High,Software Engineer,Low,56,Hindi,RGN025
CUST002508,Swati Patel,7267312343,Male,Divorced,174435,Low,Driver,High,48,Hindi,RGN034
CUST002509,Deepak Menon,6485142025,Male,Single,190345,Low,Teacher,Low,42,Oriya,RGN032
CUST002510,Sarika Mehta,7645028231,Male,Single,1701677,Upper-Middle,Pilot,High,43,Hindi,RGN030
CUST002511,Sandeep Subramanian,7427557672,Female,Single,454637,Middle,Hardware Technician,Medium,38,Hindi,RGN009
CUST002512,Sarika Patel,6154904431,Female,Married,712620,Middle,Software Engineer,Low,44,Hindi,RGN016
CUST002513,Deepak Rajan,7436953102,Female,Single,621543,Middle,Business Owner,Medium,18,Telugu,RGN018
CUST002514,Kavya Agarwal,9711506291,Female,Married,4159526,High,Pilot,High,34,Hindi,RGN037
CUST002515,Deepa Balaji,9926517328,Male,Single,1478993,Upper-Middle,Business Owner,Medium,40,Kannada,RGN022
CUST002516,Deepak Srivastava,6629108739,Female,Married,1781379,Upper-Middle,Software Engineer,Low,24,Hindi,RGN035
CUST002517,Isha Gupta,7219836915,Female,Married,197455,Low,Front Desk Executive,Low,42,Kannada,RGN022
CUST002518,Prakash Patil,9376710529,Male,Married,564824,Middle,Teacher,Low,35,Hindi,RGN039
CUST002519,Aditya Shetty,9707459915,Male,Widowed,1054195,Upper-Middle,Pilot,High,59,Hindi,RGN012
CUST002520,Karan Naik,7044500202,Male,Married,230074,Low,Driver,High,56,Hindi,RGN030
CUST002521,Akash Bose,9838789034,Female,Married,465489,Middle,Hardware Technician,Medium,32,Hindi,RGN045
CUST002522,Swati Chaudhary,8029586760,Male,Divorced,573722,Middle,Teacher,Low,36,Hindi,RGN029
CUST002523,Rohit Das,7040934675,Female,Married,1359890,Upper-Middle,Software Engineer,Low,37,Hindi,RGN026
CUST002524,Vishal Patel,8182368810,Female,Divorced,162901,Low,Farmer,Medium,32,Hindi,RGN049
CUST002525,Sapna Kapoor,6382721051,Male,Married,1617070,Upper-Middle,Software Engineer,Low,40,Oriya,RGN032
CUST002526,Sandeep Rao,7346018422,Female,Single,613363,Middle,Teacher,Low,28,Hindi,RGN045
CUST002527,Amrita Verma,6138825320,Male,Divorced,1723336,Upper-Middle,Software Engineer,Low,24,Oriya,RGN032
CUST002528,Amrita Rao,7168163603,Female,Single,478757,Middle,Teacher,Low,45,Hindi,RGN039
CUST002529,Sapna Nair,6736907894,Male,Single,372948,Middle,Teacher,Low,45,Hindi,RGN015
CUST002530,Isha Patil,9672000521,Male,Single,322948,Middle,Teacher,Low,28,Hindi,RGN009
CUST002531,Shweta Nair,8107071634,Female,Married,545383,Middle,Software Engineer,Low,48,Hindi,RGN006
CUST002532,Kavya Patel,8089512370,Female,Married,2490614,High,Software Engineer,Low,30,Hindi,RGN025
CUST002533,Nikhil Gowda,8119194454,Female,Divorced,602574,Middle,Teacher,Low,41,Hindi,RGN011
CUST002534,Sandeep Deshpande,8697296556,Female,Married,224213,Low,Driver,High,47,Hindi,RGN002
CUST002535,Rajesh Malhotra,6927671377,Female,Widowed,2929006,High,Software Engineer,Low,37,Hindi,RGN035
CUST002536,Sapna Kulkarni,6886263956,Male,Married,165925,Low,Teacher,Low,43,Hindi,RGN036
CUST002537,Varun Gowda,6266783055,Male,Married,2167663,High,Doctor,Low,31,Telugu,RGN020
CUST002538,Ramesh Gowda,9371388740,Male,Married,2929416,High,Software Engineer,Low,35,Telugu,RGN017
CUST002539,Tanvi Menon,7234614466,Female,Single,149077,Low,Farmer,Medium,35,Oriya,RGN031
CUST002540,Aditya Dubey,7763304117,Female,Single,1227540,Upper-Middle,Business Owner,Medium,29,Hindi,RGN003
CUST002541,Divya Rao,9142152483,Female,Married,162867,Low,Front Desk Executive,Low,35,Hindi,RGN038
CUST002542,Divya Srivastava,6968636470,Female,Married,1034715,Upper-Middle,Real Estate Agent,Medium,19,Hindi,RGN007
CUST002543,Sapna Shah,8656896987,Male,Single,428073,Middle,Hardware Technician,Medium,32,Hindi,RGN027
CUST002544,Bhavna Mehta,6368830048,Male,Divorced,89176,Low,Farmer,Medium,34,Hindi,RGN040
CUST002545,Yash Reddy,7793631592,Male,Married,359309,Middle,Hardware Technician,Medium,34,Hindi,RGN039
CUST002546,Poonam Shah,7318751097,Female,Married,703034,Middle,Real Estate Agent,Medium,35,Kannada,RGN022
CUST002547,Rajesh Shah,8104062911,Male,Single,2370802,High,Doctor,Low,37,Hindi,RGN034
CUST002548,Rahul Mehta,9228247183,Male,Single,2165414,High,Software Engineer,Low,43,Hindi,RGN049
CUST002549,Kritika Agarwal,6181796075,Male,Married,774018,Middle,Real Estate Agent,Medium,48,Hindi,RGN012
CUST002550,Varun Hegde,9898497499,Female,Divorced,2244852,High,Business Owner,Medium,30,Hindi,RGN026
CUST002551,Vikram Shah,9990522171,Female,Divorced,236104,Low,Driver,High,23,Oriya,RGN032
CUST002552,Ramesh Rajan,6486565818,Male,Single,1417896,Upper-Middle,Doctor,Low,25,Hindi,RGN004
CUST002553,Neha Patel,6061735631,Male,Married,442085,Middle,Teacher,Low,32,Telugu,RGN019
CUST002554,Mohit Krishnan,9312975572,Female,Married,402408,Middle,Business Owner,Medium,33,Telugu,RGN017
CUST002555,Yash Das,9169496378,Male,Married,320976,Middle,Teacher,Low,28,Telugu,RGN018
CUST002556,Yash More,6193899906,Female,Married,588810,Middle,Software Engineer,Low,22,Hindi,RGN048
CUST002557,Rajesh Iyer,7013071675,Male,Widowed,1793389,Upper-Middle,Software Engineer,Low,32,Hindi,RGN012
CUST002558,Varun Iyer,8481867463,Male,Married,2756107,High,Software Engineer,Low,40,Telugu,RGN019
CUST002559,Arjun Srivastava,9985490049,Male,Divorced,215221,Low,Hardware Technician,Medium,45,Hindi,RGN016
CUST002560,Swati Tiwari,6372954585,Male,Single,669751,Middle,Real Estate Agent,Medium,31,Hindi,RGN037
CUST002561,Vikram Malhotra,7563998127,Female,Married,369224,Middle,Teacher,Low,33,Hindi,RGN025
CUST002562,Rajesh Chaudhary,8392255174,Male,Married,293925,Low,Hardware Technician,Medium,26,Hindi,RGN042
CUST002563,Varun Malhotra,6925814762,Female,Single,144568,Low,Front Desk Executive,Low,37,Kannada,RGN022
CUST002564,Poonam Nair,6236018639,Male,Divorced,157617,Low,Front Desk Executive,Low,27,Hindi,RGN008
CUST002565,Shruti Krishnan,8541384531,Female,Married,227279,Low,Farmer,Medium,44,Hindi,RGN003
CUST002566,Isha Rajan,8630930796,Male,Married,528513,Middle,Teacher,Low,18,Oriya,RGN031
CUST002567,Akash Gupta,8909645987,Female,Married,363302,Middle,Teacher,Low,33,Hindi,RGN001
CUST002568,Anjali Tiwari,74089XXXXX,Male,Single,147517,Low,Front Desk Executive,Low,41,Kannada,RGN022
CUST002569,Pradeep Deshpande,7516681133,Male,Married,3688795,High,Business Owner,Medium,40,Hindi,RGN033
CUST002570,Zara Patil,9367072173,Male,Married,3642086,High,Business Owner,Medium,65,Hindi,RGN033
CUST002571,Deepak Naik,8024222419,Female,Married,2829223,High,Software Engineer,Low,42,Hindi,RGN043
CUST002572,Vinod Tripathi,7063236540,Female,Single,624808,Middle,Doctor,Low,25,Hindi,RGN012
CUST002573,Swati Agarwal,6814442484,Female,Married,761049,Middle,Real Estate Agent,Medium,36,Kannada,RGN022
CUST002574,Kavya Dubey,7024350947,Female,Widowed,915322,Upper-Middle,Software Engineer,Low,18,Hindi,RGN008
CUST002575,Suresh Deshpande,9511861564,Female,Married,1968796,Upper-Middle,Software Engineer,Low,37,Hindi,RGN047
CUST002576,Aryan Malhotra,6994147539,Male,Married,445566,Middle,Real Estate Agent,Medium,28,Tamil,RGN024
CUST002577,Manoj Iyer,6370542451,Male,Married,1185931,Upper-Middle,Software Engineer,Low,48,Hindi,RGN036
CUST002578,Karan Malhotra,6826110356,Female,Married,1457005,Upper-Middle,Business Owner,Medium,31,Hindi,RGN006
CUST002579,Sunil Rao,8942992023,Male,Single,196293,Low,Front Desk Executive,Low,36,Hindi,RGN038
CUST002580,Vishal Jadhav,6755851777,Female,Married,397345,Middle,Teacher,Low,30,Hindi,RGN011
CUST002581,Kritika Jadhav,8338619411,Male,Married,158202,Low,Driver,High,58,Hindi,RGN029
CUST002582,Nikhil Patel,7909342424,Male,Married,1016304,Upper-Middle,Business Owner,Medium,34,Hindi,RGN009
CUST002583,Mohit Saxena,6662834633,Female,Married,122284,Low,Driver,High,59,Hindi,RGN028
CUST002584,Aryan Gupta,8889334375,Male,Married,488158,Middle,Real Estate Agent,Medium,47,Hindi,RGN016
CUST002585,Sarika Agarwal,6866940865,Female,Married,1949389,Upper-Middle,Business Owner,Medium,43,Hindi,RGN049
CUST002586,Kritika Desai,8243826928,Female,Single,644092,Middle,Business Owner,Medium,42,Hindi,RGN025
CUST002587,Tanvi Subramanian,8507435095,Male,Married,140880,Low,Driver,High,42,Hindi,RGN034
CUST002588,Rohit Nair,7889594703,Male,Widowed,1978057,Upper-Middle,Business Owner,Medium,18,Hindi,RGN036
CUST002589,Deepa Menon,9964535917,Female,Married,478946,Middle,Software Engineer,Low,34,Kannada,RGN022
CUST002590,Neha Malhotra,9504718830,Female,Married,1800139,Upper-Middle,Software Engineer,Low,48,Hindi,RGN025
CUST002591,Lakshmi Pandey,6995428873,Male,Divorced,860078,Upper-Middle,Software Engineer,Low,37,Hindi,RGN002
CUST002592,Zara Krishnan,8496686679,Female,Married,317302,Middle,Hardware Technician,Medium,21,Hindi,RGN049
CUST002593,Suresh Subramanian,8706170690,Male,Married,3688694,High,Doctor,Low,37,Hindi,RGN013
CUST002594,Ananya Iyer,6497110384,Male,Married,182945,Low,Farmer,Medium,58,Oriya,RGN031
CUST002595,Anil Srivastava,9156756650,Male,Single,141756,Low,Front Desk Executive,Low,52,Hindi,RGN006
CUST002596,Amrita Das,8188601674,Female,Married,351169,Middle,Hardware Technician,Medium,37,Hindi,RGN037
CUST002597,Vikram Rao,8923435969,Female,Single,2414122,High,Software Engineer,Low,49,Hindi,RGN047
CUST002598,Poonam Kapoor,8045056693,Male,Married,1149990,Upper-Middle,Software Engineer,Low,33,Hindi,RGN040
CUST002599,Rajesh Rajan,9540242861,Male,Divorced,1893636,Upper-Middle,Business Owner,Medium,18,Hindi,RGN042
CUST002600,Vishal Naik,9892571402,Male,Single,153816,Low,Farmer,Medium,26,Hindi,RGN003
CUST002601,Rajesh Shetty,8038576264,Male,Married,1880552,Upper-Middle,Software Engineer,Low,56,Hindi,RGN005
CUST002602,Uday Patel,9367072173,Female,Married,114577,Low,Farmer,Medium,34,Hindi,RGN008
CUST002603,Poonam Reddy,9358530101,Male,Married,1493690,Upper-Middle,Business Owner,Medium,35,Hindi,RGN030
CUST002604,Sarika Pillai,7789695193,Female,Married,1539080,Upper-Middle,Doctor,Low,34,Hindi,RGN016
CUST002605,Lakshmi Bose,6485277586,Male,Married,1054203,Upper-Middle,Real Estate Agent,Medium,60,Kannada,RGN021
CUST002606,Nandini More,9036562036,Male,Married,155635,Low,Hardware Technician,Medium,57,Hindi,RGN002
CUST002607,Shweta Shah,7444394689,Male,Married,364865,Middle,Teacher,Low,64,Hindi,RGN029
CUST002608,Priya Balaji,9331812335,Female,Widowed,2377558,High,Business Owner,Medium,36,Hindi,RGN050
CUST002609,Priya Nair,9617073174,Male,Married,1734069,Upper-Middle,Software Engineer,Low,41,Hindi,RGN002
CUST002610,Priya Nair,8577626263,Female,Single,138266,Low,Farmer,Medium,19,Hindi,RGN049
CUST002611,Geeta Chaudhary,9785089897,Male,Single,527152,Middle,Software Engineer,Low,55,Hindi,RGN010
CUST002612,Kritika Krishnan,9475944348,Female,Married,265593,Low,Real Estate Agent,Medium,23,Hindi,RGN006
CUST002613,Shruti Tiwari,8295377403,Male,Married,1697722,Upper-Middle,Software Engineer,Low,40,Hindi,RGN004
CUST002614,Aditya Srivastava,9676874042,Female,Married,2213517,High,Business Owner,Medium,24,Hindi,RGN027
CUST002615,Sneha Krishnan,6767514975,Female,Single,3657701,High,Doctor,Low,30,Oriya,RGN031
CUST002616,Anjali Krishnan,7411573309,Female,Married,317008,Middle,Driver,High,27,Hindi,RGN049
CUST002617,Isha Deshpande,6009406565,Male,Single,1732579,Upper-Middle,Software Engineer,Low,30,Hindi,RGN026
CUST002618,Ravi Menon,7344538565,Female,Married,2627880,High,Doctor,Low,31,Hindi,RGN011
CUST002619,Karan Naik,7523266000,Male,Single,1195043,Upper-Middle,Software Engineer,Low,31,Hindi,RGN048
CUST002620,Ananya More,8709110349,Male,Widowed,1089523,Upper-Middle,Doctor,Low,48,Hindi,RGN043
CUST002621,Lakshmi Subramanian,8611998996,Female,Married,1054556,Upper-Middle,Software Engineer,Low,24,Hindi,RGN003
CUST002622,Amrita More,8118158374,Female,Married,177419,Low,Farmer,Medium,40,Hindi,RGN044
CUST002623,Meera Kapoor,9614477618,Male,Married,673042,Middle,Real Estate Agent,Medium,52,Kannada,RGN021
CUST002624,Ananya Kumar,9870479666,Male,Married,1158419,Upper-Middle,Software Engineer,Low,31,Hindi,RGN006
CUST002625,Sapna Desai,7905256599,Male,Married,150544,Low,Hardware Technician,Medium,29,Hindi,RGN048
CUST002626,Karan Dubey,8089142330,Male,Married,625420,Middle,Software Engineer,Low,35,Hindi,RGN002
CUST002627,Ramesh Mehta,7927640547,Female,Married,255378,Low,Farmer,Medium,52,Hindi,RGN025
CUST002628,Vikram Venkatesh,7986221405,Male,Married,669246,Middle,Business Owner,Medium,40,Hindi,RGN039
CUST002629,Anil Shetty,6318660474,Male,Single,514057,Middle,Software Engineer,Low,31,Tamil,RGN024
CUST002630,Harsha Menon,9338914785,Male,Single,241645,Low,Teacher,Low,43,Hindi,RGN042
CUST002631,Suresh Malhotra,7474420359,Male,Single,634389,Middle,Software Engineer,Low,24,Hindi,RGN015
CUST002632,Ravi Srivastava,8410238735,Female,Married,155287,Low,Hardware Technician,Medium,46,Hindi,RGN048
CUST002633,Deepak Mishra,6866477413,Male,Married,637314,Middle,Teacher,Low,42,Hindi,RGN049
CUST002634,Ananya Chakraborty,6351830258,Male,Single,132883,Low,Front Desk Executive,Low,34,Hindi,RGN046
CUST002635,Uday Tiwari,8346581539,Male,Married,2732728,High,Software Engineer,Low,27,Hindi,RGN003
CUST002636,Kunal Tiwari,8217895599,Female,Married,207729,Low,Teacher,Low,27,Hindi,RGN006
CUST002637,Varun Patil,6984128655,Female,Married,124442,Low,Front Desk Executive,Low,44,Hindi,RGN016
CUST002638,Shweta Tiwari,6675923831,Male,Married,670155,Middle,Real Estate Agent,Medium,52,Hindi,RGN007
CUST002639,Swati Patil,7489180038,Male,Married,390167,Middle,Hardware Technician,Medium,30,Hindi,RGN043
CUST002640,Tanvi Agarwal,6463429242,Male,Married,1670550,Upper-Middle,Software Engineer,Low,43,Hindi,RGN006
CUST002641,Nandini Rao,6959730912,Male,Married,284539,Low,Farmer,Medium,18,Telugu,RGN017
CUST002642,Kunal Verma,6852734114,Male,Widowed,337480,Middle,Hardware Technician,Medium,30,Hindi,RGN041
CUST002643,Ravi Srivastava,9133155530,Male,Married,917060,Upper-Middle,Business Owner,Medium,37,Hindi,RGN001
CUST002644,Sunita Iyer,6530304407,Female,Widowed,2203402,High,Software Engineer,Low,27,Tamil,RGN023
CUST002645,Lakshmi Jadhav,9811096598,Female,Married,1591359,Upper-Middle,Business Owner,Medium,26,Kannada,RGN021
CUST002646,Rahul Sharma,8557663454,Male,Married,1154526,Upper-Middle,Software Engineer,Low,29,Hindi,RGN013
CUST002647,Ramesh Naik,6829912699,Male,Married,4602017,High,Doctor,Low,41,Hindi,RGN043
CUST002648,Sneha Bose,8520641910,Male,Single,1045195,Upper-Middle,Software Engineer,Low,35,Hindi,RGN037
CUST002649,Ananya Gowda,9166910082,Female,Single,76870,Low,Farmer,Medium,18,Hindi,RGN040
CUST002650,Sandeep Mehta,7421682682,Female,Married,396625,Middle,Hardware Technician,Medium,18,Hindi,RGN013
CUST002651,Varun Gowda,7175626996,Male,Single,1895048,Upper-Middle,Software Engineer,Low,30,Hindi,RGN009
CUST002652,Sunita Sharma,7083479100,Female,Divorced,1552246,Upper-Middle,Software Engineer,Low,43,Hindi,RGN040
CUST002653,Sarika Desai,8932572287,Male,Married,2378047,High,Software Engineer,Low,18,Tamil,RGN023
CUST002654,Siddharth Balaji,6322007485,Male,Married,385807,Middle,Driver,High,32,Telugu,RGN019
CUST002655,Deepak Agarwal,9243871295,Male,Married,254382,Low,Teacher,Low,31,Oriya,RGN031
CUST002656,Rahul Nair,6452058028,Male,Single,4005284,High,Doctor,Low,54,Hindi,RGN027
CUST002657,Suresh Joshi,9060480224,Male,Divorced,1529582,Upper-Middle,Software Engineer,Low,33,Hindi,RGN026
CUST002658,Kavya Hegde,6654747695,Male,Married,1304089,Upper-Middle,Software Engineer,Low,42,Kannada,RGN022
CUST002659,Kavya Iyer,6904189856,Female,Single,836735,Upper-Middle,Software Engineer,Low,39,Hindi,RGN029
CUST002660,Sunita Pandey,9430165562,Male,Widowed,331072,Middle,Real Estate Agent,Medium,18,Hindi,RGN043
CUST002661,Arjun Desai,7887888765,Male,Married,231160,Low,Hardware Technician,Medium,47,Hindi,RGN011
CUST002662,Sarika Sharma,9993136062,Male,Married,3649990,High,Pilot,High,40,Hindi,RGN029
CUST002663,Santosh Gupta,7901138604,Male,Single,293040,Low,Farmer,Medium,44,Hindi,RGN027
CUST002664,Sapna Nair,9947199038,Male,Married,388008,Middle,Business Owner,Medium,65,Hindi,RGN048
CUST002665,Manoj Menon,6351489538,Male,Married,1049933,Upper-Middle,Business Owner,Medium,18,Tamil,RGN024
CUST002666,Karan Gowda,7944191479,Male,Single,272510,Low,Front Desk Executive,Low,58,Hindi,RGN011
CUST002667,Yash Joshi,6534728395,Male,Married,3430707,High,Business Owner,Medium,34,Hindi,RGN025
CUST002668,Rekha Krishnan,6673095326,Male,Married,378594,Middle,Teacher,Low,41,Hindi,RGN014
CUST002669,Siddharth Chakraborty,9084886865,Male,Married,406337,Middle,Teacher,Low,37,Hindi,RGN049
CUST002670,Ananya Agarwal,9292582282,Female,Married,3588048,High,Business Owner,Medium,32,Hindi,RGN035
CUST002671,Prakash Gowda,6183235306,Male,Married,174553,Low,Hardware Technician,Medium,31,Hindi,RGN036
CUST002672,Meera Rajan,8684676780,Male,Married,640814,Middle,Teacher,Low,41,Hindi,RGN041
CUST002673,Shweta Shetty,9458374495,Male,Married,1038681,Upper-Middle,Software Engineer,Low,19,Hindi,RGN047
CUST002674,Poonam Patil,9521353175,Female,Married,2308058,High,Software Engineer,Low,47,Hindi,RGN001
CUST002675,Harsha Iyer,8592897487,Male,Married,172193,Low,Farmer,Medium,33,Oriya,RGN032
CUST002676,Arjun Kulkarni,8114862675,Male,Married,2237655,High,Software Engineer,Low,24,Hindi,RGN011
CUST002677,Divya Venkatesh,6199764534,Male,Married,204658,Low,Driver,High,32,Hindi,RGN045
CUST002678,Deepa Patil,9208467292,Female,Single,2280705,High,Business Owner,Medium,53,Hindi,RGN004
CUST002679,Manoj Gowda,9896300935,Female,Married,944766,Upper-Middle,Business Owner,Medium,31,Hindi,RGN025
CUST002680,Amrita Kumar,7016301597,Female,Married,1118434,Upper-Middle,Software Engineer,Low,42,Telugu,RGN018
CUST002681,Vinod Reddy,7242284834,Female,Married,416874,Middle,Software Engineer,Low,29,Hindi,RGN036
CUST002682,Suresh Naik,7766809846,Male,Married,139218,Low,Farmer,Medium,47,Hindi,RGN001
CUST002683,Karan Balaji,6180403348,Male,Single,3426741,High,Doctor,Low,46,Hindi,RGN043
CUST002684,Anil Joshi,6153735866,Male,Married,429170,Middle,Hardware Technician,Medium,60,Telugu,RGN019
CUST002685,Isha Gupta,9155446053,Female,Married,655615,Middle,Teacher,Low,35,Kannada,RGN021
CUST002686,Sunil Bose,7609674627,Male,Single,268265,Low,Front Desk Executive,Low,46,Hindi,RGN005
CUST002687,Siddharth Rajan,7053649911,Male,Single,3061157,High,Business Owner,Medium,39,Hindi,RGN035
CUST002688,Divya Subramanian,7856728502,Male,Married,1470964,Upper-Middle,Doctor,Low,53,Kannada,RGN021
CUST002689,Bhavna Hegde,6553830775,Female,Widowed,152845,Low,Teacher,Low,29,Hindi,RGN036
CUST002690,Pradeep Pandey,8821262643,Other,Divorced,259518,Low,Front Desk Executive,Low,46,Hindi,RGN033
CUST002691,Rohit Deshpande,86784XXXXX,Female,Divorced,178617,Low,Front Desk Executive,Low,35,Hindi,RGN006
CUST002692,Neha Mehta,6751991981,Female,Married,120568,Low,Farmer,Medium,37,Oriya,RGN032
CUST002693,Mohit Hegde,6585174328,Female,Married,1127151,Upper-Middle,Pilot,High,39,Hindi,RGN042
CUST002694,Neha More,8925316498,Male,Married,633840,Middle,Software Engineer,Low,41,Hindi,RGN006
CUST002695,Akash Sharma,7838597477,Male,Single,1739604,Upper-Middle,Software Engineer,Low,36,Telugu,RGN020
CUST002696,Ravi Krishnan,9565907055,Female,Single,1006604,Upper-Middle,Software Engineer,Low,40,Hindi,RGN046
CUST002697,Kavya Pillai,8943436877,Male,Married,1316617,Upper-Middle,Software Engineer,Low,56,Hindi,RGN047
CUST002698,Nandini Kumar,6569220949,Female,Married,207537,Low,Farmer,Medium,49,Hindi,RGN003
CUST002699,Ramesh Menon,6763415359,Male,Widowed,135627,Low,Hardware Technician,Medium,48,Hindi,RGN026
CUST002700,Meera Venkatesh,9710011547,Male,Single,189034,Low,Real Estate Agent,Medium,32,Telugu,RGN020
CUST002701,Sarika Das,9349431487,Female,Married,4136302,High,Doctor,Low,27,Hindi,RGN007
CUST002702,Harsha Deshpande,7255785641,Female,Married,1832917,Upper-Middle,Pilot,High,49,Hindi,RGN005
CUST002703,Rahul Dubey,7547416855,Female,Divorced,924334,Upper-Middle,Doctor,Low,48,Hindi,RGN016
CUST002704,Yash Gowda,9395232855,Female,Married,262060,Low,Hardware Technician,Medium,55,Hindi,RGN010
CUST002705,Ramesh Kulkarni,8809579475,Male,Single,2566005,High,Doctor,Low,30,Hindi,RGN045
CUST002706,Shruti Saxena,6660284136,Male,Single,1613547,Upper-Middle,Software Engineer,Low,35,Hindi,RGN009
CUST002707,Kunal Pandey,7334704071,Female,Divorced,200489,Low,Front Desk Executive,Low,18,Telugu,RGN017
CUST002708,Mohit Gupta,8697147973,Male,Married,2515973,High,Software Engineer,Low,33,Hindi,RGN041
CUST002709,Isha Balaji,8185595083,Male,Married,2232325,High,Business Owner,Medium,49,Hindi,RGN002
CUST002710,Rahul Patil,9456017039,Female,Married,567072,Middle,Teacher,Low,32,Telugu,RGN017
CUST002711,Shruti Patel,9101759001,Male,Single,292380,Low,Hardware Technician,Medium,45,Hindi,RGN036
CUST002712,Shweta Mehta,9067949078,Male,Divorced,1837667,Upper-Middle,Business Owner,Medium,35,Hindi,RGN046
CUST002713,Kavya Kumar,9928551621,Male,Married,229007,Low,Hardware Technician,Medium,41,Hindi,RGN029
CUST002714,Sarika Mehta,8938967635,Male,Single,153957,Low,Teacher,Low,24,Hindi,RGN044
CUST002715,Suresh Rao,7673558960,Male,Married,344846,Middle,Real Estate Agent,Medium,39,Hindi,RGN044
CUST002716,Santosh Kulkarni,90722XXXXX,Male,Married,1511296,Upper-Middle,Software Engineer,Low,18,Hindi,RGN044
CUST002717,Aditi Mishra,7351390143,Female,Married,2055837,High,Software Engineer,Low,35,Hindi,RGN045
CUST002718,Aryan Iyer,6974274936,Male,Married,3094345,High,Doctor,Low,18,Hindi,RGN035
CUST002719,Pooja Iyer,9357967148,Female,Married,230171,Low,Farmer,Medium,52,Hindi,RGN043
CUST002720,Aditya Subramanian,6300735658,Male,Married,269890,Low,Driver,High,47,Hindi,RGN045
CUST002721,Isha Mehta,7608252637,Female,Married,1670401,Upper-Middle,Software Engineer,Low,43,Hindi,RGN012
CUST002722,Isha Singh,8128866911,Male,Married,2494363,High,Doctor,Low,56,Hindi,RGN008
CUST002723,Ramesh Nair,7232142526,Female,Married,1480309,Upper-Middle,Software Engineer,Low,26,Hindi,RGN048
CUST002724,Poonam Gowda,6197892594,Male,Widowed,1460111,Upper-Middle,Software Engineer,Low,58,Hindi,RGN009
CUST002725,Swati Subramanian,9574465325,Female,Single,386340,Middle,Teacher,Low,49,Tamil,RGN023
CUST002726,Rohit Kapoor,8441181851,Female,Married,3016018,High,Pilot,High,35,Hindi,RGN012
CUST002727,Anil Patil,7673805203,Male,Widowed,915704,Upper-Middle,Software Engineer,Low,51,Hindi,RGN046
CUST002728,Sanjay Desai,6937684184,Male,Married,1215472,Upper-Middle,Real Estate Agent,Medium,24,Hindi,RGN009
CUST002729,Santosh Gowda,9146220148,Male,Divorced,1355274,Upper-Middle,Doctor,Low,28,Hindi,RGN041
CUST002730,Prakash More,7335401127,Male,Married,625359,Middle,Business Owner,Medium,30,Telugu,RGN020
CUST002731,Aarav Balaji,7836030876,Male,Married,322462,Middle,Business Owner,Medium,31,Hindi,RGN008
CUST002732,Kunal Tiwari,8770906761,Other,Single,767397,Middle,Real Estate Agent,Medium,25,Hindi,RGN008
CUST002733,Priya Das,7762950767,Male,Married,142456,Low,Hardware Technician,Medium,52,Hindi,RGN038
CUST002734,Suresh Desai,6621720488,Female,Married,492046,Middle,Teacher,Low,34,Hindi,RGN011
CUST002735,Swati Shetty,9804186930,Female,Married,266401,Low,Hardware Technician,Medium,42,Hindi,RGN006
CUST002736,Aditi Nair,7264564967,Male,Married,4315307,High,Pilot,High,31,Hindi,RGN025
CUST002737,Zara Krishnan,8199160539,Male,Married,115165,Low,Farmer,Medium,18,Hindi,RGN040
CUST002738,Sneha Tripathi,6649097034,Male,Married,2326224,High,Business Owner,Medium,41,Hindi,RGN034
CUST002739,Akash Shah,7519701815,Male,Married,109633,Low,Farmer,Medium,18,Hindi,RGN033
CUST002740,Ananya Tiwari,6368296707,Male,Married,504004,Middle,Teacher,Low,37,Hindi,RGN005
CUST002741,Swati Patel,8215319362,Male,Married,2684450,High,Software Engineer,Low,21,Hindi,RGN047
CUST002742,Manoj Chakraborty,8260221690,Female,Divorced,1224340,Upper-Middle,Pilot,High,61,Hindi,RGN050
CUST002743,Manoj Pandey,9548029335,Female,Single,2913585,High,Doctor,Low,48,Hindi,RGN030
CUST002744,Ravi Gupta,7843910657,Male,Single,1158670,Upper-Middle,Software Engineer,Low,39,Hindi,RGN008
CUST002745,Nandini Tripathi,7517454693,Female,Divorced,135561,Low,Farmer,Medium,53,Hindi,RGN036
CUST002746,Nandini Das,8102140128,Female,Married,156282,Low,Farmer,Medium,27,Hindi,RGN037
CUST002747,Harsha Kumar,9791766512,Male,Single,2366177,High,Business Owner,Medium,44,Hindi,RGN012
CUST002748,Sunil Dubey,6359717717,Male,Single,1162961,Upper-Middle,Software Engineer,Low,40,Hindi,RGN004
CUST002749,Sunita Das,6305687094,Male,Single,1483394,Upper-Middle,Software Engineer,Low,41,Hindi,RGN029
CUST002750,Shruti Venkatesh,6246051648,Female,Married,173005,Low,Farmer,Medium,53,Hindi,RGN027
CUST002751,Gaurav Mishra,7895337684,Female,Divorced,649650,Middle,Real Estate Agent,Medium,46,Hindi,RGN029
CUST002752,Mohit Iyer,6876776006,Male,Married,2050738,High,Software Engineer,Low,41,Hindi,RGN013
CUST002753,Sarika Sharma,8345973173,Female,Married,281268,Low,Business Owner,Medium,18,Hindi,RGN046
CUST002754,Uday Menon,6332496757,Female,Married,256531,Low,Teacher,Low,26,Hindi,RGN025
CUST002755,Geeta Pillai,8510484809,Female,Single,258035,Low,Farmer,Medium,36,Hindi,RGN033
CUST002756,Anjali Jadhav,8731815605,Male,Married,2896954,High,Software Engineer,Low,39,Kannada,RGN021
CUST002757,Amrita Saxena,8270799594,Female,Widowed,1450543,Upper-Middle,Real Estate Agent,Medium,24,Hindi,RGN007
CUST002758,Tanvi Mishra,9611107976,Female,Single,2294601,High,Doctor,Low,65,Kannada,RGN022
CUST002759,Suresh Dubey,8754565728,Female,Married,691893,Middle,Software Engineer,Low,56,Hindi,RGN011
CUST002760,Ananya Tiwari,9226934854,Male,Married,2842570,High,Business Owner,Medium,45,Hindi,RGN009
CUST002761,Ravi Malhotra,6390984685,Male,Married,319357,Middle,Real Estate Agent,Medium,38,Hindi,RGN010
CUST002762,Rahul Sharma,9066992613,Male,Widowed,2232850,High,Software Engineer,Low,35,Hindi,RGN003
CUST002763,Arjun Desai,7687097777,Female,Married,177723,Low,Farmer,Medium,26,Oriya,RGN032
CUST002764,Pooja Iyer,8703996263,Male,Single,2311174,High,Pilot,High,38,Hindi,RGN004
CUST002765,Ravi Pandey,9792711073,Female,Married,203899,Low,Front Desk Executive,Low,41,Telugu,RGN019
CUST002766,Ramesh Venkatesh,8128962206,Male,Widowed,983125,Upper-Middle,Software Engineer,Low,23,Hindi,RGN016
CUST002767,Aryan Mehta,7432333023,Male,Married,588377,Middle,Teacher,Low,42,Hindi,RGN043
CUST002768,Vijay Agarwal,7446060694,Female,Married,270571,Low,Driver,High,36,Telugu,RGN019
CUST002769,Sandeep Mehta,7069523578,Female,Divorced,834031,Upper-Middle,Real Estate Agent,Medium,18,Hindi,RGN012
CUST002770,Ramesh Rao,9529412853,Male,Married,135460,Low,Front Desk Executive,Low,27,Hindi,RGN030
CUST002771,Lakshmi Chaudhary,9006448854,Male,Married,284190,Low,Hardware Technician,Medium,33,Hindi,RGN002
CUST002772,Ravi Tripathi,9531198042,Female,Single,1577110,Upper-Middle,Software Engineer,Low,60,Kannada,RGN021
CUST002773,Nandini Mishra,8542805376,Female,Single,1499395,Upper-Middle,Software Engineer,Low,44,Hindi,RGN035
CUST002774,Tanvi Gowda,8255078688,Male,Single,1920252,Upper-Middle,Software Engineer,Low,21,Hindi,RGN001
CUST002775,Vishal Kulkarni,9860203922,Male,Married,259588,Low,Hardware Technician,Medium,43,Hindi,RGN015
CUST002776,Rahul Venkatesh,6317019586,Female,Married,1516093,Upper-Middle,Software Engineer,Low,19,Hindi,RGN039
CUST002777,Vinod Mishra,9399287987,Male,Married,412377,Middle,Teacher,Low,50,Telugu,RGN018
CUST002778,Lakshmi Sharma,7873142495,Female,Married,1018959,Upper-Middle,Real Estate Agent,Medium,32,Telugu,RGN019
CUST002779,Deepa Pillai,9291796441,Male,Married,211898,Low,Driver,High,36,Hindi,RGN047
CUST002780,Yash Kumar,9462591601,Female,Divorced,1454147,Upper-Middle,Business Owner,Medium,53,Hindi,RGN039
CUST002781,Kritika Pandey,6051028745,Female,Married,2635057,High,Doctor,Low,22,Hindi,RGN030
CUST002782,Neha More,6202201754,Male,Married,475156,Middle,Software Engineer,Low,21,Hindi,RGN034
CUST002783,Bhavna Das,8416487921,Male,Single,95329,Low,Farmer,Medium,30,Hindi,RGN006
CUST002784,Divya Shetty,6466275015,Female,Married,281748,Low,Teacher,Low,50,Hindi,RGN012
CUST002785,Poonam Desai,7697442036,Female,Married,2277495,High,Business Owner,Medium,19,Hindi,RGN014
CUST002786,Akash Verma,6785483309,Male,Married,1246046,Upper-Middle,Software Engineer,Low,18,Telugu,RGN019
CUST002787,Suresh Menon,8872383680,Male,Married,2796704,High,Software Engineer,Low,32,Hindi,RGN007
CUST002788,Bhavna Agarwal,9014579232,Male,Widowed,300037,Middle,Driver,High,44,Hindi,RGN033
CUST002789,Shruti Rao,9714858197,Female,Married,76746,Low,Farmer,Medium,52,Hindi,RGN042
CUST002790,Aditya Patil,6150196797,Female,Married,174423,Low,Driver,High,32,Hindi,RGN014
CUST002791,Deepak Bose,7092519201,Male,Married,734279,Middle,Software Engineer,Low,33,Hindi,RGN025
CUST002792,Aarav Sharma,7852332970,Male,Single,359845,Middle,Driver,High,51,Hindi,RGN043
CUST002793,Sapna Pillai,8937958291,Female,Divorced,1176874,Upper-Middle,Software Engineer,Low,18,Hindi,RGN036
CUST002794,Arjun Shah,8855116397,Male,Married,305536,Middle,Driver,High,33,Hindi,RGN001
CUST002795,Vinod Balaji,6492075741,Female,Married,131294,Low,Driver,High,40,Oriya,RGN032
CUST002796,Sunil Mishra,8248739626,Other,Divorced,148364,Low,Farmer,Medium,43,Hindi,RGN041
CUST002797,Ravi Kulkarni,7591883124,Female,Married,190260,Low,Front Desk Executive,Low,31,Hindi,RGN016
CUST002798,Vinod Das,8248739626,Male,Married,373283,Middle,Teacher,Low,38,Telugu,RGN019
CUST002799,Rahul Tiwari,8354978729,Male,Married,1541497,Upper-Middle,Software Engineer,Low,18,Hindi,RGN044
CUST002800,Kritika Patil,9571564380,Female,Married,746817,Middle,Real Estate Agent,Medium,30,Tamil,RGN023
CUST002801,Nikhil Krishnan,7990348042,Male,Single,273809,Low,Teacher,Low,43,Telugu,RGN017
CUST002802,Sarika Bose,8796000940,Female,Married,251962,Low,Driver,High,26,Hindi,RGN033
CUST002803,Harsha Deshpande,6657376242,Female,Married,841765,Upper-Middle,Real Estate Agent,Medium,38,Hindi,RGN040
CUST002804,Sneha Verma,9622549203,Male,Married,812355,Upper-Middle,Doctor,Low,43,Hindi,RGN033
CUST002805,Shweta Bose,9930914015,Male,Single,454594,Middle,Real Estate Agent,Medium,33,Hindi,RGN026
CUST002806,Swati Joshi,7731172264,Male,Married,636840,Middle,Software Engineer,Low,40,Hindi,RGN048
CUST002807,Vishal Subramanian,6475690018,Male,Married,1061760,Upper-Middle,Software Engineer,Low,26,Hindi,RGN048
CUST002808,Arjun Kulkarni,8293359847,Female,Married,176604,Low,Front Desk Executive,Low,35,Hindi,RGN008
CUST002809,Rajesh Saxena,8229835966,Female,Single,830386,Upper-Middle,Business Owner,Medium,45,Hindi,RGN047
CUST002810,Shweta Desai,9715390226,Female,Single,2189761,High,Software Engineer,Low,39,Hindi,RGN001
CUST002811,Rajesh Iyer,7473650032,Male,Single,674923,Middle,Software Engineer,Low,30,Hindi,RGN033
CUST002812,Yash Verma,6900647614,Female,Married,1759202,Upper-Middle,Software Engineer,Low,40,Hindi,RGN041
CUST002813,Deepa Kulkarni,8278735540,Male,Married,315676,Middle,Real Estate Agent,Medium,46,Hindi,RGN041
CUST002814,Sandeep Joshi,8231697920,Female,Married,187180,Low,Driver,High,18,Hindi,RGN037
CUST002815,Aryan Gupta,9754939343,Male,Married,315183,Middle,Teacher,Low,51,Hindi,RGN012
CUST002816,Harsha Srivastava,9904539252,Female,Married,202407,Low,Driver,High,33,Hindi,RGN007
CUST002817,Vijay Singh,9835733813,Male,Single,1196046,Upper-Middle,Doctor,Low,43,Hindi,RGN028
CUST002818,Sapna Menon,7073453302,Male,Married,2892503,High,Pilot,High,52,Hindi,RGN005
CUST002819,Rahul Mehta,7641224740,Female,Divorced,1850071,Upper-Middle,Software Engineer,Low,21,Hindi,RGN015
CUST002820,Aarav Iyer,8372033505,Female,Single,198784,Low,Teacher,Low,29,Hindi,RGN030
CUST002821,Varun Chaudhary,6602325107,Female,Married,1538290,Upper-Middle,Software Engineer,Low,34,Hindi,RGN036
CUST002822,Rahul Subramanian,,Female,Single,1658428,Upper-Middle,Software Engineer,Low,28,Hindi,RGN046
CUST002823,Nandini Kulkarni,8224564119,Male,Single,464752,Middle,Real Estate Agent,Medium,58,Hindi,RGN008
CUST002824,Neha Das,7551253807,Male,Married,531459,Middle,Real Estate Agent,Medium,27,Hindi,RGN048
CUST002825,Akash Hegde,6913505349,Male,Widowed,136648,Low,Farmer,Medium,31,Hindi,RGN048
CUST002826,Harsha Gupta,81971XXXXX,Female,Married,2447788,High,Software Engineer,Low,40,Hindi,RGN015
CUST002827,Amrita Hegde,6663282463,Female,Married,1319543,Upper-Middle,Software Engineer,Low,23,Hindi,RGN038
CUST002828,Bhavna Dubey,6616218563,Male,Married,2301677,High,Doctor,Low,33,Hindi,RGN029
CUST002829,Vijay Gupta,8200761504,Female,Widowed,174132,Low,Driver,High,41,Telugu,RGN018
CUST002830,Poonam Bose,7059868569,Female,Divorced,1229078,Upper-Middle,Software Engineer,Low,34,Telugu,RGN018
CUST002831,Ananya Patel,9515093983,Male,Married,203931,Low,Front Desk Executive,Low,36,Hindi,RGN048
CUST002832,Zara Joshi,6101461039,Male,Married,288060,Low,Farmer,Medium,31,Hindi,RGN039
CUST002833,Nandini Saxena,7788881893,Male,Married,486128,Middle,Real Estate Agent,Medium,19,Hindi,RGN001
CUST002834,Anjali Chaudhary,6461638816,Female,Married,394076,Middle,Teacher,Low,41,Hindi,RGN033
CUST002835,Sapna Pillai,9851856905,Female,Married,1329073,Upper-Middle,Business Owner,Medium,59,Hindi,RGN050
CUST002836,Vishal Iyer,6965688267,Male,Married,1176889,Upper-Middle,Business Owner,Medium,38,Hindi,RGN028
CUST002837,Karan Kapoor,7800727208,Female,Married,2503755,High,Business Owner,Medium,40,Hindi,RGN033
CUST002838,Ananya Balaji,6472373564,Female,Single,519813,Middle,Teacher,Low,46,Hindi,RGN025
CUST002839,Swati Bose,6783083069,Male,Married,974975,Upper-Middle,Software Engineer,Low,22,Hindi,RGN028
CUST002840,Gaurav Pillai,9899951454,Male,Married,130627,Low,Front Desk Executive,Low,58,Hindi,RGN048
CUST002841,Shweta Pandey,7671467490,Male,Married,833889,Upper-Middle,Doctor,Low,40,Hindi,RGN042
CUST002842,Mohit Bose,9688675185,Female,Married,1748430,Upper-Middle,Software Engineer,Low,57,Telugu,RGN018
CUST002843,,9116456059,Male,Married,1162287,Upper-Middle,Software Engineer,Low,29,Hindi,RGN037
CUST002844,Varun Verma,8634318073,Female,Married,2160409,High,Business Owner,Medium,59,Hindi,RGN028
CUST002845,Gaurav Shah,7002585653,Female,Married,1012872,Upper-Middle,Real Estate Agent,Medium,47,Kannada,RGN021
CUST002846,Manoj Joshi,7777303167,Female,Single,341071,Middle,Teacher,Low,44,Hindi,RGN012
CUST002847,Poonam Jadhav,9192615487,Female,Married,1484788,Upper-Middle,Business Owner,Medium,40,Hindi,RGN003
CUST002848,Akash Chaudhary,7012402545,Male,Married,297938,Low,Business Owner,Medium,35,Oriya,RGN032
CUST002849,Rajesh Deshpande,8005490809,Female,Single,1067281,Upper-Middle,Software Engineer,Low,52,Hindi,RGN026
CUST002850,Neha Joshi,7976738872,Male,Married,2169571,High,Business Owner,Medium,39,Hindi,RGN026
CUST002851,Aditi Tripathi,8616303438,Male,Divorced,321562,Middle,Teacher,Low,18,Telugu,RGN017
CUST002852,Kunal Gowda,7000914352,Female,Married,2510586,High,Doctor,Low,24,Hindi,RGN006
CUST002853,Yash Agarwal,8930741799,Female,Married,1165138,Upper-Middle,Doctor,Low,35,Tamil,RGN024
CUST002854,Anil Menon,9546628973,Female,Single,1380196,Upper-Middle,Software Engineer,Low,41,Hindi,RGN046
CUST002855,Manoj More,8189622527,Female,Married,1135845,Upper-Middle,Business Owner,Medium,37,Hindi,RGN028
CUST002856,Vijay Sharma,8600223023,Female,Married,1183422,Upper-Middle,Software Engineer,Low,52,Hindi,RGN041
CUST002857,Kunal Shetty,8056771251,Male,Divorced,108436,Low,Hardware Technician,Medium,18,Hindi,RGN008
CUST002858,Lakshmi Gupta,8890418280,Male,Married,283405,Low,Real Estate Agent,Medium,39,Hindi,RGN014
CUST002859,Santosh Chakraborty,8166608123,Male,Single,575823,Middle,Software Engineer,Low,18,Hindi,RGN036
CUST002860,Aditya Tripathi,7788447909,Male,Widowed,3796555,High,Business Owner,Medium,47,Hindi,RGN009
CUST002861,Pooja Patel,9361527695,Male,Married,1319148,Upper-Middle,Software Engineer,Low,36,Hindi,RGN039
CUST002862,Mohit Reddy,8442022482,Female,Married,1628913,Upper-Middle,Software Engineer,Low,43,Hindi,RGN049
CUST002863,Rahul Jadhav,8886313737,Female,Married,1310154,Upper-Middle,Software Engineer,Low,27,Hindi,RGN014
CUST002864,Meera Pillai,6450311802,Female,Widowed,994359,Upper-Middle,Software Engineer,Low,53,Hindi,RGN006
CUST002865,Deepak Kulkarni,9691419396,Male,Divorced,3509692,High,Business Owner,Medium,50,Hindi,RGN029
CUST002866,Aditya Sharma,6610471891,Female,Married,203444,Low,Driver,High,45,Hindi,RGN001
CUST002867,Ravi Shah,6992569247,Male,Married,624013,Middle,Real Estate Agent,Medium,36,Hindi,RGN029
CUST002868,Kunal Krishnan,6886263956,Other,Married,706165,Middle,Software Engineer,Low,44,Hindi,RGN045
CUST002869,Deepak Srivastava,8131811814,Male,Single,1576603,Upper-Middle,Software Engineer,Low,29,Hindi,RGN012
CUST002870,Isha Jadhav,9634209536,Male,Married,307381,Middle,Teacher,Low,48,Hindi,RGN038
CUST002871,Santosh Shah,8470856094,Female,Married,176847,Low,Driver,High,57,Hindi,RGN040
CUST002872,Meera Rajan,6671487831,Male,Married,1048125,Upper-Middle,Software Engineer,Low,50,Hindi,RGN003
CUST002873,Shruti Saxena,6314564572,Male,Married,1018552,Upper-Middle,Software Engineer,Low,29,Kannada,RGN022
CUST002874,Anjali Deshpande,7757940740,Female,Single,289965,Low,Front Desk Executive,Low,42,Hindi,RGN047
CUST002875,Varun Pandey,7374499987,Male,Married,2972799,High,Software Engineer,Low,22,Hindi,RGN013
CUST002876,Anil Malhotra,6933913694,Male,Married,1885560,Upper-Middle,Business Owner,Medium,44,Hindi,RGN016
CUST002877,Pooja Kapoor,6264106032,Female,Married,1303276,Upper-Middle,Business Owner,Medium,43,Hindi,RGN033
CUST002878,Santosh Tripathi,9753180576,Male,Married,1843277,Upper-Middle,Doctor,Low,18,Hindi,RGN030
CUST002879,Neha Rajan,7101089654,Male,Married,1516491,Upper-Middle,Software Engineer,Low,24,Hindi,RGN042
CUST002880,Shruti More,9125360640,Male,Married,2437844,High,Doctor,Low,34,Hindi,RGN009
CUST002881,Nandini Dubey,6474867948,Female,Married,1349626,Upper-Middle,Software Engineer,Low,34,Hindi,RGN002
CUST002882,Mohit Chakraborty,9989484817,Male,Married,2855055,High,Doctor,Low,23,Telugu,RGN020
CUST002883,Mohit Agarwal,6361007701,Other,Married,285990,Low,Teacher,Low,42,Hindi,RGN013
CUST002884,Anil Patel,9737594933,Male,Married,2443282,High,Business Owner,Medium,41,Tamil,RGN023
CUST002885,Deepa Kumar,67811XXXXX,Male,Single,748909,Middle,Doctor,Low,35,Hindi,RGN008
CUST002886,Rahul Balaji,6049021444,Female,Married,2773314,High,Doctor,Low,28,Hindi,RGN007
CUST002887,Rekha Kapoor,6559674333,Female,Married,508461,Middle,Software Engineer,Low,50,Hindi,RGN006
CUST002888,Varun Naik,8965523917,Male,Single,1687528,Upper-Middle,Business Owner,Medium,57,Hindi,RGN006
CUST002889,Deepak Agarwal,6335300499,Male,Married,1282186,Upper-Middle,Pilot,High,32,Hindi,RGN046
CUST002890,Shweta Iyer,7665361977,Female,Single,500626,Middle,Teacher,Low,30,Hindi,RGN005
CUST002891,Sunil Reddy,7173946248,Male,Single,914305,Upper-Middle,Software Engineer,Low,43,Hindi,RGN048
CUST002892,Deepak Kumar,9238586539,Female,Divorced,167541,Low,Farmer,Medium,33,Oriya,RGN032
CUST002893,Uday Reddy,7768714134,Female,Single,1442287,Upper-Middle,Business Owner,Medium,36,Hindi,RGN043
CUST002894,Vijay Rao,7179670605,Male,Single,650324,Middle,Software Engineer,Low,46,Hindi,RGN034
CUST002895,Akash Tiwari,8817357921,Female,Married,1532093,Upper-Middle,Software Engineer,Low,18,Hindi,RGN008
CUST002896,Ravi Malhotra,6625069893,Female,Married,256726,Low,Front Desk Executive,Low,53,Hindi,RGN005
CUST002897,Nandini Kapoor,8464639897,Male,Married,1287981,Upper-Middle,Doctor,Low,38,Tamil,RGN024
CUST002898,Akash Srivastava,6145570393,Female,Married,1334809,Upper-Middle,Software Engineer,Low,33,Hindi,RGN041
CUST002899,Yash Kapoor,8271866925,Female,Single,315262,Middle,Teacher,Low,36,Hindi,RGN004
CUST002900,Mohit Das,8290509260,Male,Married,711394,Middle,Software Engineer,Low,37,Hindi,RGN026
CUST002901,Rahul Srivastava,6011015616,Male,Married,882575,Upper-Middle,Real Estate Agent,Medium,18,Hindi,RGN006
CUST002902,Rohit Hegde,6973844981,Female,Single,132609,Low,Driver,High,55,Hindi,RGN026
CUST002903,Ananya Rajan,7130088238,Male,Married,296196,Low,Hardware Technician,Medium,38,Hindi,RGN025
CUST002904,Varun Malhotra,8699086723,Male,Married,471691,Middle,Teacher,Low,43,Kannada,RGN021
CUST002905,Gaurav Das,7104481773,Male,Married,1602293,Upper-Middle,Software Engineer,Low,49,Telugu,RGN017
CUST002906,Aditya Menon,9556192218,Female,Married,290565,Low,Real Estate Agent,Medium,25,Telugu,RGN018
CUST002907,Swati Pandey,7206318641,Male,Married,2508918,High,Software Engineer,Low,43,Hindi,RGN039
CUST002908,Deepa Saxena,9613023641,Male,Married,1282953,Upper-Middle,Software Engineer,Low,34,Oriya,RGN031
CUST002909,Shruti Pandey,9936835991,Male,Married,1629556,Upper-Middle,Software Engineer,Low,48,Hindi,RGN002
CUST002910,Kunal Patel,9764032391,Male,Single,1814342,Upper-Middle,Business Owner,Medium,18,Hindi,RGN045
CUST002911,Karan Iyer,7252826712,Female,Married,308664,Middle,Front Desk Executive,Low,36,Hindi,RGN009
CUST002912,Isha Singh,9937949995,Female,Married,2194027,High,Business Owner,Medium,30,Hindi,RGN005
CUST002913,Aryan Chakraborty,7252964448,Male,Single,117574,Low,Front Desk Executive,Low,43,Hindi,RGN044
CUST002914,Sneha Kumar,8368681114,Male,Single,2915976,High,Business Owner,Medium,43,Kannada,RGN021
CUST002915,Uday Agarwal,7306409805,Female,Married,177767,Low,Driver,High,29,Hindi,RGN013
CUST002916,Varun Balaji,9715559062,Male,Married,563638,Middle,Software Engineer,Low,29,Hindi,RGN006
CUST002917,Kunal Mehta,9879025912,Male,Divorced,596947,Middle,Real Estate Agent,Medium,36,Hindi,RGN039
CUST002918,Divya Deshpande,6463721626,Male,Divorced,122589,Low,Farmer,Medium,27,Hindi,RGN003
CUST002919,Vikram Desai,9032358418,Male,Married,759391,Middle,Software Engineer,Low,48,Telugu,RGN020
CUST002920,Vishal Jadhav,6295599977,Male,Married,134712,Low,Farmer,Medium,33,Hindi,RGN034
CUST002921,Rohit Kumar,7793957955,Female,Married,2773967,High,Software Engineer,Low,18,Tamil,RGN023
CUST002922,Harsha Tiwari,6924741117,Male,Married,226230,Low,Driver,High,33,Telugu,RGN018
CUST002923,Nandini Srivastava,7670386256,Female,Single,1341957,Upper-Middle,Software Engineer,Low,25,Hindi,RGN003
CUST002924,Yash Naik,9611258423,Female,Married,630795,Middle,Business Owner,Medium,18,Hindi,RGN010
CUST002925,Nandini Menon,7008056308,Male,Divorced,628534,Middle,Teacher,Low,23,Hindi,RGN001
CUST002926,Aryan Shah,7924828732,Female,Married,2353336,High,Software Engineer,Low,39,Hindi,RGN037
CUST002927,Vijay Deshpande,6078831273,Female,Married,355686,Middle,Real Estate Agent,Medium,53,Hindi,RGN010
CUST002928,Sunil Gupta,9548522072,Male,Widowed,245425,Low,Farmer,Medium,41,Hindi,RGN027
CUST002929,Kritika More,6197084287,Male,Married,209651,Low,Farmer,Medium,30,Hindi,RGN005
CUST002930,Kritika Chakraborty,8162796365,Female,Married,680585,Middle,Teacher,Low,43,Hindi,RGN009
CUST002931,Amrita Bose,6295551005,Male,Married,201845,Low,Farmer,Medium,32,Hindi,RGN005
CUST002932,Pooja Iyer,6081948422,Male,Married,234946,Low,Driver,High,29,Hindi,RGN035
CUST002933,Tanvi Singh,9230036072,Female,Single,1090787,Upper-Middle,Software Engineer,Low,24,Kannada,RGN021
CUST002934,Gaurav Reddy,7350283034,Male,Married,109231,Low,Farmer,Medium,18,Hindi,RGN025
CUST002935,Nikhil Gupta,7437539169,Male,Married,1848158,Upper-Middle,Software Engineer,Low,33,Tamil,RGN023
CUST002936,Suresh Krishnan,7809166316,Male,Single,995656,Upper-Middle,Software Engineer,Low,39,Telugu,RGN020
CUST002937,Kavya Naik,9968740330,Female,Married,921766,Upper-Middle,Software Engineer,Low,36,Hindi,RGN047
CUST002938,Deepak Verma,8544106166,Female,Married,2391606,High,Software Engineer,Low,33,Hindi,RGN013
CUST002939,Deepa Pillai,8970084458,Male,Divorced,113902,Low,Farmer,Medium,26,Tamil,RGN024
CUST002940,Neha Joshi,6151764296,Female,Married,904003,Upper-Middle,Pilot,High,45,Oriya,RGN032
CUST002941,Vijay Singh,7809241150,Male,Married,193932,Low,Hardware Technician,Medium,22,Hindi,RGN010
CUST002942,Swati Joshi,8096996131,Female,Married,135461,Low,Farmer,Medium,47,Hindi,RGN043
CUST002943,Vinod Bose,8255232280,Male,Divorced,326413,Middle,Driver,High,25,Hindi,RGN013
CUST002944,Swati Krishnan,8883774354,Female,Married,1799618,Upper-Middle,Software Engineer,Low,28,Hindi,RGN012
CUST002945,Isha Iyer,6476253950,Male,Married,2905561,High,Software Engineer,Low,20,Hindi,RGN027
CUST002946,Meera Rao,6115255862,Male,Married,1698511,Upper-Middle,Software Engineer,Low,31,Hindi,RGN040
CUST002947,Vishal Singh,9788826031,Female,Married,813479,Upper-Middle,Software Engineer,Low,49,Hindi,RGN034
CUST002948,Neha Agarwal,9489030458,Male,Married,811960,Upper-Middle,Software Engineer,Low,44,Telugu,RGN020
CUST002949,Amrita Shah,6971861422,Female,Married,164891,Low,Driver,High,49,Hindi,RGN016
CUST002950,Sandeep Tripathi,7554592055,Other,Divorced,279550,Low,Teacher,Low,44,Hindi,RGN016
CUST002951,Kritika Deshpande,9757799113,Male,Single,151039,Low,Front Desk Executive,Low,24,Telugu,RGN020
CUST002952,Geeta Saxena,9983045762,Female,Married,351987,Middle,Hardware Technician,Medium,34,Hindi,RGN045
CUST002953,Vijay Rao,9451160895,Male,Divorced,2834989,High,Business Owner,Medium,28,Hindi,RGN029
CUST002954,Deepa Dubey,9015221336,Male,Single,292762,Low,Driver,High,53,Hindi,RGN035
CUST002955,Swati Kulkarni,9008347612,Female,Married,1141448,Upper-Middle,Software Engineer,Low,23,Hindi,RGN026
CUST002956,Gaurav Dubey,7074611399,Male,Widowed,1642845,Upper-Middle,Software Engineer,Low,48,Hindi,RGN009
CUST002957,Anil Krishnan,9992715603,Female,Married,3687074,High,Doctor,Low,48,Hindi,RGN043
CUST002958,Pooja Shetty,7878852858,Male,Married,2498531,High,Software Engineer,Low,59,Hindi,RGN027
CUST002959,Rahul Nair,9818439763,Female,Married,4037462,High,Doctor,Low,33,Hindi,RGN003
CUST002960,Vikram Nair,6900737949,Male,Single,590622,Middle,Software Engineer,Low,46,Hindi,RGN014
CUST002961,Suresh Dubey,8457444107,Female,Single,1282096,Upper-Middle,Business Owner,Medium,65,Hindi,RGN006
CUST002962,Ravi Patel,9926265434,Male,Single,2577375,High,Business Owner,Medium,30,Hindi,RGN033
CUST002963,Prakash Agarwal,9591604359,Male,Single,605073,Middle,Software Engineer,Low,19,Tamil,RGN023
CUST002964,Karan Reddy,7985907996,Female,Married,400221,Middle,Business Owner,Medium,18,Hindi,RGN009
CUST002965,Lakshmi Patel,8857837568,Female,Married,149826,Low,Farmer,Medium,46,Oriya,RGN032
CUST002966,Yash Kulkarni,6678434073,Male,Married,1031820,Upper-Middle,Software Engineer,Low,18,Hindi,RGN040
CUST002967,Kunal Kapoor,6717761350,Male,Divorced,391190,Middle,Hardware Technician,Medium,33,Hindi,RGN015
CUST002968,Rajesh Jadhav,6788369223,Male,Married,1409923,Upper-Middle,Software Engineer,Low,43,Hindi,RGN005
CUST002969,Geeta Malhotra,7854033699,Male,Married,1061505,Upper-Middle,Software Engineer,Low,40,Oriya,RGN032
CUST002970,Rekha Desai,8285023126,Female,Married,943047,Upper-Middle,Software Engineer,Low,43,Hindi,RGN028
CUST002971,Aditya Balaji,8327355149,Female,Married,2428759,High,Pilot,High,40,Hindi,RGN034
CUST002972,Neha Kulkarni,9249032234,Male,Married,1369351,Upper-Middle,Software Engineer,Low,53,Hindi,RGN028
CUST002973,Shweta Das,9714695093,Female,Married,1702420,Upper-Middle,Software Engineer,Low,26,Hindi,RGN014
CUST002974,Mohit Malhotra,8555702006,Female,Divorced,139040,Low,Hardware Technician,Medium,29,Hindi,RGN008
CUST002975,Kritika Gupta,6741364459,Male,Married,163034,Low,Front Desk Executive,Low,28,Hindi,RGN026
CUST002976,Tanvi Verma,8761218939,Male,Single,1455294,Upper-Middle,Real Estate Agent,Medium,47,Hindi,RGN025
CUST002977,Harsha Pillai,6270650761,Male,Single,602239,Middle,Doctor,Low,48,Hindi,RGN050
CUST002978,Kritika Tripathi,7228305644,Male,Married,1676739,Upper-Middle,Pilot,High,43,Telugu,RGN020
CUST002979,Mohit Mehta,9853045555,Male,Married,3400468,High,Pilot,High,52,Hindi,RGN006
CUST002980,Nikhil Nair,8026356077,Male,Married,174568,Low,Hardware Technician,Medium,23,Telugu,RGN020
CUST002981,Nikhil Menon,9894332763,Male,Single,2817344,High,Doctor,Low,58,Hindi,RGN026
CUST002982,Meera Kapoor,6460082369,Male,Married,108527,Low,Driver,High,56,Telugu,RGN020
CUST002983,Shruti Shah,9269022209,Male,Married,273552,Low,Driver,High,46,Oriya,RGN031
CUST002984,Vishal Kumar,9550617906,Female,Single,1342171,Upper-Middle,Doctor,Low,59,Hindi,RGN042
CUST002985,Akash Kulkarni,9015120039,Female,Married,134242,Low,Driver,High,18,Hindi,RGN028
CUST002986,Nikhil Krishnan,7449076972,Female,Married,2027167,High,Business Owner,Medium,31,Oriya,RGN032
CUST002987,Santosh Rajan,6621833391,Female,Married,1313974,Upper-Middle,Software Engineer,Low,29,Hindi,RGN029
CUST002988,Rekha Venkatesh,7969210530,Female,Single,202597,Low,Front Desk Executive,Low,46,Hindi,RGN009
CUST002989,Vijay Srivastava,9122600822,Female,Married,444324,Middle,Real Estate Agent,Medium,25,Hindi,RGN036
CUST002990,Ravi Rajan,7774270549,Female,Married,562372,Middle,Software Engineer,Low,47,Hindi,RGN012
CUST002991,Anil Kumar,8788728206,Male,Single,683280,Middle,Teacher,Low,54,Hindi,RGN015
CUST002992,Zara Sharma,7228012698,Female,Married,938621,Upper-Middle,Software Engineer,Low,46,Hindi,RGN027
CUST002993,Rekha Nair,6446658952,Male,Married,1131445,Upper-Middle,Software Engineer,Low,41,Hindi,RGN002
CUST002994,Prakash Hegde,8760960647,Male,Married,63017,Low,Farmer,Medium,26,Hindi,RGN026
CUST002995,Lakshmi Krishnan,7452573787,Female,Married,3081761,High,Doctor,Low,27,Hindi,RGN041
CUST002996,Aryan Agarwal,8778840709,Male,Married,1218835,Upper-Middle,Software Engineer,Low,52,Hindi,RGN014
CUST002997,Suresh Subramanian,8657770612,Female,Married,1157816,Upper-Middle,Software Engineer,Low,47,Hindi,RGN045
CUST002998,Yash Balaji,9284268092,Female,Married,137503,Low,Farmer,Medium,37,Hindi,RGN028
CUST002999,Swati Kulkarni,7616417005,Female,Married,1520676,Upper-Middle,Software Engineer,Low,32,Hindi,RGN003
CUST003000,Zara Desai,7718605668,Male,Married,246718,Low,Front Desk Executive,Low,18,Hindi,RGN033
CUST003001,Sapna Saxena,6316647951,Male,Single,1209185,Upper-Middle,Software Engineer,Low,25,Hindi,RGN011
CUST003002,Siddharth Kulkarni,7798312428,Male,Married,445384,Middle,Teacher,Low,60,Hindi,RGN035
CUST003003,Manoj Pandey,8354160199,Male,Married,1202226,Upper-Middle,Business Owner,Medium,22,Hindi,RGN036
CUST003004,Vishal Patel,6984808701,Female,Single,2880574,High,Software Engineer,Low,40,Hindi,RGN037
CUST003005,Aditi Nair,9086715207,Male,Married,1601034,Upper-Middle,Software Engineer,Low,50,Hindi,RGN013
CUST003006,Kritika Patel,9107404336,Female,Married,2740423,High,Software Engineer,Low,22,Hindi,RGN007
CUST003007,Geeta Shetty,8796724610,Female,Single,2091695,High,Business Owner,Medium,40,Hindi,RGN002
CUST003008,Priya Krishnan,8110900701,Male,Single,2285230,High,Software Engineer,Low,49,Hindi,RGN047
CUST003009,Vinod Chakraborty,9850205025,Male,Married,1429870,Upper-Middle,Software Engineer,Low,38,Hindi,RGN014
CUST003010,Karan Sharma,8972392010,Male,Single,195453,Low,Driver,High,65,Hindi,RGN004
CUST003011,Santosh Patil,7975997475,Female,Married,996614,Upper-Middle,Doctor,Low,18,Telugu,RGN017
CUST003012,Rahul Pandey,7965974425,Male,Single,1847614,Upper-Middle,Business Owner,Medium,50,Hindi,RGN015
CUST003013,Rahul Chakraborty,7694204164,Female,Single,2953585,High,Software Engineer,Low,35,Hindi,RGN047
CUST003014,Isha Hegde,6537405133,Female,Married,206538,Low,Teacher,Low,47,Telugu,RGN018
CUST003015,Aarav Menon,9937669976,Male,Single,974259,Upper-Middle,Real Estate Agent,Medium,43,Hindi,RGN029
CUST003016,Nandini Gupta,6608557174,Male,Single,197146,Low,Driver,High,29,Hindi,RGN006
CUST003017,Vijay Deshpande,6584968814,Male,Married,491060,Middle,Software Engineer,Low,40,Hindi,RGN038
CUST003018,Tanvi Das,8990803586,Male,Divorced,1273009,Upper-Middle,Software Engineer,Low,18,Hindi,RGN034
CUST003019,Rohit Desai,7405744509,Male,Single,977772,Upper-Middle,Software Engineer,Low,45,Hindi,RGN013
CUST003020,Varun Jadhav,9324535279,Female,Divorced,132610,Low,Farmer,Medium,41,Hindi,RGN040
CUST003021,Aryan Nair,6111085184,Female,Single,2032993,High,Doctor,Low,45,Telugu,RGN018
CUST003022,Anil Nair,9689859321,Female,Single,565867,Middle,Real Estate Agent,Medium,50,Hindi,RGN027
CUST003023,Rahul Patel,7596183073,Female,Married,1021022,Upper-Middle,Software Engineer,Low,42,Hindi,RGN005
CUST003024,Suresh Reddy,8800226425,Male,Married,992891,Upper-Middle,Doctor,Low,39,Hindi,RGN048
CUST003025,Uday Iyer,9205548298,Female,Married,291090,Low,Teacher,Low,27,Hindi,RGN036
CUST003026,Tanvi Tripathi,9819214749,Female,Married,220467,Low,Farmer,Medium,29,Hindi,RGN001
CUST003027,Yash Rajan,8746042937,Male,Single,904971,Upper-Middle,Business Owner,Medium,52,Hindi,RGN039
CUST003028,Lakshmi Tiwari,6784721461,Female,Single,1708552,Upper-Middle,Business Owner,Medium,55,Hindi,RGN030
CUST003029,Santosh Malhotra,9275804529,Male,Married,199630,Low,Farmer,Medium,35,Hindi,RGN007
CUST003030,Kritika Chaudhary,7676988979,Female,Divorced,168430,Low,Front Desk Executive,Low,38,Hindi,RGN042
CUST003031,Harsha Saxena,9754458474,Female,Divorced,106120,Low,Farmer,Medium,27,Hindi,RGN045
CUST003032,Poonam Tiwari,6340192936,Male,Married,366664,Middle,Teacher,Low,52,Hindi,RGN012
CUST003033,Gaurav Dubey,6596275193,Female,Single,1217902,Upper-Middle,Software Engineer,Low,45,Hindi,RGN043
CUST003034,Shruti Srivastava,8638901248,Male,Married,1905330,Upper-Middle,Doctor,Low,61,Hindi,RGN010
CUST003035,Amrita Tiwari,8479365611,Male,Married,1545748,Upper-Middle,Software Engineer,Low,27,Hindi,RGN029
CUST003036,Priya Verma,8686223070,Male,Divorced,174201,Low,Farmer,Medium,33,Hindi,RGN006
CUST003037,Isha Pandey,8686211022,Female,Married,2677631,High,Software Engineer,Low,40,Hindi,RGN013
CUST003038,Geeta Shah,6227433037,Female,Married,423445,Middle,Software Engineer,Low,45,Kannada,RGN022
CUST003039,Poonam Shah,7718624475,Male,Married,134778,Low,Farmer,Medium,35,Hindi,RGN010
CUST003040,Poonam Deshpande,9311213807,Male,Single,1745968,Upper-Middle,Software Engineer,Low,27,Hindi,RGN030
CUST003041,Manoj Mehta,9940539672,Male,Widowed,195287,Low,Front Desk Executive,Low,48,Telugu,RGN020
CUST003042,Nandini Venkatesh,8985866356,Female,Married,2076653,High,Software Engineer,Low,46,Hindi,RGN007
CUST003043,Vishal Naik,8418028825,Male,Married,306012,Middle,Driver,High,27,Hindi,RGN039
CUST003044,Anil Rajan,7128866905,Female,Married,136323,Low,Farmer,Medium,54,Hindi,RGN041
CUST003045,Yash Mishra,8699842882,Male,Married,1600457,Upper-Middle,Software Engineer,Low,52,Telugu,RGN017
CUST003046,Sanjay Tripathi,8705203132,Male,Married,3981320,High,Doctor,Low,39,Hindi,RGN049
CUST003047,Manoj Menon,9123203668,Male,Married,546871,Middle,Real Estate Agent,Medium,38,Hindi,RGN016
CUST003048,Gaurav Desai,9427786268,Male,Single,1255678,Upper-Middle,Software Engineer,Low,44,Hindi,RGN047
CUST003049,Aryan Desai,8272876032,Female,Widowed,735269,Middle,Software Engineer,Low,27,Hindi,RGN037
CUST003050,Pooja Deshpande,6877834710,Male,Married,3154052,High,Pilot,High,38,Hindi,RGN028
CUST003051,Varun Rajan,9283345573,Female,Single,168571,Low,Front Desk Executive,Low,18,Hindi,RGN034
CUST003052,Anil Rao,8623277004,Female,Married,1239279,Upper-Middle,Software Engineer,Low,48,Hindi,RGN029
CUST003053,Anil Sharma,8358597302,Female,Married,1400765,Upper-Middle,Software Engineer,Low,19,Telugu,RGN019
CUST003054,Siddharth Chaudhary,9322857042,Male,Single,318014,Middle,Front Desk Executive,Low,56,Hindi,RGN001
CUST003055,Pradeep Patil,8025554689,Female,Married,170070,Low,Front Desk Executive,Low,34,Hindi,RGN028
CUST003056,Vinod Singh,7977041167,Male,Married,1415999,Upper-Middle,Software Engineer,Low,35,Hindi,RGN037
CUST003057,Manoj Patil,6596467386,Female,Single,1222994,Upper-Middle,Software Engineer,Low,30,Telugu,RGN017
CUST003058,Prakash Shah,8690448467,Male,Single,981214,Upper-Middle,Software Engineer,Low,34,Hindi,RGN003
CUST003059,Amrita Verma,7322912489,Female,Married,407652,Middle,Teacher,Low,55,Hindi,RGN043
CUST003060,Nikhil Tripathi,9788826031,Male,Single,1292587,Upper-Middle,Real Estate Agent,Medium,18,Hindi,RGN009
CUST003061,Sarika Patil,8599426407,Male,Married,145398,Low,Hardware Technician,Medium,53,Hindi,RGN036
CUST003062,Suresh Patel,9089530120,Female,Married,157422,Low,Hardware Technician,Medium,42,Hindi,RGN044
CUST003063,Nikhil Tripathi,7398013871,Female,Married,264420,Low,Driver,High,23,Hindi,RGN035
CUST003064,Deepak Saxena,9283356890,Male,Single,315062,Middle,Front Desk Executive,Low,25,Hindi,RGN005
CUST003065,Aditya Venkatesh,8810801533,Male,Single,931603,Upper-Middle,Software Engineer,Low,58,Hindi,RGN014
CUST003066,Geeta Agarwal,9435670277,Male,Married,179006,Low,Front Desk Executive,Low,26,Oriya,RGN032
CUST003067,Divya Agarwal,7871565969,Male,Single,2531340,High,Business Owner,Medium,24,Hindi,RGN025
CUST003068,Tanvi Kulkarni,8794575959,Male,Married,2208301,High,Software Engineer,Low,51,Hindi,RGN041
CUST003069,Swati Gowda,8505536291,Male,Single,362746,Middle,Teacher,Low,42,Hindi,RGN043
CUST003070,Poonam Shah,9148541839,Male,Married,800425,Upper-Middle,Software Engineer,Low,26,Hindi,RGN034
CUST003071,Akash Shetty,8252520788,Female,Married,440647,Middle,Real Estate Agent,Medium,40,Hindi,RGN041
CUST003072,Divya Singh,7165119214,Male,Married,147474,Low,Farmer,Medium,25,Kannada,RGN022
CUST003073,Sandeep Tripathi,8744520302,Male,Single,2526598,High,Pilot,High,51,Hindi,RGN010
CUST003074,Sandeep Kumar,9694730882,Female,Divorced,779199,Middle,Real Estate Agent,Medium,50,Hindi,RGN004
CUST003075,Karan Chaudhary,8035321244,Male,Single,356274,Middle,Teacher,Low,44,Hindi,RGN028
CUST003076,Ravi Rajan,6293634094,Male,Married,99083,Low,Farmer,Medium,42,Hindi,RGN040
CUST003077,Neha Rajan,6218052579,Female,Widowed,334525,Middle,Front Desk Executive,Low,59,Hindi,RGN025
CUST003078,Kunal Bose,8990047941,Male,Married,178959,Low,Farmer,Medium,37,Hindi,RGN030
CUST003079,Rahul Tripathi,73254XXXXX,Female,Married,559707,Middle,Software Engineer,Low,23,Oriya,RGN032
CUST003080,Amrita Agarwal,6134348571,Female,Married,491460,Middle,Teacher,Low,43,Oriya,RGN031
CUST003081,Suresh Mehta,7399627686,Female,Married,1156236,Upper-Middle,Business Owner,Medium,63,Hindi,RGN014
CUST003082,Anil Venkatesh,6273421120,Female,Single,130441,Low,Farmer,Medium,25,Hindi,RGN050
CUST003083,Lakshmi Balaji,7913813014,Male,Married,772422,Middle,Real Estate Agent,Medium,33,Telugu,RGN018
CUST003084,Anjali Shah,8802989088,Female,Married,3276985,High,Business Owner,Medium,42,Oriya,RGN031
CUST003085,Kunal Shah,6966452319,Male,Married,1566171,Upper-Middle,Software Engineer,Low,37,Hindi,RGN045
CUST003086,Gaurav Rajan,6990821335,Male,Married,279137,Low,Hardware Technician,Medium,26,Hindi,RGN049
CUST003087,Amrita Rao,9831723667,Male,Divorced,174786,Low,Front Desk Executive,Low,51,Hindi,RGN002
CUST003088,Swati Dubey,6417103891,Male,Divorced,742505,Middle,Software Engineer,Low,65,Hindi,RGN009
CUST003089,Vijay Dubey,6874050133,Female,Married,225008,Low,Driver,High,40,Hindi,RGN009
CUST003090,Divya Chaudhary,7034495607,Male,Single,390948,Middle,Driver,High,27,Hindi,RGN033
CUST003091,Arjun Gowda,6487650775,Male,Married,884632,Upper-Middle,Doctor,Low,19,Hindi,RGN036
CUST003092,Aditya Kulkarni,7572316316,Female,Married,682614,Middle,Real Estate Agent,Medium,41,Hindi,RGN047
CUST003093,Swati Agarwal,63781XXXXX,Female,Single,323687,Middle,Front Desk Executive,Low,51,Hindi,RGN005
CUST003094,Isha Sharma,7996306670,Male,Single,778920,Middle,Business Owner,Medium,43,Hindi,RGN044
CUST003095,Siddharth Rajan,6599469669,Female,Single,995970,Upper-Middle,Software Engineer,Low,37,Hindi,RGN005
CUST003096,Kavya Reddy,7233700715,Male,Married,924657,Upper-Middle,Business Owner,Medium,30,Kannada,RGN022
CUST003097,Tanvi Tiwari,6097140863,Female,Married,5217910,High,Pilot,High,24,Telugu,RGN017
CUST003098,Prakash Chaudhary,7234306587,Male,Divorced,187616,Low,Hardware Technician,Medium,48,Hindi,RGN009
CUST003099,Isha Saxena,8488839237,Male,Single,314955,Middle,Driver,High,48,Hindi,RGN041
CUST003100,Santosh Reddy,8909722858,Male,Married,137035,Low,Front Desk Executive,Low,19,Hindi,RGN004
CUST003101,Poonam Jadhav,7585455139,Male,Married,363937,Middle,Real Estate Agent,Medium,57,Hindi,RGN028
CUST003102,Neha Hegde,6960348236,Female,Single,996615,Upper-Middle,Software Engineer,Low,44,Hindi,RGN034
CUST003103,Sneha More,9883873693,Female,Single,363679,Middle,Teacher,Low,54,Hindi,RGN025
CUST003104,Priya Patel,7380043647,Male,Single,322082,Middle,Driver,High,21,Hindi,RGN011
CUST003105,Sunita Pillai,8846648674,Female,Divorced,1069090,Upper-Middle,Software Engineer,Low,21,Hindi,RGN028
CUST003106,Gaurav Srivastava,6637120631,Female,Single,1664428,Upper-Middle,Business Owner,Medium,36,Hindi,RGN044
CUST003107,Karan Pillai,9552977601,Male,Divorced,137746,Low,Driver,High,44,Hindi,RGN050
CUST003108,Uday Joshi,8584081144,Male,Single,1112374,Upper-Middle,Business Owner,Medium,59,Hindi,RGN016
CUST003109,Lakshmi Shah,6572814361,Female,Married,945867,Upper-Middle,Business Owner,Medium,46,Hindi,RGN004
CUST003110,Rahul Chakraborty,6686114603,Male,Divorced,312594,Middle,Driver,High,35,Telugu,RGN017
CUST003111,Swati Das,9118926055,Female,Married,392675,Middle,Teacher,Low,25,Tamil,RGN024
CUST003112,Amrita Nair,8465426836,Female,Married,2825610,High,Software Engineer,Low,52,Tamil,RGN023
CUST003113,Deepa Kulkarni,8377140344,Male,Married,2923071,High,Business Owner,Medium,26,Hindi,RGN015
CUST003114,Sandeep Joshi,8459566003,Female,Married,313047,Middle,Driver,High,57,Hindi,RGN025
CUST003115,Geeta Chaudhary,6119622723,Male,Married,369289,Middle,Driver,High,34,Telugu,RGN017
CUST003116,Rajesh Hegde,9974217368,Female,Single,1045225,Upper-Middle,Software Engineer,Low,57,Hindi,RGN049
CUST003117,Priya Kumar,7850957093,Female,Married,2422087,High,Doctor,Low,46,Telugu,RGN018
CUST003118,Aditya Reddy,8099165081,Male,Single,3988895,High,Business Owner,Medium,36,Oriya,RGN031
CUST003119,Manoj Rajan,6364034848,Male,Married,2893678,High,Doctor,Low,31,Hindi,RGN016
CUST003120,Ravi More,8377006279,Male,Divorced,1275213,Upper-Middle,Software Engineer,Low,33,Tamil,RGN023
CUST003121,Yash Mishra,8951429544,Male,Married,362650,Middle,Teacher,Low,43,Hindi,RGN035
CUST003122,Sandeep Hegde,9695421756,Male,Single,757047,Middle,Software Engineer,Low,38,Hindi,RGN030
CUST003123,Ramesh Subramanian,7752800161,Male,Married,1105366,Upper-Middle,Business Owner,Medium,30,Hindi,RGN029
CUST003124,Suresh Agarwal,9344794592,Male,Married,1103192,Upper-Middle,Software Engineer,Low,36,Hindi,RGN050
CUST003125,Akash Hegde,7516383264,Female,Married,994656,Upper-Middle,Doctor,Low,38,Hindi,RGN026
CUST003126,Priya Kapoor,9100170781,Female,Married,1501176,Upper-Middle,Software Engineer,Low,18,Hindi,RGN010
CUST003127,Aarav Venkatesh,7945761304,Male,Single,687086,Middle,Real Estate Agent,Medium,43,Hindi,RGN045
CUST003128,Akash Dubey,8841423552,Female,Divorced,312826,Middle,Driver,High,26,Hindi,RGN007
CUST003129,Deepa Reddy,7372875679,Male,Single,273745,Low,Teacher,Low,24,Hindi,RGN028
CUST003130,Akash Nair,6302656477,Female,Single,2083273,High,Doctor,Low,18,Hindi,RGN009
CUST003131,Vinod Joshi,6158821870,Female,Single,2835793,High,Software Engineer,Low,18,Hindi,RGN007
CUST003132,Karan Joshi,8107911611,Male,Married,3424605,High,Business Owner,Medium,21,Hindi,RGN027
CUST003133,Tanvi Subramanian,8644611983,Male,Married,337400,Middle,Front Desk Executive,Low,29,Hindi,RGN015
CUST003134,Pooja Kumar,6975424738,Male,Married,1671829,Upper-Middle,Software Engineer,Low,61,Hindi,RGN028
CUST003135,Rohit Dubey,8237748770,Male,Divorced,1646311,Upper-Middle,Software Engineer,Low,31,Hindi,RGN028
CUST003136,Priya Desai,6788125325,Male,Married,1735880,Upper-Middle,Software Engineer,Low,40,Hindi,RGN047
CUST003137,Akash Shah,8345973173,Male,Married,174400,Low,Hardware Technician,Medium,42,Hindi,RGN038
CUST003138,Aarav Hegde,6966602865,Female,Married,196627,Low,Farmer,Medium,39,Hindi,RGN037
CUST003139,Uday Kumar,7839571646,Female,Married,208220,Low,Hardware Technician,Medium,37,Hindi,RGN036
CUST003140,Sunil Agarwal,7100370907,Male,Widowed,2926308,High,Software Engineer,Low,23,Hindi,RGN005
CUST003141,Geeta Deshpande,6378088669,Male,Married,1910669,Upper-Middle,Doctor,Low,55,Telugu,RGN017
CUST003142,Priya Venkatesh,7207098348,Male,Married,141158,Low,Farmer,Medium,59,Hindi,RGN025
CUST003143,Ravi Rao,8926748762,Male,Single,1061584,Upper-Middle,Doctor,Low,18,Hindi,RGN042
CUST003144,Rohit Patil,9507445657,Male,Married,501453,Middle,Teacher,Low,25,Hindi,RGN033
CUST003145,Arjun Singh,7676541982,Female,Married,672872,Middle,Teacher,Low,34,Kannada,RGN021
CUST003146,Sarika Menon,6794779500,Female,Single,348948,Middle,Teacher,Low,26,Hindi,RGN037
CUST003147,Vishal Menon,7452202626,Female,Married,3197214,High,Pilot,High,44,Hindi,RGN014
CUST003148,Kritika Chaudhary,7032645257,Male,Married,3376988,High,Business Owner,Medium,29,Hindi,RGN003
CUST003149,Karan Mehta,7309074063,Male,Married,1234206,Upper-Middle,Software Engineer,Low,63,Hindi,RGN014
CUST003150,Karan Shetty,8168522476,Female,Single,487981,Middle,Teacher,Low,52,Hindi,RGN041
CUST003151,Vishal Nair,9512583799,Male,Married,354711,Middle,Driver,High,40,Telugu,RGN017
CUST003152,Prakash Pillai,6053669332,Female,Single,1044909,Upper-Middle,Doctor,Low,50,Hindi,RGN042
CUST003153,Ananya Kapoor,9633422856,Male,Married,201049,Low,Front Desk Executive,Low,51,Hindi,RGN044
CUST003154,Tanvi Sharma,7837237225,Female,Single,174981,Low,Driver,High,31,Hindi,RGN011
CUST003155,Gaurav Desai,7103370089,Male,Single,525473,Middle,Software Engineer,Low,28,Hindi,RGN006
CUST003156,Rahul Iyer,8234037043,Female,Single,2808550,High,Software Engineer,Low,38,Hindi,RGN013
CUST003157,Priya Saxena,7331883845,Female,Married,1131508,Upper-Middle,Software Engineer,Low,48,Kannada,RGN022
CUST003158,Vinod Verma,9125780473,Male,Married,108889,Low,Farmer,Medium,39,Hindi,RGN034
CUST003159,Kritika Desai,9198517696,Male,Married,186613,Low,Driver,High,19,Hindi,RGN038
CUST003160,Nandini Srivastava,6645544215,Female,Single,161841,Low,Hardware Technician,Medium,28,Hindi,RGN036
CUST003161,Amrita Singh,9837926405,Male,Single,3020973,High,Business Owner,Medium,37,Hindi,RGN009
CUST003162,Rohit Nair,7273968859,Female,Single,1145847,Upper-Middle,Software Engineer,Low,37,Hindi,RGN039
CUST003163,Rekha Mishra,7428839039,Female,Single,327399,Middle,Teacher,Low,61,Hindi,RGN006
CUST003164,Kunal Chakraborty,9997833150,Male,Single,399477,Middle,Software Engineer,Low,21,Hindi,RGN010
CUST003165,Meera Mehta,7219859655,Male,Single,1303057,Upper-Middle,Business Owner,Medium,44,Hindi,RGN016
CUST003166,Lakshmi Shah,6025066686,Male,Married,898848,Upper-Middle,Real Estate Agent,Medium,55,Hindi,RGN036
CUST003167,Nandini Shah,6673476714,Male,Married,1031979,Upper-Middle,Software Engineer,Low,65,Hindi,RGN004
CUST003168,Sanjay Naik,9328959103,Male,Married,1088243,Upper-Middle,Software Engineer,Low,33,Hindi,RGN014
CUST003169,Vinod Jadhav,8242762215,Male,Married,566185,Middle,Real Estate Agent,Medium,43,Hindi,RGN042
CUST003170,Anjali Kapoor,8963743963,Male,Married,2693711,High,Business Owner,Medium,44,Hindi,RGN047
CUST003171,Gaurav Menon,8959403895,Female,Married,220352,Low,Front Desk Executive,Low,40,Hindi,RGN045
CUST003172,Vishal Rao,8465653170,Female,Single,3205465,High,Business Owner,Medium,36,Hindi,RGN003
CUST003173,Ananya Naik,9300210273,Female,Single,814006,Upper-Middle,Real Estate Agent,Medium,43,Telugu,RGN017
CUST003174,Vinod Venkatesh,9632567322,Female,Married,3613537,High,Business Owner,Medium,18,Telugu,RGN019
CUST003175,Ananya Kulkarni,7487493916,Male,Married,372434,Middle,Driver,High,46,Kannada,RGN021
CUST003176,Rajesh Das,9019109048,Female,Divorced,1359093,Upper-Middle,Software Engineer,Low,39,Hindi,RGN012
CUST003177,Lakshmi Jadhav,9607326447,Male,Married,1314667,Upper-Middle,Software Engineer,Low,35,Kannada,RGN022
CUST003178,Anil Srivastava,7785954176,Female,Married,131202,Low,Front Desk Executive,Low,62,Hindi,RGN048
CUST003179,Kritika Naik,6909371645,Male,Married,201690,Low,Driver,High,29,Telugu,RGN017
CUST003180,Ravi Singh,6045734669,Male,Married,2790949,High,Pilot,High,33,Oriya,RGN032
CUST003181,Vinod Chakraborty,8473387805,Male,Widowed,1493247,Upper-Middle,Real Estate Agent,Medium,61,Hindi,RGN011
CUST003182,Shruti Srivastava,7890566518,Female,Divorced,171820,Low,Farmer,Medium,28,Hindi,RGN044
CUST003183,Sapna Patil,7784771988,Female,Single,1149664,Upper-Middle,Real Estate Agent,Medium,31,Hindi,RGN029
CUST003184,Vijay Tiwari,7743450968,Male,Married,2740131,High,Software Engineer,Low,36,Hindi,RGN003
CUST003185,Isha Tripathi,8938062502,Male,Single,1755211,Upper-Middle,Business Owner,Medium,48,Hindi,RGN002
CUST003186,Anil Mehta,7089964692,Female,Married,1942376,Upper-Middle,Doctor,Low,40,Hindi,RGN050
CUST003187,Deepa Jadhav,8343548695,Female,Married,3731021,High,Business Owner,Medium,22,Hindi,RGN003
CUST003188,Sanjay Hegde,7121560387,Male,Married,1867443,Upper-Middle,Business Owner,Medium,31,Hindi,RGN042
CUST003189,Bhavna Gowda,6088035469,Female,Married,1983497,Upper-Middle,Doctor,Low,30,Telugu,RGN018
CUST003190,Amrita Deshpande,8660490376,Male,Married,1072869,Upper-Middle,Software Engineer,Low,37,Hindi,RGN006
CUST003191,Karan More,8747691161,Female,Widowed,2915944,High,Pilot,High,43,Hindi,RGN036
CUST003192,Shruti Malhotra,7215039655,Female,Widowed,846094,Upper-Middle,Business Owner,Medium,43,Telugu,RGN020
CUST003193,Kavya Nair,9819004158,Male,Married,2276748,High,Pilot,High,18,Hindi,RGN028
CUST003194,Rekha Srivastava,7335286601,Female,Divorced,310390,Middle,Front Desk Executive,Low,50,Hindi,RGN047
CUST003195,Lakshmi Patel,7855002957,Male,Married,2793327,High,Software Engineer,Low,41,Hindi,RGN035
CUST003196,Pradeep Desai,7801012457,Male,Single,2891367,High,Software Engineer,Low,54,Hindi,RGN011
CUST003197,Sapna Menon,6815806194,Female,Married,205290,Low,Driver,High,43,Telugu,RGN018
CUST003198,Akash Das,6365055191,Female,Married,150493,Low,Driver,High,51,Tamil,RGN024
CUST003199,Aditi Subramanian,7968718671,Female,Married,2252767,High,Doctor,Low,43,Hindi,RGN028
CUST003200,Sarika Menon,9080492932,Male,Single,755379,Middle,Software Engineer,Low,54,Telugu,RGN020
CUST003201,Neha Reddy,8071961293,Female,Married,2558554,High,Software Engineer,Low,44,Hindi,RGN029
CUST003202,Rahul Kumar,7213495220,Male,Married,568812,Middle,Software Engineer,Low,36,Oriya,RGN032
CUST003203,Rajesh Hegde,8003717758,Male,Married,135075,Low,Front Desk Executive,Low,65,Telugu,RGN018
CUST003204,Gaurav Chakraborty,8627480661,Male,Married,1921522,Upper-Middle,Software Engineer,Low,48,Hindi,RGN033
CUST003205,Divya Agarwal,6262030695,Male,Married,2228455,High,Business Owner,Medium,44,Hindi,RGN043
CUST003206,Rohit Subramanian,6657121186,Male,Married,1597863,Upper-Middle,Software Engineer,Low,22,Kannada,RGN022
CUST003207,Sunil Shetty,6181123993,Other,Married,1520000,Upper-Middle,Software Engineer,Low,22,Kannada,RGN021
CUST003208,Aryan More,6611586686,Female,Married,592837,Middle,Software Engineer,Low,41,Hindi,RGN048
CUST003209,Pooja Nair,6623145968,Male,Married,109077,Low,Hardware Technician,Medium,39,Hindi,RGN040
CUST003210,Kavya Verma,6096196804,Female,Single,135944,Low,Farmer,Medium,30,Oriya,RGN031
CUST003211,Ravi Malhotra,8052112036,Male,Married,239966,Low,Driver,High,39,Hindi,RGN049
CUST003212,Kritika Reddy,6816418044,Female,Married,605441,Middle,Software Engineer,Low,57,Hindi,RGN030
CUST003213,Suresh Joshi,9081971408,Female,Single,986998,Upper-Middle,Business Owner,Medium,46,Hindi,RGN001
CUST003214,Bhavna Dubey,7469544950,Female,Widowed,240002,Low,Hardware Technician,Medium,24,Hindi,RGN033
CUST003215,Prakash Bose,9095806274,Male,Married,230235,Low,Hardware Technician,Medium,36,Hindi,RGN039
CUST003216,Shruti Kumar,8669839859,Male,Married,2146476,High,Software Engineer,Low,28,Hindi,RGN009
CUST003217,Manoj Tripathi,6742941429,Female,Married,1083013,Upper-Middle,Software Engineer,Low,33,Hindi,RGN048
CUST003218,Amrita Tiwari,6495776253,Female,Married,72174,Low,Farmer,Medium,33,Hindi,RGN028
CUST003219,Anil Kapoor,8766919530,Male,Single,146452,Low,Farmer,Medium,32,Hindi,RGN028
CUST003220,Mohit Reddy,6647286174,Female,Married,153577,Low,Farmer,Medium,22,Hindi,RGN040
CUST003221,Aarav Chakraborty,9859026297,Female,Married,673456,Middle,Software Engineer,Low,36,Hindi,RGN042
CUST003222,Siddharth Patel,9116628660,Male,Divorced,175027,Low,Driver,High,31,Hindi,RGN035
CUST003223,Aarav Verma,7498246896,Male,Married,298878,Low,Real Estate Agent,Medium,18,Hindi,RGN042
CUST003224,Zara Dubey,9016562774,Female,Divorced,159107,Low,Farmer,Medium,62,Hindi,RGN002
CUST003225,Anjali Patel,6215723125,Female,Single,1564065,Upper-Middle,Business Owner,Medium,51,Hindi,RGN034
CUST003226,Sapna Tiwari,7423525600,Male,Married,265234,Low,Teacher,Low,33,Hindi,RGN041
CUST003227,Pooja Malhotra,8894961721,Female,Married,530023,Middle,Real Estate Agent,Medium,38,Hindi,RGN008
CUST003228,Deepa Reddy,8052053531,Male,Divorced,263428,Low,Hardware Technician,Medium,23,Tamil,RGN023
CUST003229,Kavya Tiwari,7184560599,Male,Married,133771,Low,Driver,High,58,Tamil,RGN024
CUST003230,Uday Agarwal,7423221091,Male,Married,223758,Low,Teacher,Low,60,Hindi,RGN004
CUST003231,Nandini Gupta,7944314140,Female,Divorced,593001,Middle,Software Engineer,Low,39,Tamil,RGN024
CUST003232,Anil Rajan,9834377982,Male,Single,1050917,Upper-Middle,Business Owner,Medium,50,Hindi,RGN006
CUST003233,Meera Shetty,8021168231,Male,Married,1067780,Upper-Middle,Software Engineer,Low,40,Hindi,RGN004
CUST003234,Santosh More,7799818100,Male,Married,2165716,High,Software Engineer,Low,21,Hindi,RGN049
CUST003235,Pradeep Sharma,9242657896,Female,Married,1056497,Upper-Middle,Pilot,High,33,Hindi,RGN046
CUST003236,Rajesh Hegde,7558774526,Male,Single,2344408,High,Doctor,Low,39,Telugu,RGN018
CUST003237,Divya Chakraborty,7488823725,Male,Married,3233983,High,Pilot,High,32,Hindi,RGN038
CUST003238,Lakshmi Kapoor,8422535117,Male,Single,2976978,High,Business Owner,Medium,35,Hindi,RGN003
CUST003239,Ananya Venkatesh,78050XXXXX,Male,Married,460489,Middle,Software Engineer,Low,36,Hindi,RGN050
CUST003240,Kunal Hegde,7872047676,Male,Married,1453953,Upper-Middle,Software Engineer,Low,37,Hindi,RGN029
CUST003241,Kavya Rao,7855002957,Female,Married,383016,Middle,Software Engineer,Low,38,Hindi,RGN002
CUST003242,Isha Rao,9120753136,Female,Married,882591,Upper-Middle,Real Estate Agent,Medium,25,Telugu,RGN018
CUST003243,Meera Rajan,7998651590,Male,Single,185539,Low,Driver,High,29,Hindi,RGN043
CUST003244,Vishal Kapoor,9414430106,Male,Married,472418,Middle,Software Engineer,Low,22,Hindi,RGN034
CUST003245,Aditya Pillai,6445299645,Male,Single,194113,Low,Teacher,Low,49,Hindi,RGN010
CUST003246,Neha Venkatesh,9930914015,Male,Married,220746,Low,Teacher,Low,18,Hindi,RGN034
CUST003247,Nandini Jadhav,6533349729,Male,Married,1347347,Upper-Middle,Business Owner,Medium,51,Hindi,RGN003
CUST003248,Vishal Shah,9970100343,Male,Divorced,1162447,Upper-Middle,Doctor,Low,54,Hindi,RGN040
CUST003249,Ravi Shah,8499758586,Female,Married,1231561,Upper-Middle,Software Engineer,Low,34,Hindi,RGN043
CUST003250,Yash Patil,6888178602,Female,Married,223368,Low,Real Estate Agent,Medium,18,Hindi,RGN034
CUST003251,Rohit Gupta,6599279437,Female,Married,1476627,Upper-Middle,Business Owner,Medium,33,Hindi,RGN038
CUST003252,Santosh Deshpande,9382749033,Male,Married,109942,Low,Driver,High,37,Hindi,RGN026
CUST003253,Poonam Chakraborty,6222395480,Female,Single,1494508,Upper-Middle,Doctor,Low,25,Kannada,RGN021
CUST003254,Varun Balaji,9047314836,Female,Married,1280725,Upper-Middle,Software Engineer,Low,31,Hindi,RGN026
CUST003255,Akash Reddy,9477740703,Male,Married,787941,Middle,Software Engineer,Low,56,Hindi,RGN026
CUST003256,Lakshmi Bose,9665600762,Male,Married,1411245,Upper-Middle,Software Engineer,Low,45,Oriya,RGN032
CUST003257,Deepak Kapoor,7821282193,Female,Single,1146241,Upper-Middle,Software Engineer,Low,26,Oriya,RGN032
CUST003258,Priya Sharma,9827847264,Female,Married,1655530,Upper-Middle,Software Engineer,Low,18,Hindi,RGN045
CUST003259,Sandeep Desai,7933045969,Female,Married,1498191,Upper-Middle,Doctor,Low,34,Hindi,RGN001
CUST003260,Aryan Gupta,7066604853,Male,Married,2525000,High,Software Engineer,Low,35,Hindi,RGN037
CUST003261,Rohit Subramanian,6234435849,Female,Single,1169367,Upper-Middle,Software Engineer,Low,43,Hindi,RGN009
CUST003262,Karan Mishra,6184651242,Male,Single,2880362,High,Software Engineer,Low,31,Hindi,RGN009
CUST003263,Suresh Saxena,6063781704,Male,Married,3863231,High,Pilot,High,44,Hindi,RGN037
CUST003264,Yash Menon,,Female,Widowed,329295,Middle,Driver,High,61,Hindi,RGN045
CUST003265,Tanvi Patil,8859421937,Female,Married,658297,Middle,Software Engineer,Low,47,Hindi,RGN030
CUST003266,Rajesh Verma,7136365972,Male,Married,171465,Low,Teacher,Low,37,Hindi,RGN036
CUST003267,Pradeep Tiwari,9676877759,Female,Married,112568,Low,Farmer,Medium,35,Hindi,RGN004
CUST003268,Anil Nair,7586134174,Female,Married,1094916,Upper-Middle,Real Estate Agent,Medium,33,Hindi,RGN037
CUST003269,Ravi Srivastava,6953808842,Female,Married,2573431,High,Software Engineer,Low,52,Telugu,RGN019
CUST003270,Bhavna Venkatesh,9723399076,Female,Married,152971,Low,Front Desk Executive,Low,30,Hindi,RGN012
CUST003271,Ananya Chaudhary,6500111391,Male,Married,2025333,High,Software Engineer,Low,38,Hindi,RGN035
CUST003272,Aditi Das,8480442364,Male,Divorced,3481400,High,Pilot,High,38,Hindi,RGN004
CUST003273,Lakshmi Joshi,9921499010,Female,Single,342409,Middle,Business Owner,Medium,31,Hindi,RGN042
CUST003274,Ramesh Mishra,9164790499,Female,Married,328640,Middle,Real Estate Agent,Medium,21,Hindi,RGN036
CUST003275,Shruti Chaudhary,6573806799,Male,Widowed,2476115,High,Software Engineer,Low,41,Telugu,RGN017
CUST003276,Deepa Bose,9736720961,Female,Married,1286341,Upper-Middle,Software Engineer,Low,37,Hindi,RGN010
CUST003277,Vishal Jadhav,6237264320,Male,Married,4709664,High,Doctor,Low,44,Hindi,RGN001
CUST003278,Priya Balaji,8869972459,Female,Married,117124,Low,Farmer,Medium,31,Hindi,RGN047
CUST003279,Varun Chaudhary,9155793277,Male,Single,650077,Middle,Business Owner,Medium,52,Kannada,RGN022
CUST003280,Shweta Tripathi,6115491773,Male,Married,226320,Low,Hardware Technician,Medium,27,Hindi,RGN026
CUST003281,Rekha Pandey,7609685688,Male,Married,924226,Upper-Middle,Software Engineer,Low,58,Oriya,RGN032
CUST003282,Uday Shetty,9108597358,Male,Married,836862,Upper-Middle,Software Engineer,Low,18,Hindi,RGN012
CUST003283,Varun Balaji,9794336447,Male,Married,675172,Middle,Software Engineer,Low,43,Hindi,RGN030
CUST003284,Rajesh Kumar,6263276765,Female,Married,1340588,Upper-Middle,Software Engineer,Low,43,Hindi,RGN009
CUST003285,Shweta Gowda,9458766949,Female,Married,461020,Middle,Hardware Technician,Medium,28,Hindi,RGN007
CUST003286,Bhavna Mishra,8715534745,Male,Married,516957,Middle,Real Estate Agent,Medium,43,Hindi,RGN016
CUST003287,Vishal Verma,6240537729,Female,Married,313514,Middle,Driver,High,53,Hindi,RGN015
CUST003288,Swati Hegde,6848965394,Female,Married,609825,Middle,Software Engineer,Low,18,Tamil,RGN024
CUST003289,Rekha Desai,8037548078,Male,Married,213622,Low,Driver,High,44,Tamil,RGN024
CUST003290,Vinod Chakraborty,6538338569,Male,Married,1308946,Upper-Middle,Doctor,Low,18,Hindi,RGN001
CUST003291,Santosh Shetty,7291369648,Female,Married,254606,Low,Front Desk Executive,Low,26,Hindi,RGN013
CUST003292,Anil Balaji,6407373041,Female,Married,340267,Middle,Teacher,Low,57,Hindi,RGN044
CUST003293,Shruti Iyer,8063240510,Female,Married,2913506,High,Doctor,Low,31,Hindi,RGN045
CUST003294,Prakash Rajan,76583XXXXX,Male,Married,2548327,High,Software Engineer,Low,23,Hindi,RGN035
CUST003295,Karan Subramanian,7467464660,Male,Married,1014846,Upper-Middle,Software Engineer,Low,35,Hindi,RGN048
CUST003296,Pooja Patel,7327399741,Female,Single,101845,Low,Farmer,Medium,62,Hindi,RGN040
CUST003297,Arjun Tiwari,8920941010,Female,Married,90296,Low,Driver,High,18,Kannada,RGN022
CUST003298,Kritika Sharma,7760781951,Female,Widowed,223651,Low,Driver,High,25,Hindi,RGN016
CUST003299,Neha Das,9484977973,Male,Married,814144,Upper-Middle,Software Engineer,Low,55,Hindi,RGN045
CUST003300,Nikhil Tripathi,7306144357,Female,Single,228880,Low,Driver,High,60,Telugu,RGN020
CUST003301,Pradeep Reddy,8478935052,Female,Single,2900910,High,Software Engineer,Low,36,Hindi,RGN035
CUST003302,Siddharth Dubey,9027068756,Male,Married,1720185,Upper-Middle,Business Owner,Medium,23,Hindi,RGN028
CUST003303,Kunal Sharma,9071812923,Male,Widowed,1041668,Upper-Middle,Software Engineer,Low,63,Telugu,RGN017
CUST003304,Siddharth Bose,9139123774,Female,Single,979049,Upper-Middle,Software Engineer,Low,57,Hindi,RGN010
CUST003305,Pooja Naik,8998413376,Female,Single,1684888,Upper-Middle,Doctor,Low,46,Hindi,RGN013
CUST003306,Sapna Subramanian,9058079106,Male,Single,101304,Low,Farmer,Medium,28,Hindi,RGN028
CUST003307,Aditi Chakraborty,8106407078,Male,Married,175474,Low,Hardware Technician,Medium,37,Tamil,RGN024
CUST003308,Bhavna Tripathi,7847848303,Male,Married,1973273,Upper-Middle,Software Engineer,Low,36,Hindi,RGN041
CUST003309,Varun Saxena,8857365404,Male,Married,107996,Low,Farmer,Medium,41,Oriya,RGN032
CUST003310,Tanvi Gupta,8927280903,Male,Single,170186,Low,Driver,High,55,Hindi,RGN003
CUST003311,Rekha Dubey,6788364316,Male,Single,316423,Middle,Teacher,Low,48,Hindi,RGN029
CUST003312,Akash More,9859844408,Male,Married,1571993,Upper-Middle,Software Engineer,Low,25,Hindi,RGN007
CUST003313,Rahul Shah,8930320756,Female,Married,120163,Low,Front Desk Executive,Low,54,Telugu,RGN020
CUST003314,Manoj Saxena,6526990152,Female,Married,138655,Low,Front Desk Executive,Low,41,Hindi,RGN038
CUST003315,Rekha More,7029996633,Male,Married,2190539,High,Software Engineer,Low,46,Oriya,RGN031
CUST003316,Meera Das,6923565403,Male,Single,2299100,High,Business Owner,Medium,55,Oriya,RGN032
CUST003317,Meera Tiwari,6799154027,Female,Married,2836644,High,Software Engineer,Low,24,Hindi,RGN041
CUST003318,Anil Pandey,7201295318,Male,Widowed,836272,Upper-Middle,Software Engineer,Low,37,Hindi,RGN004
CUST003319,Akash Kumar,8004231820,Female,Married,1201426,Upper-Middle,Business Owner,Medium,31,Hindi,RGN050
CUST003320,Pooja Singh,9820481093,Male,Married,609743,Middle,Teacher,Low,19,Hindi,RGN049
CUST003321,Rajesh Desai,6548473857,Female,Single,203906,Low,Driver,High,42,Tamil,RGN023
CUST003322,Deepa Naik,9973982455,Male,Married,276784,Low,Farmer,Medium,65,Hindi,RGN033
CUST003323,Prakash Iyer,7815182723,Female,Married,1685275,Upper-Middle,Software Engineer,Low,18,Hindi,RGN006
CUST003324,Kunal Tiwari,7642951852,Male,Married,324933,Middle,Hardware Technician,Medium,37,Hindi,RGN007
CUST003325,Rekha Menon,8576881559,Male,Single,206299,Low,Driver,High,45,Hindi,RGN014
CUST003326,Poonam Kulkarni,6308196954,Male,Single,217324,Low,Teacher,Low,39,Hindi,RGN030
CUST003327,Gaurav Iyer,8876150488,Male,Single,628295,Middle,Teacher,Low,36,Hindi,RGN003
CUST003328,Sapna Gupta,8915089244,Male,Single,323193,Middle,Teacher,Low,22,Telugu,RGN018
CUST003329,Deepak Gupta,9403507695,Male,Married,833622,Upper-Middle,Software Engineer,Low,40,Hindi,RGN040
CUST003330,Sneha Singh,8593558810,Male,Single,1460743,Upper-Middle,Business Owner,Medium,28,Oriya,RGN031
CUST003331,Sapna Dubey,7277547777,Female,Single,2878071,High,Software Engineer,Low,18,Hindi,RGN011
CUST003332,Rahul Kumar,8592541238,Female,Single,1720600,Upper-Middle,Pilot,High,52,Hindi,RGN009
CUST003333,Karan Chaudhary,9249379790,Female,Divorced,202627,Low,Hardware Technician,Medium,49,Hindi,RGN014
CUST003334,Varun Verma,6704559484,Male,Single,644794,Middle,Business Owner,Medium,38,Hindi,RGN044
CUST003335,Sapna Reddy,9741662395,Male,Married,118372,Low,Farmer,Medium,40,Hindi,RGN025
CUST003336,Deepak Naik,9712559350,Male,Single,3501777,High,Business Owner,Medium,50,Hindi,RGN037
CUST003337,Aryan Dubey,7767490641,Female,Married,238034,Low,Driver,High,40,Hindi,RGN037
CUST003338,Karan Kapoor,7272765314,Male,Single,2871488,High,Software Engineer,Low,48,Hindi,RGN005
CUST003339,Ramesh Patel,8134170054,Male,Single,134657,Low,Hardware Technician,Medium,34,Hindi,RGN048
CUST003340,Neha Kulkarni,8583455955,Female,Single,786156,Middle,Software Engineer,Low,53,Tamil,RGN024
CUST003341,Aarav Subramanian,9216833576,Female,Married,2938888,High,Software Engineer,Low,41,Hindi,RGN037
CUST003342,Neha Saxena,9808950491,Female,Single,453974,Middle,Hardware Technician,Medium,40,Hindi,RGN003
CUST003343,Vinod Srivastava,6860431715,Male,Married,382266,Middle,Driver,High,22,Hindi,RGN015
CUST003344,Neha Bose,8785219793,Female,Married,176038,Low,Farmer,Medium,41,Hindi,RGN025
CUST003345,Zara Pillai,7686093160,Male,Single,180453,Low,Hardware Technician,Medium,28,Hindi,RGN035
CUST003346,Aarav Saxena,7864908108,Female,Married,203904,Low,Front Desk Executive,Low,30,Hindi,RGN025
CUST003347,Kritika Mishra,6153202640,Male,Married,191022,Low,Teacher,Low,28,Oriya,RGN032
CUST003348,Kunal Nair,6933396379,Male,Widowed,697320,Middle,Software Engineer,Low,25,Hindi,RGN041
CUST003349,Sapna Patel,6203887821,Male,Married,164308,Low,Farmer,Medium,63,Hindi,RGN048
CUST003350,Swati Das,7844781676,Female,Single,733348,Middle,Software Engineer,Low,53,Telugu,RGN020
CUST003351,Tanvi Tiwari,9342083481,Female,Single,691132,Middle,Real Estate Agent,Medium,61,Oriya,RGN032
CUST003352,Nikhil Gupta,7426647426,Female,Married,110147,Low,Hardware Technician,Medium,23,Hindi,RGN042
CUST003353,Deepak Shah,8404783279,Female,Married,1378230,Upper-Middle,Software Engineer,Low,38,Hindi,RGN041
CUST003354,Sunil Shetty,9637958187,Male,Single,2761354,High,Doctor,Low,22,Kannada,RGN022
CUST003355,Ravi Patil,9449924687,Female,Married,627316,Middle,Software Engineer,Low,29,Hindi,RGN043
CUST003356,Harsha Patel,6446939953,Male,Divorced,97107,Low,Farmer,Medium,26,Hindi,RGN026
CUST003357,Ravi Kumar,6556642394,Female,Married,202171,Low,Driver,High,52,Hindi,RGN042
CUST003358,Gaurav Venkatesh,6269089649,Female,Married,1031908,Upper-Middle,Software Engineer,Low,33,Hindi,RGN015
CUST003359,Yash Agarwal,9668118229,Female,Married,715399,Middle,Software Engineer,Low,50,Hindi,RGN015
CUST003360,Lakshmi Patil,7324687220,Male,Divorced,1797253,Upper-Middle,Software Engineer,Low,45,Telugu,RGN020
CUST003361,Karan Sharma,7733784061,Male,Married,1712547,Upper-Middle,Software Engineer,Low,65,Kannada,RGN022
CUST003362,Varun Menon,7867485783,Female,Married,2492356,High,Software Engineer,Low,20,Hindi,RGN045
CUST003363,Neha Shetty,6455965765,Female,Married,1495974,Upper-Middle,Software Engineer,Low,53,Hindi,RGN008
CUST003364,Bhavna Saxena,9868005512,Female,Single,913440,Upper-Middle,Software Engineer,Low,51,Oriya,RGN031
CUST003365,Arjun Deshpande,9764494363,Male,Married,234072,Low,Hardware Technician,Medium,26,Hindi,RGN038
CUST003366,Anil Deshpande,7705614653,Male,Married,258285,Low,Front Desk Executive,Low,50,Hindi,RGN043
CUST003367,Rekha Sharma,8420042186,Male,Divorced,171800,Low,Farmer,Medium,42,Hindi,RGN002
CUST003368,Santosh Agarwal,9471520351,Female,Married,2550581,High,Software Engineer,Low,35,Hindi,RGN045
CUST003369,Rohit Dubey,6985056513,Female,Married,3513958,High,Pilot,High,28,Hindi,RGN002
CUST003370,Neha Joshi,7585081432,Female,Married,203995,Low,Front Desk Executive,Low,29,Telugu,RGN020
CUST003371,Gaurav Menon,7987663279,Male,Single,2678970,High,Doctor,Low,62,Hindi,RGN002
CUST003372,Ravi Jadhav,6423381060,Male,Divorced,228925,Low,Front Desk Executive,Low,38,Kannada,RGN021
CUST003373,Sandeep Sharma,6700522918,Female,Married,662215,Middle,Doctor,Low,47,Hindi,RGN026
CUST003374,Lakshmi Mishra,8574965990,Male,Married,1402018,Upper-Middle,Real Estate Agent,Medium,28,Hindi,RGN009
CUST003375,Varun Nair,8270259961,Male,Single,2714144,High,Software Engineer,Low,28,Hindi,RGN011
CUST003376,Poonam Agarwal,6435830407,Male,Married,665280,Middle,Software Engineer,Low,50,Hindi,RGN030
CUST003377,Pradeep Patel,9513061092,Female,Single,330584,Middle,Teacher,Low,21,Telugu,RGN017
CUST003378,Yash Menon,7168974537,Male,Single,2640563,High,Business Owner,Medium,33,Oriya,RGN031
CUST003379,Sunil Sharma,6473204319,Female,Married,766242,Middle,Software Engineer,Low,38,Hindi,RGN048
CUST003380,Yash Srivastava,7743126665,Female,Divorced,325655,Middle,Driver,High,39,Hindi,RGN037
CUST003381,Akash Verma,9023361655,Female,Single,135357,Low,Driver,High,35,Hindi,RGN014
CUST003382,Tanvi Saxena,6624755526,Female,Widowed,135657,Low,Driver,High,42,Hindi,RGN038
CUST003383,Tanvi Kulkarni,9203670275,Male,Married,198917,Low,Farmer,Medium,46,Hindi,RGN027
CUST003384,Rekha Iyer,6005687069,Female,Married,210849,Low,Driver,High,46,Hindi,RGN028
CUST003385,Poonam Mishra,6571121816,Male,Married,2112759,High,Business Owner,Medium,26,Hindi,RGN026
CUST003386,Sarika Saxena,9932353933,Female,Married,115496,Low,Hardware Technician,Medium,34,Hindi,RGN012
CUST003387,Prakash Kumar,6548495165,Male,Married,323227,Middle,Real Estate Agent,Medium,52,Oriya,RGN032
CUST003388,Siddharth Naik,9079432183,Other,Married,2675341,High,Business Owner,Medium,48,Hindi,RGN043
CUST003389,Nandini Iyer,6242646855,Female,Married,283878,Low,Teacher,Low,21,Hindi,RGN044
CUST003390,Uday Iyer,6902041154,Male,Single,1794550,Upper-Middle,Software Engineer,Low,42,Hindi,RGN008
CUST003391,Anjali Bose,6510933465,Male,Single,868977,Upper-Middle,Software Engineer,Low,18,Hindi,RGN006
CUST003392,Rajesh Mehta,7363305754,Male,Single,1778130,Upper-Middle,Software Engineer,Low,38,Hindi,RGN037
CUST003393,Swati Jadhav,7700984164,Male,Married,255576,Low,Teacher,Low,60,Hindi,RGN009
CUST003394,Vikram Joshi,7770217047,Female,Single,2397095,High,Doctor,Low,26,Hindi,RGN040
CUST003395,Tanvi Nair,6125928339,Female,Married,209721,Low,Driver,High,27,Hindi,RGN049
CUST003396,Mohit Dubey,9178568176,Male,Single,167265,Low,Driver,High,47,Kannada,RGN021
CUST003397,Anil Kumar,9505917393,Female,Single,788547,Middle,Software Engineer,Low,19,Hindi,RGN046
CUST003398,Sunita Gowda,6105591698,Male,Married,2160403,High,Doctor,Low,30,Tamil,RGN024
CUST003399,Suresh Reddy,7317936470,Male,Married,368115,Middle,Driver,High,45,Hindi,RGN011
CUST003400,Manoj Kapoor,8406545259,Female,Married,1463249,Upper-Middle,Software Engineer,Low,30,Telugu,RGN018
CUST003401,Santosh Tripathi,7570765094,Female,Married,324357,Middle,Teacher,Low,35,Hindi,RGN028
CUST003402,Prakash Menon,9207856227,Female,Married,2859276,High,Software Engineer,Low,46,Hindi,RGN047
CUST003403,Neha Das,6926026118,Male,Married,3324212,High,Doctor,Low,43,Hindi,RGN035
CUST003404,Shruti Balaji,9801093609,Male,Married,504663,Middle,Real Estate Agent,Medium,41,Hindi,RGN025
CUST003405,Sanjay Chakraborty,6949081700,Male,Married,1912593,Upper-Middle,Business Owner,Medium,33,Hindi,RGN042
CUST003406,Anil Iyer,7276280587,Male,Married,104317,Low,Driver,High,42,Hindi,RGN014
CUST003407,Sapna Reddy,9770149726,Male,Single,103390,Low,Farmer,Medium,36,Hindi,RGN048
CUST003408,Suresh Rao,7119569646,Male,Single,342146,Middle,Teacher,Low,43,Hindi,RGN026
CUST003409,Swati Patel,6773595691,Female,Married,801696,Upper-Middle,Software Engineer,Low,32,Hindi,RGN039
CUST003410,Suresh Deshpande,7205135639,Male,Married,2243561,High,Software Engineer,Low,35,Hindi,RGN045
CUST003411,Sunita Kapoor,9489250075,Male,Married,2544413,High,Software Engineer,Low,26,Hindi,RGN025
CUST003412,Ravi Sharma,6674867358,Female,Married,133214,Low,Driver,High,37,Hindi,RGN034
CUST003413,Arjun Kapoor,,Male,Married,160660,Low,Farmer,Medium,28,Hindi,RGN040
CUST003414,Swati Tiwari,9793599584,Female,Married,646834,Middle,Teacher,Low,24,Telugu,RGN019
CUST003415,Anil Malhotra,7835699971,Male,Married,115052,Low,Front Desk Executive,Low,41,Hindi,RGN016
CUST003416,Shweta Verma,7520193064,Male,Married,648280,Middle,Doctor,Low,40,Hindi,RGN042
CUST003417,Isha Patel,9912671919,Male,Married,171638,Low,Farmer,Medium,47,Hindi,RGN041
CUST003418,Kritika Pandey,9993353031,Male,Married,150504,Low,Farmer,Medium,32,Hindi,RGN010
CUST003419,Swati Nair,7878305682,Male,Divorced,1591581,Upper-Middle,Software Engineer,Low,42,Hindi,RGN026
CUST003420,Ananya Singh,9533552620,Female,Single,272309,Low,Hardware Technician,Medium,44,Telugu,RGN018
CUST003421,Isha Menon,7948747811,Male,Single,1384411,Upper-Middle,Business Owner,Medium,43,Hindi,RGN042
CUST003422,Prakash Shetty,7826993451,Female,Married,1243906,Upper-Middle,Business Owner,Medium,28,Hindi,RGN004
CUST003423,Mohit Shetty,9392229317,Female,Married,298718,Low,Driver,High,39,Hindi,RGN047
CUST003424,Meera Jadhav,9865039475,Female,Married,345456,Middle,Teacher,Low,42,Hindi,RGN044
CUST003425,Aditya Nair,6557779174,Female,Single,1817863,Upper-Middle,Software Engineer,Low,38,Hindi,RGN037
CUST003426,Sapna Agarwal,7124345353,Male,Married,230194,Low,Driver,High,18,Hindi,RGN029
CUST003427,Neha Saxena,6157509272,Male,Divorced,2830952,High,Software Engineer,Low,39,Hindi,RGN005
CUST003428,Manoj Sharma,6948036957,Female,Married,586938,Middle,Teacher,Low,64,Hindi,RGN045
CUST003429,Zara Chakraborty,8629433916,Female,Married,2085539,High,Business Owner,Medium,33,Kannada,RGN022
CUST003430,Vinod Joshi,9708855069,Male,Married,822422,Upper-Middle,Software Engineer,Low,29,Hindi,RGN007
CUST003431,Amrita Shetty,8394410104,Female,Single,369003,Middle,Driver,High,42,Hindi,RGN005
CUST003432,Aryan Mishra,7797493549,Male,Married,153694,Low,Farmer,Medium,41,Hindi,RGN002
CUST003433,Tanvi Malhotra,7101818896,Male,Widowed,1596028,Upper-Middle,Doctor,Low,52,Hindi,RGN006
CUST003434,Vikram More,6329357538,Male,Married,215194,Low,Hardware Technician,Medium,22,Hindi,RGN050
CUST003435,Sneha Rao,8811157034,Male,Single,997732,Upper-Middle,Real Estate Agent,Medium,46,Hindi,RGN029
CUST003436,Lakshmi Patel,9560164262,Female,Single,1899445,Upper-Middle,Software Engineer,Low,45,Hindi,RGN003
CUST003437,Deepa Bose,8554620213,Male,Single,341862,Middle,Teacher,Low,36,Hindi,RGN038
CUST003438,Karan Hegde,8469223940,Female,Single,1072143,Upper-Middle,Software Engineer,Low,42,Hindi,RGN008
CUST003439,Neha Desai,9173434660,Female,Married,127913,Low,Front Desk Executive,Low,50,Tamil,RGN024
CUST003440,Sunil Verma,8470060398,Male,Married,425078,Middle,Software Engineer,Low,48,Hindi,RGN040
CUST003441,Tanvi Patil,6079516352,Female,Married,460250,Middle,Hardware Technician,Medium,24,Hindi,RGN029
CUST003442,Gaurav Subramanian,6412022417,Male,Married,129951,Low,Farmer,Medium,47,Hindi,RGN005
CUST003443,Pradeep Mehta,8616809564,Female,Married,221806,Low,Teacher,Low,37,Telugu,RGN018
CUST003444,Deepak Singh,6854133366,Male,Single,2247195,High,Doctor,Low,38,Hindi,RGN050
CUST003445,Suresh Gowda,8028591565,Male,Married,1991352,Upper-Middle,Business Owner,Medium,38,Hindi,RGN038
CUST003446,Shweta Rao,6791578290,Female,Married,2589120,High,Software Engineer,Low,36,Hindi,RGN045
CUST003447,Pradeep Pillai,8249221911,Female,Married,1431878,Upper-Middle,Business Owner,Medium,52,Kannada,RGN021
CUST003448,Pradeep Reddy,8299948141,Male,Widowed,2443595,High,Business Owner,Medium,36,Hindi,RGN035
CUST003449,Poonam Kumar,8013856993,Female,Married,2913938,High,Software Engineer,Low,24,Kannada,RGN021
CUST003450,Geeta Kulkarni,6426520120,Female,Single,260969,Low,Hardware Technician,Medium,33,Hindi,RGN039
CUST003451,Ramesh Das,6740209844,Male,Divorced,383280,Middle,Software Engineer,Low,40,Hindi,RGN026
CUST003452,Deepa Pandey,9988866594,Male,Married,872031,Upper-Middle,Software Engineer,Low,52,Hindi,RGN005
CUST003453,Shweta Tripathi,6827291367,Male,Married,1305278,Upper-Middle,Software Engineer,Low,45,Hindi,RGN012
CUST003454,Varun Shah,8916449153,Male,Married,896145,Upper-Middle,Software Engineer,Low,27,Hindi,RGN006
CUST003455,Pooja Desai,7180113085,Male,Married,284349,Low,Teacher,Low,65,Hindi,RGN027
CUST003456,Gaurav Kumar,7315682342,Female,Married,177767,Low,Hardware Technician,Medium,41,Hindi,RGN006
CUST003457,Shruti Krishnan,8022462671,Male,Divorced,3172393,High,Business Owner,Medium,53,Hindi,RGN015
CUST003458,Nandini Sharma,7202534238,Male,Married,1762804,Upper-Middle,Software Engineer,Low,36,Hindi,RGN047
CUST003459,Sunita Malhotra,9707760429,Male,Married,361383,Middle,Driver,High,44,Hindi,RGN025
CUST003460,Santosh Pillai,7987667408,Male,Married,160785,Low,Driver,High,48,Hindi,RGN044
CUST003461,Uday Agarwal,9721075240,Female,Married,1230549,Upper-Middle,Business Owner,Medium,52,Hindi,RGN029
CUST003462,Deepa Pillai,6330510972,Female,Married,120245,Low,Front Desk Executive,Low,50,Telugu,RGN020
CUST003463,Tanvi Reddy,8725426541,Male,Married,429506,Middle,Teacher,Low,48,Hindi,RGN047
CUST003464,Deepa Mishra,9893927639,Female,Married,1959250,Upper-Middle,Pilot,High,34,Telugu,RGN019
CUST003465,Tanvi Chaudhary,8238182893,Female,Married,792766,Middle,Software Engineer,Low,31,Hindi,RGN034
CUST003466,Kunal Chaudhary,9327868070,Male,Divorced,1495884,Upper-Middle,Software Engineer,Low,41,Hindi,RGN004
CUST003467,Uday Menon,8235731899,Female,Married,2845170,High,Doctor,Low,49,Hindi,RGN014
CUST003468,Ravi Sharma,8931169921,Female,Married,1156744,Upper-Middle,Real Estate Agent,Medium,35,Hindi,RGN003
CUST003469,Sunil Jadhav,7534705070,Male,Married,617312,Middle,Business Owner,Medium,50,Hindi,RGN015
CUST003470,Kritika Mehta,9750884949,Female,Single,915231,Upper-Middle,Real Estate Agent,Medium,55,Oriya,RGN031
CUST003471,Prakash Kulkarni,9357686621,Female,Married,172077,Low,Hardware Technician,Medium,27,Hindi,RGN006
CUST003472,Anil Chaudhary,7805951948,Male,Single,1459980,Upper-Middle,Software Engineer,Low,27,Hindi,RGN003
CUST003473,Aarav Sharma,8542259551,Female,Married,527675,Middle,Business Owner,Medium,36,Telugu,RGN019
CUST003474,Vishal Venkatesh,7305915419,Male,Married,183871,Low,Front Desk Executive,Low,41,Hindi,RGN016
CUST003475,Sunita Bose,9351109674,Female,Single,207059,Low,Front Desk Executive,Low,31,Hindi,RGN002
CUST003476,Karan Kumar,8136365905,Female,Single,1768179,Upper-Middle,Software Engineer,Low,54,Hindi,RGN004
CUST003477,Aryan Nair,6417372234,Male,Single,1511182,Upper-Middle,Business Owner,Medium,43,Hindi,RGN008
CUST003478,Rekha Verma,7678703238,Female,Married,285338,Low,Farmer,Medium,38,Hindi,RGN047
CUST003479,Shruti Reddy,6281718993,Female,Single,1301481,Upper-Middle,Software Engineer,Low,20,Hindi,RGN029
CUST003480,Gaurav Pillai,8475211275,Male,Single,368468,Middle,Teacher,Low,22,Hindi,RGN009
CUST003481,Amrita Iyer,9373114933,Male,Married,1294031,Upper-Middle,Software Engineer,Low,41,Hindi,RGN008
CUST003482,Poonam Mishra,6088623065,Female,Married,695621,Middle,Teacher,Low,18,Hindi,RGN011
CUST003483,Rekha Mishra,80038XXXXX,Male,Married,531292,Middle,Real Estate Agent,Medium,50,Hindi,RGN004
CUST003484,Bhavna Subramanian,8851002182,Male,Married,1635349,Upper-Middle,Software Engineer,Low,36,Hindi,RGN038
CUST003485,Sapna Jadhav,8140817028,Female,Married,850461,Upper-Middle,Real Estate Agent,Medium,65,Hindi,RGN045
CUST003486,Nikhil Bose,8616878732,Male,Married,1134601,Upper-Middle,Real Estate Agent,Medium,65,Hindi,RGN033
CUST003487,Aditya Joshi,6499970320,Female,Single,340894,Middle,Teacher,Low,35,Hindi,RGN025
CUST003488,Isha Menon,8347433442,Male,Single,482667,Middle,Real Estate Agent,Medium,36,Hindi,RGN042
CUST003489,Kavya Dubey,6065100460,Male,Single,201775,Low,Teacher,Low,49,Hindi,RGN036
CUST003490,Gaurav Shah,6041313555,Male,Divorced,104244,Low,Farmer,Medium,58,Hindi,RGN006
CUST003491,Nikhil Mehta,9942072239,Male,Married,241010,Low,Farmer,Medium,18,Hindi,RGN025
CUST003492,Swati Deshpande,8672176189,Female,Married,352876,Middle,Teacher,Low,18,Hindi,RGN015
CUST003493,Vishal Srivastava,9877677513,Female,Single,1632279,Upper-Middle,Software Engineer,Low,30,Hindi,RGN037
CUST003494,Priya Bose,9712398189,Male,Married,2222026,High,Doctor,Low,44,Hindi,RGN043
CUST003495,Rajesh Pillai,7972048730,Male,Single,191943,Low,Front Desk Executive,Low,43,Hindi,RGN033
CUST003496,Pradeep Balaji,8519455868,Male,Married,261597,Low,Teacher,Low,50,Hindi,RGN016
CUST003497,Aditi Deshpande,6734188079,Female,Single,1906233,Upper-Middle,Software Engineer,Low,23,Telugu,RGN017
CUST003498,Sunita Das,9403157585,Male,Single,83999,Low,Farmer,Medium,18,Oriya,RGN031
CUST003499,Akash Saxena,7918536205,Female,Married,308401,Middle,Teacher,Low,48,Hindi,RGN026
CUST003500,Santosh Pillai,8493392719,Female,Married,201425,Low,Driver,High,28,Hindi,RGN045
CUST003501,Kavya Shah,8406385670,Female,Married,196903,Low,Driver,High,18,Hindi,RGN036
CUST003502,Rajesh Iyer,7071537842,Male,Married,2242635,High,Software Engineer,Low,39,Hindi,RGN033
CUST003503,Uday Dubey,6555535440,Female,Married,1769936,Upper-Middle,Doctor,Low,47,Hindi,RGN035
CUST003504,Vijay Kumar,9896778889,Female,Married,1015440,Upper-Middle,Software Engineer,Low,36,Hindi,RGN012
CUST003505,Vikram Patil,7210072040,Male,Single,977562,Upper-Middle,Software Engineer,Low,32,Hindi,RGN011
CUST003506,Amrita Pillai,8711246175,Male,Married,1720632,Upper-Middle,Software Engineer,Low,36,Hindi,RGN016
CUST003507,Isha Srivastava,9804104866,Male,Married,1394320,Upper-Middle,Software Engineer,Low,33,Hindi,RGN050
CUST003508,Arjun Patel,9186442624,Male,Married,3597351,High,Doctor,Low,21,Hindi,RGN047
CUST003509,Tanvi Hegde,8704986711,Male,Married,1939984,Upper-Middle,Business Owner,Medium,29,Hindi,RGN008
CUST003510,Uday Agarwal,6187703325,Male,Married,869145,Upper-Middle,Real Estate Agent,Medium,44,Hindi,RGN046
CUST003511,Sandeep Patil,9044307324,Male,Married,576640,Middle,Business Owner,Medium,41,Telugu,RGN020
CUST003512,Deepa Das,9689974903,Male,Married,322998,Middle,Driver,High,40,Hindi,RGN013
CUST003513,Divya Jadhav,6438177998,Male,Married,2293179,High,Software Engineer,Low,26,Hindi,RGN049
CUST003514,Aditi Shah,7469247048,Male,Married,2180086,High,Doctor,Low,35,Hindi,RGN007
CUST003515,Geeta Reddy,6130186432,Male,Single,2327818,High,Software Engineer,Low,18,Hindi,RGN003
CUST003516,Kunal Shah,7145651812,Female,Married,946912,Upper-Middle,Doctor,Low,40,Hindi,RGN016
CUST003517,Pradeep Patil,9591700343,Female,Married,228131,Low,Hardware Technician,Medium,55,Telugu,RGN017
CUST003518,Isha Das,9432567405,Male,Married,2485790,High,Software Engineer,Low,20,Telugu,RGN019
CUST003519,Divya Subramanian,7625123115,Male,Married,4045394,High,Doctor,Low,30,Hindi,RGN049
CUST003520,Sandeep Srivastava,8111902060,Male,Married,2517558,High,Doctor,Low,41,Hindi,RGN012
CUST003521,Shruti Hegde,9136930052,Female,Married,130545,Low,Hardware Technician,Medium,53,Hindi,RGN038
CUST003522,Deepak Venkatesh,7144267353,Female,Single,265687,Low,Hardware Technician,Medium,32,Hindi,RGN006
CUST003523,Manoj Joshi,8256116159,Male,Married,379756,Middle,Driver,High,29,Hindi,RGN013
CUST003524,Divya Iyer,8426184553,Female,Married,154140,Low,Farmer,Medium,18,Hindi,RGN039
CUST003525,Rohit Chakraborty,9582682950,Female,Single,1042218,Upper-Middle,Software Engineer,Low,39,Hindi,RGN046
CUST003526,Santosh Gupta,6499402323,Female,Single,1427083,Upper-Middle,Software Engineer,Low,62,Telugu,RGN019
CUST003527,Ravi Tripathi,8859358035,Female,Married,170913,Low,Farmer,Medium,41,Kannada,RGN022
CUST003528,Vishal Hegde,7880507507,Female,Married,862496,Upper-Middle,Doctor,Low,37,Kannada,RGN021
CUST003529,Kavya Bose,6973544252,Female,Married,1427229,Upper-Middle,Software Engineer,Low,41,Hindi,RGN012
CUST003530,Vikram Kulkarni,8777744496,Male,Married,2030283,High,Doctor,Low,37,Hindi,RGN004
CUST003531,Rahul Gupta,8930464006,Female,Married,1402648,Upper-Middle,Software Engineer,Low,28,Hindi,RGN013
CUST003532,Rekha Verma,6698826486,Female,Married,1277608,Upper-Middle,Real Estate Agent,Medium,47,Hindi,RGN011
CUST003533,Rohit Agarwal,7755377938,Female,Married,289043,Low,Driver,High,40,Hindi,RGN041
CUST003534,Sandeep More,8460912104,Male,Married,142312,Low,Driver,High,38,Hindi,RGN012
CUST003535,Aarav Agarwal,6725453960,Male,Single,185220,Low,Driver,High,26,Hindi,RGN002
CUST003536,Rahul Subramanian,6609932470,Male,Married,288542,Low,Farmer,Medium,53,Kannada,RGN021
CUST003537,Uday Desai,9926251743,Male,Married,4582365,High,Doctor,Low,45,Hindi,RGN009
CUST003538,Geeta Venkatesh,6603250394,Female,Single,562710,Middle,Doctor,Low,31,Hindi,RGN008
CUST003539,Shweta Iyer,7988442789,Female,Divorced,950592,Upper-Middle,Software Engineer,Low,50,Kannada,RGN022
CUST003540,Varun Rajan,8236179496,Female,Married,1130748,Upper-Middle,Software Engineer,Low,32,Hindi,RGN036
CUST003541,Vinod Balaji,8549595781,Female,Single,73727,Low,Farmer,Medium,28,Hindi,RGN028
CUST003542,Sapna Patel,7731742718,Female,Widowed,185457,Low,Front Desk Executive,Low,28,Hindi,RGN038
CUST003543,Uday Chaudhary,7224023936,Female,Divorced,657470,Middle,Teacher,Low,18,Hindi,RGN001
CUST003544,Nikhil Rajan,7761764040,Female,Married,1260043,Upper-Middle,Software Engineer,Low,43,Hindi,RGN046
CUST003545,Mohit Naik,7344538565,Male,Single,443978,Middle,Real Estate Agent,Medium,18,Hindi,RGN034
CUST003546,Sarika Chakraborty,6105022892,Male,Widowed,2987484,High,Software Engineer,Low,23,Hindi,RGN009
CUST003547,Amrita Saxena,6745952827,Male,Married,306441,Middle,Hardware Technician,Medium,18,Telugu,RGN019
CUST003548,Sunil Nair,8333395211,Female,Single,977874,Upper-Middle,Software Engineer,Low,36,Tamil,RGN024
CUST003549,Shruti Krishnan,7373278396,Male,Married,1420264,Upper-Middle,Business Owner,Medium,36,Hindi,RGN048
CUST003550,Aryan Nair,7151002607,Female,Single,115350,Low,Driver,High,34,Hindi,RGN042
CUST003551,Rajesh Hegde,9214348696,Male,Married,390736,Middle,Real Estate Agent,Medium,25,Hindi,RGN039
CUST003552,Manoj Malhotra,8371557310,Male,Divorced,171638,Low,Teacher,Low,23,Hindi,RGN042
CUST003553,Isha Gupta,8208983187,Male,Married,111343,Low,Driver,High,43,Hindi,RGN042
CUST003554,Ravi Tiwari,7095079337,Male,Married,1094822,Upper-Middle,Software Engineer,Low,31,Kannada,RGN022
CUST003555,Siddharth Pandey,9312973414,Female,Single,950304,Upper-Middle,Business Owner,Medium,41,Tamil,RGN024
CUST003556,Lakshmi Desai,8027590826,Male,Single,294904,Low,Hardware Technician,Medium,27,Kannada,RGN022
CUST003557,Deepa Singh,6090722087,Male,Married,175226,Low,Farmer,Medium,40,Hindi,RGN039
CUST003558,Aarav Kumar,9195535603,Female,Married,1818731,Upper-Middle,Doctor,Low,53,Hindi,RGN028
CUST003559,Zara Joshi,8960233159,Male,Single,276821,Low,Front Desk Executive,Low,45,Telugu,RGN019
CUST003560,Nikhil Kumar,9517579032,Female,Married,390849,Middle,Teacher,Low,33,Hindi,RGN035
CUST003561,Isha Verma,7088806094,Male,Divorced,742269,Middle,Real Estate Agent,Medium,41,Hindi,RGN030
CUST003562,Shruti Patil,6750241300,Male,Married,218685,Low,Driver,High,35,Hindi,RGN026
CUST003563,Sanjay Mishra,9886758755,Male,Divorced,2916490,High,Business Owner,Medium,38,Hindi,RGN003
CUST003564,Bhavna Srivastava,8095914504,Female,Married,859247,Upper-Middle,Software Engineer,Low,34,Hindi,RGN013
CUST003565,Ravi Krishnan,9236694627,Male,Divorced,309199,Middle,Driver,High,36,Tamil,RGN023
CUST003566,Ramesh Venkatesh,7865181420,Female,Married,251256,Low,Driver,High,40,Hindi,RGN015
CUST003567,Uday Desai,8384504621,Male,Single,233798,Low,Hardware Technician,Medium,26,Hindi,RGN027
CUST003568,Nandini Sharma,9643493941,Male,Married,432031,Middle,Software Engineer,Low,25,Hindi,RGN042
CUST003569,Deepak Pillai,9674078869,Male,Widowed,1668449,Upper-Middle,Business Owner,Medium,21,Hindi,RGN037
CUST003570,Vishal Kumar,8857491106,Male,Married,71259,Low,Farmer,Medium,18,Hindi,RGN004
CUST003571,Anjali Gowda,9726418793,Male,Married,1705800,Upper-Middle,Software Engineer,Low,23,Hindi,RGN006
CUST003572,Arjun Pandey,9895377012,Female,Single,507071,Middle,Teacher,Low,39,Hindi,RGN047
CUST003573,Vinod Singh,8931645982,Male,Married,379525,Middle,Teacher,Low,27,Kannada,RGN021
CUST003574,Aryan More,8378047040,Female,Married,1510223,Upper-Middle,Software Engineer,Low,44,Hindi,RGN008
CUST003575,Aditi Tiwari,9936518756,Female,Widowed,177153,Low,Driver,High,38,Hindi,RGN035
CUST003576,Shruti More,7692032735,Female,Married,351523,Middle,Teacher,Low,18,Hindi,RGN006
CUST003577,Isha Bose,9125672123,Other,Married,577968,Middle,Real Estate Agent,Medium,45,Hindi,RGN028
CUST003578,Gaurav Sharma,6085789591,Male,Widowed,587626,Middle,Software Engineer,Low,47,Hindi,RGN044
CUST003579,Sarika Gupta,8324256600,Male,Married,359677,Middle,Teacher,Low,26,Hindi,RGN001
CUST003580,Sarika Singh,6578369030,Female,Married,2189403,High,Software Engineer,Low,43,Hindi,RGN041
CUST003581,Tanvi Mishra,7413653298,Male,Married,790797,Middle,Software Engineer,Low,27,Hindi,RGN010
CUST003582,Meera Bose,8684997707,Female,Married,215730,Low,Farmer,Medium,39,Hindi,RGN041
CUST003583,Isha Patil,6600746143,Female,Married,1652286,Upper-Middle,Software Engineer,Low,22,Hindi,RGN042
CUST003584,Vishal Kapoor,7700491744,Male,Married,227521,Low,Hardware Technician,Medium,18,Telugu,RGN018
CUST003585,Priya Deshpande,7687163876,Male,Married,181311,Low,Driver,High,33,Hindi,RGN028
CUST003586,Pooja Mishra,7157740545,Male,Married,2502132,High,Software Engineer,Low,36,Hindi,RGN005
CUST003587,Bhavna Pandey,9618248741,Male,Single,1468130,Upper-Middle,Software Engineer,Low,33,Hindi,RGN027
CUST003588,Sunita Pillai,8278531419,Male,Single,267552,Low,Teacher,Low,23,Hindi,RGN026
CUST003589,Shweta Shetty,9263492122,Male,Married,299664,Low,Farmer,Medium,33,Hindi,RGN013
CUST003590,Priya Shetty,7399821590,Female,Single,124545,Low,Front Desk Executive,Low,41,Hindi,RGN002
CUST003591,Sunil Joshi,6713204484,Male,Single,3782460,High,Business Owner,Medium,37,Telugu,RGN019
CUST003592,Nandini Kulkarni,8677154176,Female,Married,170745,Low,Front Desk Executive,Low,40,Hindi,RGN016
CUST003593,Kritika Joshi,9045689391,Female,Single,118978,Low,Farmer,Medium,29,Hindi,RGN029
CUST003594,Ravi Krishnan,6645767765,Female,Married,145961,Low,Front Desk Executive,Low,52,Telugu,RGN020
CUST003595,Divya Joshi,9666476085,Female,Married,1566856,Upper-Middle,Software Engineer,Low,23,Hindi,RGN046
CUST003596,Priya Srivastava,7085296455,Female,Single,2201224,High,Software Engineer,Low,43,Hindi,RGN007
CUST003597,Manoj Mishra,7175049988,Female,Divorced,659175,Middle,Business Owner,Medium,52,Hindi,RGN004
CUST003598,Kunal Pillai,9829887275,Female,Single,2156706,High,Software Engineer,Low,43,Hindi,RGN037
CUST003599,Uday Patel,8422061850,Female,Married,210926,Low,Real Estate Agent,Medium,35,Hindi,RGN040
CUST003600,Vishal Sharma,9929873864,Other,Single,352563,Middle,Driver,High,31,Hindi,RGN033
CUST003601,Harsha Venkatesh,6067246639,Male,Married,1223726,Upper-Middle,Business Owner,Medium,50,Hindi,RGN026
CUST003602,Aryan Dubey,6321430318,Male,Single,172368,Low,Driver,High,20,Tamil,RGN024
CUST003603,Bhavna Jadhav,7933011184,Male,Married,153855,Low,Farmer,Medium,26,Hindi,RGN044
CUST003604,Sunil Pandey,6654885587,Female,Single,838272,Upper-Middle,Software Engineer,Low,33,Hindi,RGN036
CUST003605,Aditya Subramanian,8524529615,Female,Married,1247836,Upper-Middle,Software Engineer,Low,52,Hindi,RGN036
CUST003606,Zara Pillai,6436974578,Female,Married,266995,Low,Teacher,Low,42,Hindi,RGN039
CUST003607,Priya Shetty,7517983871,Male,Married,255251,Low,Farmer,Medium,26,Hindi,RGN005
CUST003608,Rekha Kulkarni,7556696338,Female,Married,907766,Upper-Middle,Real Estate Agent,Medium,34,Hindi,RGN007
CUST003609,Divya Nair,8864178256,Female,Married,544384,Middle,Real Estate Agent,Medium,30,Hindi,RGN048
CUST003610,Sandeep Venkatesh,6199916246,Female,Single,155566,Low,Teacher,Low,29,Hindi,RGN036
CUST003611,Siddharth Naik,8762936842,Female,Single,2552961,High,Software Engineer,Low,49,Hindi,RGN043
CUST003612,Harsha Shah,,Female,Married,216609,Low,Front Desk Executive,Low,21,Hindi,RGN047
CUST003613,Nandini Chaudhary,6102719095,Female,Single,667086,Middle,Software Engineer,Low,57,Hindi,RGN006
CUST003614,Swati Joshi,7038721215,Female,Married,1912969,Upper-Middle,Business Owner,Medium,47,Hindi,RGN027
CUST003615,Gaurav Gupta,6904562446,Male,Married,333283,Middle,Hardware Technician,Medium,51,Hindi,RGN047
CUST003616,Mohit Kumar,7201656633,Female,Single,1157221,Upper-Middle,Software Engineer,Low,32,Hindi,RGN049
CUST003617,Mohit Kumar,7508243262,Female,Married,166088,Low,Front Desk Executive,Low,36,Hindi,RGN008
CUST003618,Kunal Reddy,8381403075,Female,Single,245896,Low,Hardware Technician,Medium,20,Hindi,RGN014
CUST003619,Deepa Sharma,8984142024,Male,Married,1412393,Upper-Middle,Software Engineer,Low,31,Hindi,RGN015
CUST003620,Swati Kumar,8350745093,Male,Married,3685705,High,Business Owner,Medium,43,Hindi,RGN037
CUST003621,Santosh Rao,7280999702,Female,Married,223804,Low,Front Desk Executive,Low,53,Telugu,RGN017
CUST003622,Rekha Malhotra,8404310907,Male,Divorced,525383,Middle,Business Owner,Medium,24,Hindi,RGN009
CUST003623,Poonam Bose,9182353277,Male,Married,866117,Upper-Middle,Real Estate Agent,Medium,33,Hindi,RGN027
CUST003624,Sunita Tripathi,7765547617,Male,Married,652705,Middle,Software Engineer,Low,36,Hindi,RGN035
CUST003625,Lakshmi Hegde,7757355481,Male,Married,1098658,Upper-Middle,Software Engineer,Low,21,Hindi,RGN035
CUST003626,Karan Shetty,8712666153,Female,Married,883878,Upper-Middle,Real Estate Agent,Medium,45,Hindi,RGN047
CUST003627,Amrita Kapoor,7929427021,Female,Married,2082825,High,Software Engineer,Low,29,Hindi,RGN009
CUST003628,Rajesh Kapoor,8013433906,Female,Married,1168437,Upper-Middle,Doctor,Low,35,Hindi,RGN048
CUST003629,Kavya More,7798958247,Female,Married,1403416,Upper-Middle,Software Engineer,Low,32,Hindi,RGN014
CUST003630,Vikram Shetty,9339129903,Male,Married,318872,Middle,Teacher,Low,28,Hindi,RGN007
CUST003631,Kavya Kumar,9191275939,Male,Single,135180,Low,Front Desk Executive,Low,37,Hindi,RGN012
CUST003632,Tanvi Chaudhary,8571421162,Male,Married,52141,Low,Farmer,Medium,35,Hindi,RGN042
CUST003633,Poonam Hegde,7065910044,Male,Single,1612498,Upper-Middle,Software Engineer,Low,33,Hindi,RGN046
CUST003634,Pooja Singh,7643644432,Male,Divorced,1585180,Upper-Middle,Software Engineer,Low,29,Hindi,RGN016
CUST003635,Aditya Rajan,9914220072,Male,Single,455500,Middle,Hardware Technician,Medium,41,Hindi,RGN045
CUST003636,Lakshmi Saxena,7768352780,Female,Married,626533,Middle,Teacher,Low,57,Hindi,RGN045
CUST003637,Rahul Kapoor,9857109338,Female,Married,1172316,Upper-Middle,Business Owner,Medium,39,Hindi,RGN001
CUST003638,Tanvi Kapoor,8300090063,Female,Divorced,746383,Middle,Software Engineer,Low,49,Hindi,RGN044
CUST003639,Rajesh Rajan,7586775465,Female,Married,546072,Middle,Software Engineer,Low,21,Hindi,RGN046
CUST003640,Vijay Kulkarni,9172847034,Male,Married,392848,Middle,Driver,High,39,Hindi,RGN035
CUST003641,Aditya More,8633246568,Male,Single,385228,Middle,Driver,High,24,Hindi,RGN005
CUST003642,Rahul Sharma,8154635175,Male,Single,363663,Middle,Teacher,Low,20,Telugu,RGN020
CUST003643,Aditya Srivastava,9351851769,Male,Married,147484,Low,Farmer,Medium,29,Hindi,RGN006
CUST003644,Pooja Patel,9595965600,Female,Married,2134924,High,Software Engineer,Low,52,Hindi,RGN041
CUST003645,Nandini Krishnan,7375229648,Male,Married,118456,Low,Farmer,Medium,49,Hindi,RGN025
CUST003646,Sapna Gowda,8210922251,Female,Married,2384926,High,Software Engineer,Low,40,Hindi,RGN013
CUST003647,Priya Dubey,8557953723,Female,Single,362777,Middle,Driver,High,19,Hindi,RGN037
CUST003648,Sunita Venkatesh,9660414264,Male,Married,1573321,Upper-Middle,Software Engineer,Low,35,Hindi,RGN010
CUST003649,Aryan Iyer,7029708137,Male,Married,2286205,High,Software Engineer,Low,41,Hindi,RGN011
CUST003650,Sneha Desai,7298210935,Male,Divorced,307879,Middle,Teacher,Low,40,Telugu,RGN018
CUST003651,Shruti Reddy,7439229501,Female,Married,629471,Middle,Teacher,Low,18,Hindi,RGN035
CUST003652,Akash Sharma,8962840769,Female,Married,247933,Low,Teacher,Low,27,Hindi,RGN026
CUST003653,Rahul Tiwari,8390878347,Female,Married,1549048,Upper-Middle,Software Engineer,Low,37,Hindi,RGN037
CUST003654,Poonam Rajan,9790078244,Male,Married,1131229,Upper-Middle,Software Engineer,Low,44,Hindi,RGN008
CUST003655,Varun Gowda,9666948360,Female,Married,2293333,High,Software Engineer,Low,18,Telugu,RGN019
CUST003656,Anjali Pillai,8386825085,Male,Divorced,2000685,High,Pilot,High,36,Hindi,RGN040
CUST003657,Vinod Joshi,8925629726,Female,Married,109850,Low,Farmer,Medium,39,Hindi,RGN025
CUST003658,Ravi Hegde,9923257273,Female,Married,751529,Middle,Software Engineer,Low,48,Hindi,RGN007
CUST003659,Bhavna Rao,8689270472,Male,Married,856773,Upper-Middle,Doctor,Low,46,Hindi,RGN011
CUST003660,Sapna Menon,7344666105,Male,Married,3007394,High,Business Owner,Medium,44,Hindi,RGN045
CUST003661,Rohit Nair,6496180686,Male,Married,176088,Low,Front Desk Executive,Low,28,Hindi,RGN004
CUST003662,Aditya Verma,7886887924,Female,Single,125082,Low,Farmer,Medium,18,Hindi,RGN050
CUST003663,Aditya Krishnan,8940395186,Female,Married,1376683,Upper-Middle,Software Engineer,Low,33,Telugu,RGN020
CUST003664,Uday Bose,8613440883,Male,Married,2154278,High,Pilot,High,50,Hindi,RGN014
CUST003665,Shruti Bose,7183801693,Male,Married,1768987,Upper-Middle,Software Engineer,Low,54,Hindi,RGN014
CUST003666,Nandini Tripathi,8769123779,Female,Married,160078,Low,Farmer,Medium,46,Telugu,RGN017
CUST003667,Aryan Pandey,7980122016,Male,Married,1546143,Upper-Middle,Doctor,Low,43,Hindi,RGN046
CUST003668,Rekha Reddy,7185200239,Female,Divorced,420604,Middle,Teacher,Low,42,Hindi,RGN003
CUST003669,Deepak Chakraborty,6523133631,Male,Single,570558,Middle,Business Owner,Medium,31,Hindi,RGN026
CUST003670,Shweta Iyer,8098212702,Male,Married,364318,Middle,Software Engineer,Low,36,Hindi,RGN002
CUST003671,Deepak More,7189672012,Female,Single,2829081,High,Pilot,High,58,Telugu,RGN019
CUST003672,Kavya Naik,8903177569,Female,Single,223992,Low,Driver,High,26,Hindi,RGN026
CUST003673,Shweta Iyer,6001917653,Female,Single,644837,Middle,Teacher,Low,57,Hindi,RGN001
CUST003674,Suresh Tripathi,7448343871,Female,Married,2703806,High,Business Owner,Medium,34,Hindi,RGN001
CUST003675,Zara More,8154746911,Female,Single,1688512,Upper-Middle,Software Engineer,Low,53,Hindi,RGN012
CUST003676,Pooja Tripathi,9087027282,Male,Single,918168,Upper-Middle,Pilot,High,21,Hindi,RGN044
CUST003677,Ramesh Gowda,6400938083,Male,Married,627125,Middle,Business Owner,Medium,45,Hindi,RGN026
CUST003678,Santosh Deshpande,8912321600,Female,Married,418206,Middle,Hardware Technician,Medium,29,Tamil,RGN023
CUST003679,Vinod Pandey,8932418325,Male,Divorced,2441225,High,Software Engineer,Low,21,Hindi,RGN027
CUST003680,Aarav Patel,7762520213,Female,Married,340400,Middle,Front Desk Executive,Low,40,Hindi,RGN033
CUST003681,Deepak Kulkarni,6167954283,Female,Single,671670,Middle,Software Engineer,Low,50,Kannada,RGN022
CUST003682,Akash Iyer,7670116781,Male,Divorced,4133374,High,Pilot,High,27,Hindi,RGN007
CUST003683,Gaurav Hegde,6678629025,Male,Married,988260,Upper-Middle,Business Owner,Medium,20,Hindi,RGN010
CUST003684,Vijay Patil,6538642673,Female,Married,2926232,High,Doctor,Low,36,Hindi,RGN010
CUST003685,Lakshmi Kulkarni,6220994175,Female,Single,131020,Low,Farmer,Medium,36,Tamil,RGN024
CUST003686,Anil Nair,7040531984,Male,Married,409170,Middle,Teacher,Low,44,Kannada,RGN021
CUST003687,Sarika Bose,6050755084,Male,Married,82134,Low,Farmer,Medium,49,Hindi,RGN009
CUST003688,Poonam Jadhav,8284677037,Female,Married,137670,Low,Front Desk Executive,Low,37,Hindi,RGN026
CUST003689,Rahul Mishra,8679700830,Female,Married,2329403,High,Software Engineer,Low,60,Hindi,RGN009
CUST003690,Lakshmi Rajan,9644058355,Female,Married,59776,Low,Farmer,Medium,40,Kannada,RGN022
CUST003691,Priya Verma,6172727973,Male,Married,2622789,High,Software Engineer,Low,33,Kannada,RGN021
CUST003692,Yash Agarwal,7829018320,Male,Divorced,66159,Low,Farmer,Medium,18,Kannada,RGN022
CUST003693,Poonam Shah,8112134063,Female,Single,383799,Middle,Teacher,Low,34,Hindi,RGN004
CUST003694,Meera Chaudhary,9801990502,Female,Married,3592199,High,Business Owner,Medium,33,Hindi,RGN009
CUST003695,Vishal Menon,8065117471,Male,Married,3986172,High,Doctor,Low,49,Hindi,RGN033
CUST003696,Shruti Pandey,6706485796,Female,Divorced,263017,Low,Teacher,Low,43,Hindi,RGN027
CUST003697,Kavya Pillai,9312407904,Male,Married,369188,Middle,Teacher,Low,23,Hindi,RGN043
CUST003698,Uday Mishra,8813881901,Male,Married,1337586,Upper-Middle,Software Engineer,Low,40,Hindi,RGN006
CUST003699,Sarika Krishnan,6456767761,Male,Married,971740,Upper-Middle,Software Engineer,Low,46,Hindi,RGN012
CUST003700,Akash Balaji,8249601709,Female,Married,242776,Low,Hardware Technician,Medium,56,Telugu,RGN019
CUST003701,Rohit Chaudhary,7176451770,Other,Married,1381349,Upper-Middle,Software Engineer,Low,48,Hindi,RGN001
CUST003702,Rahul Jadhav,7238045347,Female,Single,276086,Low,Hardware Technician,Medium,47,Hindi,RGN044
CUST003703,Bhavna Pillai,6572018596,Female,Married,1261719,Upper-Middle,Business Owner,Medium,38,Telugu,RGN017
CUST003704,Ananya Venkatesh,7848987358,Male,Single,1599723,Upper-Middle,Business Owner,Medium,42,Hindi,RGN048
CUST003705,Isha Deshpande,9272993357,Male,Married,946523,Upper-Middle,Software Engineer,Low,52,Hindi,RGN047
CUST003706,Manoj Kumar,6240939866,Male,Single,1038804,Upper-Middle,Doctor,Low,22,Hindi,RGN042
CUST003707,Karan Singh,7984648442,Female,Married,331504,Middle,Hardware Technician,Medium,33,Hindi,RGN005
CUST003708,Harsha Balaji,9398356523,Male,Married,1122263,Upper-Middle,Business Owner,Medium,28,Hindi,RGN047
CUST003709,Akash Kumar,6886762273,Male,Married,155092,Low,Front Desk Executive,Low,42,Hindi,RGN014
CUST003710,Vishal Desai,8334062016,Female,Single,965182,Upper-Middle,Software Engineer,Low,52,Hindi,RGN012
CUST003711,Shweta Pillai,9334014215,Male,Married,2462494,High,Doctor,Low,30,Hindi,RGN003
CUST003712,Santosh Tiwari,9345263628,Male,Married,376960,Middle,Teacher,Low,18,Telugu,RGN020
CUST003713,Rajesh Pillai,9233570444,Male,Single,180571,Low,Driver,High,33,Hindi,RGN012
CUST003714,Siddharth Kulkarni,8514344211,Female,Married,150106,Low,Farmer,Medium,48,Hindi,RGN035
CUST003715,Kritika Subramanian,6754944957,Female,Widowed,458477,Middle,Hardware Technician,Medium,44,Telugu,RGN017
CUST003716,Priya Singh,8168601347,Male,Married,2239944,High,Business Owner,Medium,43,Hindi,RGN049
CUST003717,Ramesh Sharma,6512911647,Male,Married,66753,Low,Farmer,Medium,34,Hindi,RGN038
CUST003718,Isha Malhotra,7464299872,Male,Married,196795,Low,Teacher,Low,22,Hindi,RGN048
CUST003719,Siddharth Hegde,8735399875,Female,Married,1610282,Upper-Middle,Software Engineer,Low,44,Hindi,RGN040
CUST003720,Prakash Malhotra,6530075145,Male,Married,229359,Low,Front Desk Executive,Low,27,Hindi,RGN029
CUST003721,Karan Reddy,6834792305,Female,Single,387571,Middle,Driver,High,64,Hindi,RGN027
CUST003722,Anjali Gupta,9824531081,Male,Married,4875409,High,Pilot,High,44,Hindi,RGN047
CUST003723,Geeta Shah,9826596089,Female,Married,261537,Low,Hardware Technician,Medium,31,Hindi,RGN041
CUST003724,Suresh Shah,7014606696,Male,Married,218621,Low,Farmer,Medium,30,Kannada,RGN021
CUST003725,Prakash Joshi,6069637491,Female,Married,1776049,Upper-Middle,Software Engineer,Low,36,Hindi,RGN046
CUST003726,Deepa Das,7187906506,Male,Married,1032927,Upper-Middle,Business Owner,Medium,35,Hindi,RGN025
CUST003727,Siddharth Hegde,6471590112,Male,Single,245322,Low,Teacher,Low,51,Hindi,RGN034
CUST003728,Anil Dubey,8023160040,Male,Married,2265340,High,Pilot,High,40,Hindi,RGN011
CUST003729,Priya Hegde,7728986832,Male,Single,941564,Upper-Middle,Software Engineer,Low,29,Telugu,RGN020
CUST003730,Gaurav Naik,,Male,Married,411113,Middle,Teacher,Low,60,Hindi,RGN014
CUST003731,Uday Hegde,7507966997,Male,Married,1503969,Upper-Middle,Software Engineer,Low,38,Hindi,RGN047
CUST003732,Rahul Saxena,8200141442,Female,Single,332897,Middle,Teacher,Low,47,Hindi,RGN036
CUST003733,Ananya Kulkarni,8607372386,Female,Single,298300,Low,Farmer,Medium,30,Hindi,RGN013
CUST003734,Gaurav Mehta,6595285994,Male,Married,610910,Middle,Software Engineer,Low,42,Hindi,RGN047
CUST003735,Neha Desai,9576379829,Female,Single,5426922,High,Pilot,High,41,Hindi,RGN043
CUST003736,Poonam Malhotra,7055779798,Male,Married,687420,Middle,Software Engineer,Low,18,Hindi,RGN037
CUST003737,Rekha Krishnan,7676074105,Male,Single,484158,Middle,Teacher,Low,62,Hindi,RGN041
CUST003738,Gaurav Naik,7948150439,Female,Married,314783,Middle,Hardware Technician,Medium,53,Hindi,RGN045
CUST003739,Aditya Iyer,6356028586,Female,Married,175292,Low,Front Desk Executive,Low,33,Hindi,RGN016
CUST003740,Deepa Jadhav,9609635476,Male,Divorced,2511588,High,Doctor,Low,24,Telugu,RGN017
CUST003741,Sneha Kumar,6751210184,Female,Single,1315305,Upper-Middle,Business Owner,Medium,42,Hindi,RGN001
CUST003742,Aryan Mehta,7622644180,Female,Divorced,1215953,Upper-Middle,Business Owner,Medium,39,Telugu,RGN017
CUST003743,Sunita Joshi,7459408593,Female,Married,780616,Middle,Software Engineer,Low,42,Hindi,RGN048
CUST003744,Zara Krishnan,8653524377,Female,Married,798504,Middle,Business Owner,Medium,40,Hindi,RGN006
CUST003745,Sanjay Singh,8076557374,Female,Married,274792,Low,Farmer,Medium,44,Hindi,RGN041
CUST003746,Swati Pillai,8251225846,Other,Single,185277,Low,Hardware Technician,Medium,55,Hindi,RGN004
CUST003747,Pradeep Kumar,9901752279,Male,Single,2435214,High,Software Engineer,Low,44,Hindi,RGN027
CUST003748,Aarav Krishnan,7949652396,Male,Single,2878348,High,Software Engineer,Low,25,Hindi,RGN037
CUST003749,Kavya Rajan,9499902038,Male,Single,787941,Middle,Software Engineer,Low,54,Hindi,RGN002
CUST003750,Neha Hegde,8407008415,Male,Widowed,794390,Middle,Software Engineer,Low,57,Oriya,RGN032
CUST003751,Siddharth Patel,6242695753,Male,Single,1686328,Upper-Middle,Business Owner,Medium,65,Hindi,RGN049
CUST003752,Shweta Gowda,8139763529,Male,Married,2423402,High,Software Engineer,Low,24,Oriya,RGN031
CUST003753,Vinod Joshi,8614262040,Female,Married,330075,Middle,Hardware Technician,Medium,40,Oriya,RGN031
CUST003754,Vishal More,8206334611,Male,Married,1961757,Upper-Middle,Business Owner,Medium,18,Hindi,RGN004
CUST003755,Santosh Sharma,9873728265,Male,Married,1886690,Upper-Middle,Business Owner,Medium,44,Hindi,RGN033
CUST003756,Manoj Krishnan,7380419171,Male,Divorced,265210,Low,Teacher,Low,31,Hindi,RGN008
CUST003757,Sandeep Jadhav,9033308544,Male,Single,1830167,Upper-Middle,Business Owner,Medium,61,Hindi,RGN036
CUST003758,Kunal Joshi,6843660209,Female,Single,957414,Upper-Middle,Software Engineer,Low,28,Oriya,RGN031
CUST003759,Manoj Tripathi,7137880210,Female,Married,524385,Middle,Business Owner,Medium,18,Hindi,RGN047
CUST003760,Vinod Balaji,7676777736,Female,Married,87142,Low,Farmer,Medium,32,Hindi,RGN002
CUST003761,Vishal Das,8764554590,Female,Married,243088,Low,Hardware Technician,Medium,18,Hindi,RGN050
CUST003762,Varun Dubey,7481954351,Male,Single,2055129,High,Business Owner,Medium,47,Telugu,RGN018
CUST003763,Deepak Dubey,6026939553,Male,Married,1822836,Upper-Middle,Software Engineer,Low,18,Hindi,RGN035
CUST003764,Rohit Pandey,7089233313,Male,Married,2503722,High,Software Engineer,Low,38,Hindi,RGN013
CUST003765,Siddharth Singh,8148550702,Female,Married,252911,Low,Driver,High,18,Telugu,RGN017
CUST003766,Sunil Joshi,9406260674,Male,Widowed,188346,Low,Hardware Technician,Medium,34,Hindi,RGN038
CUST003767,Aryan Venkatesh,6514487621,Male,Married,1410898,Upper-Middle,Software Engineer,Low,57,Telugu,RGN017
CUST003768,Karan Das,9483427973,Male,Single,248694,Low,Hardware Technician,Medium,42,Hindi,RGN010
CUST003769,Pooja Pandey,6294069572,Male,Married,788994,Middle,Software Engineer,Low,27,Telugu,RGN019
CUST003770,Uday Kumar,8202358937,Other,Married,182886,Low,Front Desk Executive,Low,37,Hindi,RGN006
CUST003771,Yash Saxena,9125828488,Male,Married,261307,Low,Farmer,Medium,38,Hindi,RGN043
CUST003772,Gaurav Mishra,6994951659,Female,Married,546734,Middle,Software Engineer,Low,43,Tamil,RGN024
CUST003773,Pradeep Bose,6945644645,Male,Married,1587573,Upper-Middle,Software Engineer,Low,21,Tamil,RGN023
CUST003774,Aarav Gupta,7390041524,Female,Married,4801249,High,Doctor,Low,45,Hindi,RGN027
CUST003775,Sarika Srivastava,7867855470,Male,Married,386964,Middle,Hardware Technician,Medium,18,Hindi,RGN033
CUST003776,Anjali Kumar,6897795014,Male,Married,566230,Middle,Software Engineer,Low,30,Hindi,RGN046
CUST003777,Kritika Verma,9709367250,Male,Married,3697430,High,Doctor,Low,32,Kannada,RGN021
CUST003778,Nandini Reddy,7800417707,Female,Married,141345,Low,Front Desk Executive,Low,45,Hindi,RGN028
CUST003779,Anil Iyer,7460316134,Male,Married,186055,Low,Teacher,Low,38,Hindi,RGN016
CUST003780,Isha Subramanian,6799216457,Female,Married,1299291,Upper-Middle,Software Engineer,Low,21,Hindi,RGN050
CUST003781,Deepa Pillai,8275428328,Female,Married,1498271,Upper-Middle,Business Owner,Medium,26,Hindi,RGN049
CUST003782,Sanjay Venkatesh,9785150668,Female,Married,595132,Middle,Teacher,Low,40,Hindi,RGN043
CUST003783,Santosh Venkatesh,6557155661,Female,Single,605717,Middle,Software Engineer,Low,37,Hindi,RGN010
CUST003784,Zara Joshi,9689409363,Male,Married,1888845,Upper-Middle,Business Owner,Medium,31,Hindi,RGN016
CUST003785,Ravi Naik,9460595516,Male,Married,148014,Low,Farmer,Medium,32,Hindi,RGN025
CUST003786,Tanvi Balaji,6133956322,Female,Single,94276,Low,Farmer,Medium,46,Hindi,RGN002
CUST003787,Nandini Gupta,8518256961,Male,Married,195300,Low,Teacher,Low,31,Telugu,RGN020
CUST003788,Poonam Gowda,9178568176,Female,Married,2340331,High,Software Engineer,Low,36,Hindi,RGN007
CUST003789,Anjali Desai,9848798963,Female,Married,142774,Low,Front Desk Executive,Low,64,Kannada,RGN022
CUST003790,Kavya Tripathi,6963052704,Male,Single,707835,Middle,Business Owner,Medium,20,Oriya,RGN032
CUST003791,Sanjay Deshpande,7692259164,Female,Single,1196717,Upper-Middle,Software Engineer,Low,18,Hindi,RGN037
CUST003792,Geeta Malhotra,7301274690,Male,Married,90187,Low,Farmer,Medium,47,Hindi,RGN008
CUST003793,Priya Chaudhary,6763191986,Male,Married,343612,Middle,Real Estate Agent,Medium,29,Hindi,RGN015
CUST003794,Suresh Naik,7708553606,Male,Married,4209335,High,Doctor,Low,34,Hindi,RGN029
CUST003795,Varun Joshi,7230635673,Male,Married,2603714,High,Software Engineer,Low,28,Hindi,RGN009
CUST003796,Ananya Jadhav,8775694298,Female,Married,599022,Middle,Teacher,Low,34,Hindi,RGN005
CUST003797,Sanjay Balaji,8104003273,Male,Single,2938416,High,Business Owner,Medium,57,Hindi,RGN015
CUST003798,Geeta Kulkarni,6324827463,Male,Married,2398126,High,Software Engineer,Low,47,Hindi,RGN005
CUST003799,Anjali Shah,82356XXXXX,Female,Widowed,600265,Middle,Software Engineer,Low,48,Hindi,RGN030
CUST003800,Gaurav Bose,6380695862,Male,Single,1106067,Upper-Middle,Business Owner,Medium,21,Hindi,RGN002
CUST003801,Divya Reddy,6853111281,Male,Married,145950,Low,Farmer,Medium,24,Hindi,RGN038
CUST003802,Mohit Iyer,9790366663,Female,Single,636100,Middle,Teacher,Low,18,Hindi,RGN009
CUST003803,Geeta Mishra,9947281326,Female,Single,1970038,Upper-Middle,Pilot,High,28,Hindi,RGN026
CUST003804,Ravi Chaudhary,8984503379,Male,Married,208328,Low,Driver,High,49,Hindi,RGN009
CUST003805,Rekha Venkatesh,6294037535,Male,Married,1491400,Upper-Middle,Doctor,Low,44,Telugu,RGN020
CUST003806,Shruti Pandey,7132452756,Male,Married,1109274,Upper-Middle,Software Engineer,Low,35,Hindi,RGN014
CUST003807,Aditya Gupta,9195030568,Male,Married,1051277,Upper-Middle,Real Estate Agent,Medium,37,Hindi,RGN039
CUST003808,Vishal Naik,9807126524,Male,Single,92817,Low,Farmer,Medium,29,Hindi,RGN030
CUST003809,Shweta Dubey,8891852983,Male,Married,1236905,Upper-Middle,Software Engineer,Low,40,Tamil,RGN024
CUST003810,Kritika Chakraborty,7015149777,Female,Single,755564,Middle,Software Engineer,Low,47,Hindi,RGN050
CUST003811,Ravi Reddy,9491361657,Male,Divorced,301582,Middle,Teacher,Low,18,Telugu,RGN018
CUST003812,Nikhil Patel,9528226195,Male,Widowed,506307,Middle,Software Engineer,Low,41,Hindi,RGN028
CUST003813,Uday Hegde,8902948494,Female,Married,195784,Low,Front Desk Executive,Low,49,Hindi,RGN034
CUST003814,Ananya Srivastava,7457766138,Female,Married,149583,Low,Farmer,Medium,33,Tamil,RGN023
CUST003815,Sanjay Mishra,9550091595,Male,Married,1329979,Upper-Middle,Software Engineer,Low,46,Hindi,RGN004
CUST003816,Arjun Pillai,9783239593,Female,Divorced,1696885,Upper-Middle,Software Engineer,Low,65,Hindi,RGN039
CUST003817,Geeta Sharma,9019412706,Male,Single,1553311,Upper-Middle,Business Owner,Medium,36,Hindi,RGN009
CUST003818,Pradeep Krishnan,9185360878,Male,Married,201220,Low,Front Desk Executive,Low,42,Hindi,RGN027
CUST003819,Nikhil Singh,9528226195,Female,Married,678837,Middle,Real Estate Agent,Medium,29,Telugu,RGN018
CUST003820,Sunita Pandey,6120996676,Female,Widowed,219227,Low,Farmer,Medium,40,Hindi,RGN039
CUST003821,Anjali Balaji,7720373448,Female,Married,1500239,Upper-Middle,Software Engineer,Low,43,Hindi,RGN014
CUST003822,Arjun Desai,7656707190,Female,Divorced,1404528,Upper-Middle,Software Engineer,Low,40,Hindi,RGN016
CUST003823,Divya Hegde,8657439677,Male,Married,2936700,High,Software Engineer,Low,25,Hindi,RGN001
CUST003824,Rajesh Shetty,6546739316,Female,Married,1192350,Upper-Middle,Software Engineer,Low,40,Hindi,RGN033
CUST003825,Zara Kulkarni,8909546887,Male,Married,91441,Low,Driver,High,55,Hindi,RGN040
CUST003826,Aditya Dubey,7058868102,Female,Single,1376858,Upper-Middle,Business Owner,Medium,43,Hindi,RGN025
CUST003827,Santosh More,8312926625,Female,Married,3166651,High,Pilot,High,49,Hindi,RGN046
CUST003828,Akash Krishnan,8780095804,Female,Single,2299367,High,Business Owner,Medium,35,Hindi,RGN048
CUST003829,Shruti Srivastava,6146159700,Male,Married,2281590,High,Software Engineer,Low,46,Kannada,RGN021
CUST003830,Kritika Verma,6190073885,Female,Married,1098783,Upper-Middle,Software Engineer,Low,41,Hindi,RGN046
CUST003831,Vinod Srivastava,6040476921,Female,Married,550524,Middle,Software Engineer,Low,26,Hindi,RGN014
CUST003832,Vinod Shetty,7908941319,Female,Married,546106,Middle,Doctor,Low,41,Hindi,RGN002
CUST003833,Ravi Kapoor,8967183213,Male,Married,207448,Low,Driver,High,26,Hindi,RGN048
CUST003834,Tanvi Tiwari,6542842511,Male,Single,2511975,High,Software Engineer,Low,30,Hindi,RGN039
CUST003835,Sapna Joshi,6903594094,Female,Married,299082,Low,Teacher,Low,40,Hindi,RGN048
CUST003836,Deepak Nair,7941259799,Male,Married,944868,Upper-Middle,Software Engineer,Low,41,Hindi,RGN036
CUST003837,Vinod Chakraborty,6323887676,Male,Divorced,155451,Low,Front Desk Executive,Low,23,Hindi,RGN030
CUST003838,Aryan Venkatesh,9062895134,Male,Single,933208,Upper-Middle,Software Engineer,Low,50,Hindi,RGN014
CUST003839,Arjun Shah,6399783874,Male,Married,127924,Low,Front Desk Executive,Low,44,Telugu,RGN018
CUST003840,Zara Kulkarni,8308183632,Male,Married,1835910,Upper-Middle,Business Owner,Medium,29,Hindi,RGN034
CUST003841,Aarav Gupta,7970266382,Male,Single,2410076,High,Software Engineer,Low,19,Hindi,RGN045
CUST003842,Sanjay Reddy,6715481851,Male,Married,1006677,Upper-Middle,Software Engineer,Low,36,Tamil,RGN024
CUST003843,Nikhil Desai,7311786057,Male,Married,166406,Low,Farmer,Medium,32,Telugu,RGN020
CUST003844,Ravi Tiwari,9677192889,Male,Single,1350429,Upper-Middle,Real Estate Agent,Medium,39,Telugu,RGN017
CUST003845,Aditi Shetty,7030287574,Female,Married,264397,Low,Hardware Technician,Medium,33,Hindi,RGN010
CUST003846,Varun Agarwal,6589230360,Female,Divorced,4324361,High,Pilot,High,18,Hindi,RGN001
CUST003847,Pooja Rajan,9778719249,Male,Married,199048,Low,Driver,High,33,Hindi,RGN044
CUST003848,Bhavna Kapoor,9265571364,Female,Single,2053395,High,Business Owner,Medium,34,Hindi,RGN014
CUST003849,Uday Krishnan,9745145375,Male,Single,168508,Low,Driver,High,45,Telugu,RGN018
CUST003850,Shweta Joshi,7574488252,Male,Divorced,1786946,Upper-Middle,Software Engineer,Low,29,Hindi,RGN033
CUST003851,Santosh Singh,9990185111,Male,Married,279826,Low,Driver,High,58,Hindi,RGN035
CUST003852,Kavya Singh,8673385157,Other,Married,794605,Middle,Business Owner,Medium,18,Hindi,RGN030
CUST003853,Ravi Agarwal,9467050680,Male,Married,1119162,Upper-Middle,Software Engineer,Low,53,Hindi,RGN004
CUST003854,Vikram Shetty,7313246598,Male,Single,104388,Low,Driver,High,35,Hindi,RGN036
CUST003855,Lakshmi Iyer,7758603456,Male,Single,599954,Middle,Real Estate Agent,Medium,48,Tamil,RGN024
CUST003856,Tanvi Shetty,7338923495,Male,Married,1836665,Upper-Middle,Business Owner,Medium,38,Hindi,RGN002
CUST003857,Rajesh Rao,7457051557,Female,Married,1389052,Upper-Middle,Software Engineer,Low,51,Hindi,RGN038
CUST003858,Priya Rao,7638803242,Male,Married,2009776,High,Software Engineer,Low,33,Hindi,RGN045
CUST003859,Sanjay Hegde,9161862869,Male,Married,118041,Low,Hardware Technician,Medium,24,Hindi,RGN050
CUST003860,Vishal Dubey,9476237038,Female,Married,2018987,High,Software Engineer,Low,55,Hindi,RGN009
CUST003861,Aryan Das,8478726819,Male,Married,1786617,Upper-Middle,Doctor,Low,36,Oriya,RGN031
CUST003862,Sneha More,7192294123,Female,Married,338480,Middle,Teacher,Low,40,Telugu,RGN019
CUST003863,Nikhil Agarwal,7806253941,Female,Married,1491489,Upper-Middle,Software Engineer,Low,52,Tamil,RGN024
CUST003864,Zara Kumar,8455418925,Female,Married,224666,Low,Farmer,Medium,25,Hindi,RGN007
CUST003865,Suresh Pandey,7140035630,Male,Divorced,249383,Low,Driver,High,45,Hindi,RGN041
CUST003866,Geeta Krishnan,7282673549,Female,Married,132151,Low,Farmer,Medium,30,Hindi,RGN008
CUST003867,Anil Kapoor,6479865716,Male,Widowed,965474,Upper-Middle,Doctor,Low,36,Telugu,RGN017
CUST003868,Nikhil Chaudhary,9213250862,Female,Single,367557,Middle,Teacher,Low,38,Oriya,RGN032
CUST003869,Isha Verma,9856434760,Male,Married,2657213,High,Software Engineer,Low,19,Telugu,RGN019
CUST003870,Divya Tiwari,7309258728,Male,Married,133121,Low,Farmer,Medium,28,Hindi,RGN050
CUST003871,Sneha Shetty,8673631633,Male,Married,183825,Low,Teacher,Low,54,Hindi,RGN010
CUST003872,Ananya Kapoor,6846017262,Male,Married,254029,Low,Real Estate Agent,Medium,48,Hindi,RGN048
CUST003873,Kunal Rao,6336490847,Male,Married,1507874,Upper-Middle,Software Engineer,Low,37,Hindi,RGN025
CUST003874,Aditya Tripathi,8911634303,Male,Married,195078,Low,Teacher,Low,40,Hindi,RGN040
CUST003875,Divya Desai,6016636622,Male,Single,398066,Middle,Teacher,Low,34,Hindi,RGN040
CUST003876,Nandini Srivastava,6134348571,Other,Divorced,152259,Low,Driver,High,54,Hindi,RGN035
CUST003877,Nandini Das,9229511084,Male,Married,948673,Upper-Middle,Software Engineer,Low,35,Hindi,RGN006
CUST003878,Divya Iyer,9106600260,Male,Single,2092953,High,Business Owner,Medium,40,Hindi,RGN034
CUST003879,Meera Nair,8690174953,Female,Single,1495907,Upper-Middle,Software Engineer,Low,51,Hindi,RGN007
CUST003880,Bhavna Reddy,6624410667,Female,Married,2756340,High,Software Engineer,Low,28,Telugu,RGN019
CUST003881,Vikram Patil,8573216502,Male,Married,667827,Middle,Software Engineer,Low,56,Hindi,RGN025
CUST003882,Rohit Venkatesh,8238935440,Female,Married,1327855,Upper-Middle,Business Owner,Medium,19,Hindi,RGN001
CUST003883,Sunita Patil,9110729850,Male,Married,1766814,Upper-Middle,Business Owner,Medium,57,Tamil,RGN024
CUST003884,Vikram More,7305066714,Male,Married,175261,Low,Farmer,Medium,33,Hindi,RGN015
CUST003885,Tanvi Jadhav,8333171479,Male,Married,807877,Upper-Middle,Business Owner,Medium,35,Hindi,RGN030
CUST003886,Nikhil Subramanian,8541298249,Male,Single,1077447,Upper-Middle,Software Engineer,Low,18,Hindi,RGN004
CUST003887,Harsha Tiwari,7202881520,Female,Married,2611706,High,Software Engineer,Low,32,Telugu,RGN017
CUST003888,Santosh More,8217680126,Female,Married,558971,Middle,Teacher,Low,25,Hindi,RGN001
CUST003889,Vishal Nair,9250507324,Male,Single,128995,Low,Front Desk Executive,Low,30,Hindi,RGN044
CUST003890,Poonam Das,6394303250,Male,Married,340347,Middle,Driver,High,36,Hindi,RGN039
CUST003891,Rajesh Singh,7749623838,Male,Married,1570397,Upper-Middle,Business Owner,Medium,49,Kannada,RGN021
CUST003892,Mohit Iyer,8403765439,Female,Widowed,85886,Low,Farmer,Medium,40,Hindi,RGN035
CUST003893,Meera Nair,8285803308,Male,Married,409658,Middle,Teacher,Low,41,Oriya,RGN032
CUST003894,Sapna Tiwari,9414863290,Female,Married,2662019,High,Pilot,High,24,Hindi,RGN041
CUST003895,Sarika Agarwal,8050487159,Male,Widowed,1650219,Upper-Middle,Business Owner,Medium,27,Hindi,RGN010
CUST003896,Neha Desai,6518237721,Male,Divorced,1710024,Upper-Middle,Pilot,High,59,Hindi,RGN043
CUST003897,Kritika Iyer,6907444793,Male,Married,256651,Low,Farmer,Medium,29,Hindi,RGN045
CUST003898,Shweta Srivastava,6171740034,Female,Single,1577507,Upper-Middle,Software Engineer,Low,57,Kannada,RGN021
CUST003899,Gaurav Kumar,8688486573,Male,Single,1748266,Upper-Middle,Software Engineer,Low,35,Hindi,RGN016
CUST003900,Siddharth Joshi,8010558391,Male,Married,2280058,High,Doctor,Low,38,Kannada,RGN022
CUST003901,Amrita Singh,7660474120,Female,Single,510945,Middle,Real Estate Agent,Medium,50,Hindi,RGN046
CUST003902,Aditi Bose,6803689382,Male,Divorced,207831,Low,Driver,High,53,Telugu,RGN017
CUST003903,Varun Dubey,8289404393,Male,Married,1530250,Upper-Middle,Business Owner,Medium,36,Hindi,RGN015
CUST003904,Bhavna Shah,8160269577,Male,Widowed,313376,Middle,Front Desk Executive,Low,33,Hindi,RGN039
CUST003905,Suresh Chaudhary,8266848031,Male,Married,271730,Low,Teacher,Low,37,Hindi,RGN007
CUST003906,Priya Pillai,9367817524,Male,Single,71478,Low,Farmer,Medium,42,Hindi,RGN028
CUST003907,Sapna Pillai,6353764298,Male,Single,964263,Upper-Middle,Business Owner,Medium,48,Hindi,RGN050
CUST003908,Karan Shetty,7930395395,Male,Divorced,192003,Low,Hardware Technician,Medium,38,Hindi,RGN004
CUST003909,Poonam Naik,7608853298,Male,Widowed,295168,Low,Driver,High,45,Oriya,RGN031
CUST003910,Kunal Pillai,9340114997,Female,Married,1792350,Upper-Middle,Software Engineer,Low,57,Hindi,RGN046
CUST003911,Varun Srivastava,8754737704,Female,Married,2233264,High,Business Owner,Medium,42,Hindi,RGN026
CUST003912,Nikhil Jadhav,6967819456,Male,Married,2235398,High,Business Owner,Medium,41,Hindi,RGN008
CUST003913,Kunal Patil,8977396103,Male,Widowed,428044,Middle,Teacher,Low,19,Telugu,RGN019
CUST003914,Sunita Menon,8057368910,Female,Divorced,124044,Low,Driver,High,18,Hindi,RGN004
CUST003915,Zara Deshpande,6417569430,Female,Single,253295,Low,Driver,High,42,Hindi,RGN009
CUST003916,Kritika Pandey,9218877169,Male,Married,747141,Middle,Software Engineer,Low,36,Hindi,RGN048
CUST003917,Shweta Iyer,6658723634,Male,Married,3969918,High,Business Owner,Medium,31,Hindi,RGN013
CUST003918,Sandeep Kapoor,6104857867,Female,Married,466666,Middle,Software Engineer,Low,40,Oriya,RGN032
CUST003919,Sapna Shetty,6265728182,Male,Married,122363,Low,Front Desk Executive,Low,37,Hindi,RGN044
CUST003920,Vishal Kumar,6278988524,Male,Single,393931,Middle,Teacher,Low,51,Hindi,RGN006
CUST003921,Kavya Chakraborty,6960841585,Female,Married,1670494,Upper-Middle,Software Engineer,Low,39,Hindi,RGN036
CUST003922,Rohit Malhotra,8373043763,Female,Married,55384,Low,Farmer,Medium,29,Hindi,RGN034
CUST003923,Sunita Nair,6855967071,Female,Married,2579578,High,Software Engineer,Low,49,Telugu,RGN017
CUST003924,Vijay Rajan,9944814400,Female,Divorced,102265,Low,Farmer,Medium,35,Hindi,RGN014
CUST003925,Aditya Chaudhary,6407560231,Male,Widowed,1331625,Upper-Middle,Software Engineer,Low,44,Hindi,RGN040
CUST003926,Divya Tiwari,6640797296,Female,Single,1778364,Upper-Middle,Software Engineer,Low,32,Hindi,RGN049
CUST003927,Deepak Srivastava,7288542734,Male,Married,189814,Low,Teacher,Low,30,Hindi,RGN028
CUST003928,Shruti Pillai,8979925197,Female,Single,1701505,Upper-Middle,Software Engineer,Low,39,Hindi,RGN025
CUST003929,Geeta Shah,7665475878,Male,Married,809498,Upper-Middle,Software Engineer,Low,38,Hindi,RGN037
CUST003930,Zara Kumar,7710539259,Male,Married,2396792,High,Business Owner,Medium,43,Hindi,RGN025
CUST003931,Isha Gupta,6677185360,Male,Single,961919,Upper-Middle,Software Engineer,Low,34,Hindi,RGN010
CUST003932,Rahul Kumar,6743040256,Female,Married,1990917,Upper-Middle,Software Engineer,Low,18,Hindi,RGN011
CUST003933,Neha Malhotra,6041316677,Male,Single,2527322,High,Software Engineer,Low,32,Hindi,RGN045
CUST003934,Uday Pillai,8270712797,Male,Married,630220,Middle,Software Engineer,Low,47,Hindi,RGN030
CUST003935,Siddharth Hegde,6763506427,Female,Married,420531,Middle,Software Engineer,Low,34,Hindi,RGN044
CUST003936,Ramesh Naik,7990438817,Female,Married,658669,Middle,Real Estate Agent,Medium,35,Hindi,RGN001
CUST003937,Rekha Hegde,9762270254,Male,Single,227934,Low,Front Desk Executive,Low,49,Hindi,RGN007
CUST003938,Rohit Patel,7163915846,Female,Divorced,730932,Middle,Real Estate Agent,Medium,29,Hindi,RGN014
CUST003939,Vikram Nair,8725604678,Male,Single,1209240,Upper-Middle,Business Owner,Medium,19,Hindi,RGN048
CUST003940,Meera Rajan,7036906155,Female,Married,2918904,High,Doctor,Low,36,Hindi,RGN028
CUST003941,Vinod Nair,6261340973,Female,Married,480001,Middle,Real Estate Agent,Medium,32,Hindi,RGN047
CUST003942,Poonam Sharma,6220667665,Female,Divorced,1339788,Upper-Middle,Software Engineer,Low,26,Hindi,RGN026
CUST003943,Deepa Srivastava,8053242169,Male,Divorced,221754,Low,Driver,High,35,Hindi,RGN004
CUST003944,Karan Shetty,8353286178,Male,Divorced,538607,Middle,Business Owner,Medium,43,Hindi,RGN034
CUST003945,Geeta Singh,6581380573,Female,Married,2641057,High,Pilot,High,37,Hindi,RGN028
CUST003946,Zara Mishra,7136788645,Female,Single,1202445,Upper-Middle,Business Owner,Medium,41,Hindi,RGN014
CUST003947,Nikhil Naik,7175049988,Male,Married,1741059,Upper-Middle,Software Engineer,Low,59,Oriya,RGN032
CUST003948,Shweta Balaji,8570529508,Male,Married,895455,Upper-Middle,Software Engineer,Low,33,Hindi,RGN034
CUST003949,Kavya Naik,9874412359,Male,Married,550375,Middle,Software Engineer,Low,41,Tamil,RGN024
CUST003950,Shweta Joshi,9258692635,Male,Widowed,1109905,Upper-Middle,Real Estate Agent,Medium,31,Hindi,RGN049
CUST003951,Varun More,9006255151,Male,Single,1223100,Upper-Middle,Real Estate Agent,Medium,27,Kannada,RGN021
CUST003952,Ramesh Naik,9975193784,Male,Single,987683,Upper-Middle,Software Engineer,Low,30,Hindi,RGN036
CUST003953,Sandeep Hegde,8312734458,Female,Married,487862,Middle,Teacher,Low,32,Oriya,RGN031
CUST003954,Lakshmi Deshpande,6197621346,Male,Single,1168741,Upper-Middle,Doctor,Low,42,Oriya,RGN031
CUST003955,Rahul Kulkarni,6646152653,Male,Married,2048846,High,Software Engineer,Low,65,Telugu,RGN019
CUST003956,Vinod Rajan,72247XXXXX,Male,Married,466572,Middle,Software Engineer,Low,29,Hindi,RGN040
CUST003957,Zara Tiwari,8812971988,Male,Single,664592,Middle,Business Owner,Medium,33,Hindi,RGN009
CUST003958,Nikhil Malhotra,8089437481,Female,Single,3372543,High,Doctor,Low,37,Hindi,RGN011
CUST003959,Pooja Shah,7681793008,Female,Married,1449003,Upper-Middle,Doctor,Low,42,Hindi,RGN025
CUST003960,Nandini Joshi,6588990580,Female,Married,284756,Low,Front Desk Executive,Low,41,Hindi,RGN027
CUST003961,Karan Shetty,6403340508,Male,Married,720972,Middle,Software Engineer,Low,53,Hindi,RGN028
CUST003962,Vishal Deshpande,6056358699,Male,Married,2241622,High,Business Owner,Medium,18,Hindi,RGN010
CUST003963,Rohit Jadhav,6213116694,Male,Married,398161,Middle,Driver,High,18,Hindi,RGN047
CUST003964,Nandini Venkatesh,90212XXXXX,Female,Married,285088,Low,Farmer,Medium,32,Hindi,RGN009
CUST003965,Vijay Patel,7812598362,Male,Married,1481088,Upper-Middle,Software Engineer,Low,51,Oriya,RGN031
CUST003966,Mohit Singh,6749884959,Female,Married,2982922,High,Software Engineer,Low,19,Telugu,RGN019
CUST003967,Meera Das,6260920331,Male,Married,169711,Low,Farmer,Medium,18,Hindi,RGN027
CUST003968,Meera Srivastava,8656571665,Female,Married,157705,Low,Teacher,Low,44,Hindi,RGN050
CUST003969,Sapna Mehta,9813049950,Male,Married,241520,Low,Driver,High,40,Hindi,RGN041
CUST003970,Mohit Malhotra,8389641645,Male,Married,193750,Low,Teacher,Low,24,Hindi,RGN042
CUST003971,Arjun Chakraborty,6862953223,Female,Single,498216,Middle,Doctor,Low,26,Hindi,RGN036
CUST003972,Aarav Krishnan,6724876412,Male,Married,156889,Low,Driver,High,26,Hindi,RGN039
CUST003973,Amrita Mehta,9139557458,Female,Single,1181694,Upper-Middle,Business Owner,Medium,39,Hindi,RGN050
CUST003974,Neha Bose,9180583934,Female,Single,633581,Middle,Software Engineer,Low,30,Hindi,RGN041
CUST003975,Neha Pillai,6835442788,Male,Married,112869,Low,Front Desk Executive,Low,43,Hindi,RGN008
CUST003976,Harsha Balaji,8988192069,Male,Single,1316037,Upper-Middle,Business Owner,Medium,18,Hindi,RGN014
CUST003977,Amrita Patil,9569325962,Male,Married,192658,Low,Farmer,Medium,27,Kannada,RGN021
CUST003978,Ramesh Deshpande,9622368312,Female,Married,2234124,High,Software Engineer,Low,24,Oriya,RGN031
CUST003979,Neha Patil,9521353175,Female,Married,258725,Low,Hardware Technician,Medium,34,Telugu,RGN019
CUST003980,Ananya Srivastava,8780228017,Female,Married,248995,Low,Teacher,Low,31,Hindi,RGN012
CUST003981,Gaurav Nair,9106294502,Female,Married,599855,Middle,Real Estate Agent,Medium,47,Hindi,RGN016
CUST003982,Meera Balaji,9944735341,Male,Married,1163484,Upper-Middle,Software Engineer,Low,18,Tamil,RGN023
CUST003983,Sandeep Kulkarni,8391032318,Male,Married,260653,Low,Hardware Technician,Medium,38,Hindi,RGN001
CUST003984,Geeta Joshi,9679066747,Female,Single,2321147,High,Business Owner,Medium,44,Hindi,RGN049
CUST003985,Pradeep Das,9201104083,Male,Married,3615179,High,Doctor,Low,60,Hindi,RGN045
CUST003986,Shweta Kapoor,8378260187,Female,Married,220267,Low,Driver,High,32,Hindi,RGN006
CUST003987,Geeta Verma,9795334225,Male,Single,1218981,Upper-Middle,Business Owner,Medium,41,Hindi,RGN016
CUST003988,Geeta More,7939224257,Female,Married,1481664,Upper-Middle,Software Engineer,Low,18,Hindi,RGN042
CUST003989,Manoj Iyer,9727745750,Female,Single,441018,Middle,Teacher,Low,18,Hindi,RGN039
CUST003990,Sunita Kulkarni,7188521148,Male,Married,1624348,Upper-Middle,Software Engineer,Low,48,Hindi,RGN015
CUST003991,Lakshmi Mishra,8603638396,Male,Married,427629,Middle,Business Owner,Medium,37,Kannada,RGN021
CUST003992,Meera Naik,9884204759,Male,Single,153545,Low,Driver,High,52,Hindi,RGN001
CUST003993,Isha Patel,7589477069,Female,Married,1472394,Upper-Middle,Doctor,Low,21,Hindi,RGN001
CUST003994,Isha Rao,7928532025,Female,Single,202390,Low,Farmer,Medium,44,Hindi,RGN009
CUST003995,Kunal Tripathi,8616794677,Male,Widowed,375663,Middle,Teacher,Low,60,Hindi,RGN016
CUST003996,Aditya Kulkarni,6898636139,Male,Married,1041598,Upper-Middle,Business Owner,Medium,43,Hindi,RGN040
CUST003997,Aarav Shetty,8945921185,Male,Married,1068807,Upper-Middle,Software Engineer,Low,41,Hindi,RGN042
CUST003998,Sandeep Tiwari,9235019473,Male,Married,3683671,High,Business Owner,Medium,38,Hindi,RGN025
CUST003999,Karan Pillai,9796263896,Male,Married,258632,Low,Real Estate Agent,Medium,19,Tamil,RGN024
CUST004000,Aditya Desai,8499779178,Male,Married,2350939,High,Software Engineer,Low,54,Hindi,RGN041
CUST004001,Sneha Tripathi,7200810014,Female,Divorced,2730539,High,Doctor,Low,30,Hindi,RGN037
CUST004002,Mohit Saxena,7866906251,Male,Divorced,1772967,Upper-Middle,Software Engineer,Low,44,Hindi,RGN030
CUST004003,Sanjay Kumar,8759514909,Male,Married,158831,Low,Farmer,Medium,19,Hindi,RGN007
CUST004004,Rohit Subramanian,9710800458,Female,Single,442165,Middle,Teacher,Low,23,Hindi,RGN043
CUST004005,Deepa Deshpande,9242274966,Male,Married,948378,Upper-Middle,Business Owner,Medium,55,Hindi,RGN027
CUST004006,Ravi More,8294830517,Male,Married,2313193,High,Doctor,Low,33,Telugu,RGN018
CUST004007,Rahul Sharma,6972512343,Male,Single,602304,Middle,Teacher,Low,55,Hindi,RGN013
CUST004008,Vijay Singh,7536757777,Male,Married,294239,Low,Farmer,Medium,37,Kannada,RGN021
CUST004009,Aditya Reddy,7426587503,Female,Married,1696548,Upper-Middle,Software Engineer,Low,18,Hindi,RGN007
CUST004010,Swati Patel,6049791407,Female,Married,337933,Middle,Teacher,Low,48,Hindi,RGN049
CUST004011,Neha Malhotra,9128061990,Male,Married,157098,Low,Farmer,Medium,30,Hindi,RGN030
CUST004012,Rohit Sharma,9466697472,Female,Divorced,418384,Middle,Teacher,Low,46,Hindi,RGN042
CUST004013,Sunil Chaudhary,6712435668,Male,Single,236244,Low,Teacher,Low,38,Hindi,RGN008
CUST004014,Siddharth Tiwari,7032536952,Male,Single,148681,Low,Driver,High,19,Hindi,RGN010
CUST004015,Swati Gupta,8587673507,Male,Married,785393,Middle,Software Engineer,Low,39,Hindi,RGN011
CUST004016,Sapna Dubey,6072839476,Male,Married,122650,Low,Driver,High,64,Hindi,RGN028
CUST004017,Sanjay Iyer,8612614993,Male,Married,328157,Middle,Driver,High,43,Hindi,RGN035
CUST004018,Swati Chakraborty,9319627564,Male,Married,465071,Middle,Hardware Technician,Medium,37,Hindi,RGN035
CUST004019,Gaurav More,8390951956,Female,Married,458834,Middle,Teacher,Low,50,Hindi,RGN029
CUST004020,Rahul Tripathi,9300636210,Female,Married,332397,Middle,Front Desk Executive,Low,40,Telugu,RGN017
CUST004021,Mohit Nair,8164078704,Female,Married,1668580,Upper-Middle,Software Engineer,Low,40,Hindi,RGN006
CUST004022,Sandeep Deshpande,6135373965,Female,Married,310424,Middle,Driver,High,24,Hindi,RGN005
CUST004023,Nikhil Malhotra,7729598677,Male,Married,1662465,Upper-Middle,Software Engineer,Low,40,Telugu,RGN020
CUST004024,Vikram Kapoor,90554XXXXX,Male,Married,1325878,Upper-Middle,Software Engineer,Low,50,Hindi,RGN041
CUST004025,Vinod Menon,6299699154,Male,Married,308699,Middle,Front Desk Executive,Low,27,Hindi,RGN043
CUST004026,Priya Kulkarni,7700293313,Male,Married,2354351,High,Business Owner,Medium,55,Hindi,RGN034
CUST004027,Suresh Reddy,7689374602,Female,Married,224809,Low,Hardware Technician,Medium,36,Kannada,RGN022
CUST004028,Karan Bose,6368841577,Female,Single,258468,Low,Driver,High,27,Hindi,RGN007
CUST004029,Santosh Deshpande,6291842519,Female,Married,2750553,High,Software Engineer,Low,49,Hindi,RGN005
CUST004030,Vijay Chakraborty,8617655892,Male,Single,903955,Upper-Middle,Real Estate Agent,Medium,34,Hindi,RGN035
CUST004031,Poonam Kapoor,7355285870,Male,Divorced,669990,Middle,Software Engineer,Low,47,Hindi,RGN010
CUST004032,Rajesh Venkatesh,9302282933,Female,Married,2636856,High,Business Owner,Medium,34,Hindi,RGN043
CUST004033,Sunil Rao,8287897153,Female,Divorced,1253613,Upper-Middle,Software Engineer,Low,37,Hindi,RGN016
CUST004034,Deepak Venkatesh,8964726847,Male,Married,1222138,Upper-Middle,Software Engineer,Low,43,Oriya,RGN031
CUST004035,Kunal Hegde,8645507283,Male,Divorced,1129483,Upper-Middle,Business Owner,Medium,41,Hindi,RGN016
CUST004036,Amrita Pandey,6018508808,Female,Married,609865,Middle,Software Engineer,Low,18,Hindi,RGN042
CUST004037,Divya Saxena,9564505810,Male,Married,772935,Middle,Software Engineer,Low,24,Oriya,RGN031
CUST004038,Meera Desai,8801088679,Male,Married,1854015,Upper-Middle,Doctor,Low,49,Kannada,RGN021
CUST004039,Sarika Dubey,9447619378,Male,Married,2804751,High,Software Engineer,Low,36,Hindi,RGN041
CUST004040,Sunita Subramanian,9636465333,Male,Married,259981,Low,Teacher,Low,31,Hindi,RGN046
CUST004041,Kunal Menon,8774963379,Female,Single,1642844,Upper-Middle,Software Engineer,Low,21,Hindi,RGN028
CUST004042,Divya Menon,7262819150,Female,Married,246873,Low,Hardware Technician,Medium,25,Hindi,RGN035
CUST004043,Akash Shah,7374387345,Male,Married,305514,Middle,Front Desk Executive,Low,18,Hindi,RGN039
CUST004044,Shruti Gowda,6521940504,Male,Widowed,224973,Low,Driver,High,36,Hindi,RGN003
CUST004045,Sarika Mishra,9260979629,Female,Married,878728,Upper-Middle,Business Owner,Medium,30,Hindi,RGN045
CUST004046,Arjun Verma,6459773660,Female,Married,126685,Low,Hardware Technician,Medium,26,Hindi,RGN026
CUST004047,Sapna Iyer,8919817473,Other,Single,629573,Middle,Real Estate Agent,Medium,37,Hindi,RGN002
CUST004048,Sapna Kumar,9653978858,Female,Divorced,791290,Middle,Real Estate Agent,Medium,42,Telugu,RGN020
CUST004049,Akash Tiwari,9489557131,Female,Married,202900,Low,Front Desk Executive,Low,63,Telugu,RGN020
CUST004050,Yash Srivastava,8449616395,Female,Married,161217,Low,Farmer,Medium,19,Hindi,RGN035
CUST004051,Bhavna Kulkarni,7574777437,Male,Single,878125,Upper-Middle,Real Estate Agent,Medium,51,Hindi,RGN042
CUST004052,Sunita Kapoor,7123848775,Female,Married,765295,Middle,Business Owner,Medium,49,Hindi,RGN025
CUST004053,Prakash Dubey,9191898755,Female,Married,1706911,Upper-Middle,Software Engineer,Low,28,Tamil,RGN023
CUST004054,Sapna Gupta,9983229000,Female,Single,359820,Middle,Hardware Technician,Medium,40,Hindi,RGN007
CUST004055,Rajesh Naik,8905451736,Female,Married,313252,Middle,Real Estate Agent,Medium,32,Hindi,RGN013
CUST004056,Yash Kumar,8854059193,Female,Married,250832,Low,Hardware Technician,Medium,40,Telugu,RGN017
CUST004057,Poonam Desai,8424627123,Male,Single,152378,Low,Driver,High,56,Telugu,RGN017
CUST004058,Ramesh Srivastava,7306533535,Male,Married,1504190,Upper-Middle,Software Engineer,Low,45,Tamil,RGN024
CUST004059,Aditya Agarwal,9598096282,Male,Single,2817753,High,Software Engineer,Low,44,Hindi,RGN043
CUST004060,Ravi Gupta,6960878757,Male,Married,145616,Low,Driver,High,32,Hindi,RGN046
CUST004061,Isha Desai,7737630977,Female,Single,2352734,High,Software Engineer,Low,20,Hindi,RGN041
CUST004062,Sapna Rao,7983666097,Female,Married,437147,Middle,Hardware Technician,Medium,35,Hindi,RGN033
CUST004063,Pradeep Krishnan,9855004450,Male,Married,2782496,High,Software Engineer,Low,52,Hindi,RGN037
CUST004064,Meera Gupta,9296290107,Female,Married,2320592,High,Business Owner,Medium,19,Hindi,RGN039
CUST004065,Mohit Kumar,7226527825,Male,Married,528952,Middle,Teacher,Low,25,Hindi,RGN007
CUST004066,Vikram Tripathi,8630594156,Female,Widowed,1358251,Upper-Middle,Software Engineer,Low,39,Hindi,RGN046
CUST004067,Ravi Menon,9117753987,Female,Married,266199,Low,Driver,High,26,Hindi,RGN039
CUST004068,Anjali Naik,7458198708,Female,Single,1744841,Upper-Middle,Software Engineer,Low,28,Hindi,RGN016
CUST004069,Suresh Desai,8075538053,Female,Single,2228224,High,Doctor,Low,32,Telugu,RGN018
CUST004070,Aarav Verma,9597268395,Male,Married,1196365,Upper-Middle,Real Estate Agent,Medium,21,Hindi,RGN013
CUST004071,Nikhil Saxena,6705130696,Male,Single,2323558,High,Business Owner,Medium,26,Hindi,RGN044
CUST004072,Meera Pandey,9212815683,Female,Married,181102,Low,Teacher,Low,46,Hindi,RGN038
CUST004073,Sandeep Gupta,7845960945,Male,Married,126990,Low,Farmer,Medium,22,Hindi,RGN026
CUST004074,Deepa Verma,7149241371,Male,Married,1073759,Upper-Middle,Software Engineer,Low,18,Hindi,RGN004
CUST004075,Rekha Gowda,9306390858,Male,Married,2755147,High,Doctor,Low,30,Hindi,RGN014
CUST004076,Sneha Subramanian,7068483681,Female,Married,2870358,High,Doctor,Low,46,Hindi,RGN046
CUST004077,Manoj Gowda,9723866560,Female,Married,199952,Low,Driver,High,35,Hindi,RGN038
CUST004078,Aarav Das,9775595735,Male,Married,270373,Low,Teacher,Low,32,Hindi,RGN035
CUST004079,Shruti Nair,8105772504,Female,Widowed,301374,Middle,Front Desk Executive,Low,38,Hindi,RGN033
CUST004080,Tanvi Krishnan,6258988108,Male,Divorced,1177336,Upper-Middle,Software Engineer,Low,18,Oriya,RGN032
CUST004081,Akash Shah,8587235784,Female,Married,127226,Low,Hardware Technician,Medium,43,Hindi,RGN036
CUST004082,Ananya Desai,8720802410,Female,Single,2309305,High,Business Owner,Medium,42,Hindi,RGN029
CUST004083,Pradeep Bose,8150749316,Female,Married,121638,Low,Farmer,Medium,33,Hindi,RGN046
CUST004084,Mohit Mehta,9081611556,Male,Married,1001291,Upper-Middle,Software Engineer,Low,50,Hindi,RGN034
CUST004085,Anil Balaji,9134047500,Female,Married,131808,Low,Farmer,Medium,24,Hindi,RGN030
CUST004086,Aditya Chakraborty,6458408922,Female,Married,198714,Low,Driver,High,51,Hindi,RGN039
CUST004087,Swati Pillai,9069906494,Female,Single,1412566,Upper-Middle,Software Engineer,Low,39,Hindi,RGN048
CUST004088,Rahul Agarwal,7565803638,Female,Married,505873,Middle,Real Estate Agent,Medium,33,Tamil,RGN023
CUST004089,Kavya Malhotra,7647224558,Male,Single,2276822,High,Software Engineer,Low,37,Hindi,RGN033
CUST004090,Deepa Desai,6708335142,Female,Single,150895,Low,Driver,High,36,Hindi,RGN010
CUST004091,Neha Joshi,8496639000,Female,Single,1669296,Upper-Middle,Software Engineer,Low,52,Telugu,RGN018
CUST004092,Karan Dubey,8539804886,Female,Married,1416521,Upper-Middle,Software Engineer,Low,25,Hindi,RGN005
CUST004093,Pradeep Hegde,9251409617,Female,Married,1055704,Upper-Middle,Doctor,Low,28,Hindi,RGN047
CUST004094,Sapna Bose,6998731709,Male,Divorced,212875,Low,Front Desk Executive,Low,50,Hindi,RGN029
CUST004095,Gaurav Pandey,6668813038,Male,Married,204276,Low,Teacher,Low,30,Hindi,RGN002
CUST004096,Aditya Dubey,8691281501,Male,Single,2867083,High,Software Engineer,Low,48,Hindi,RGN043
CUST004097,Kavya Hegde,9454662573,Female,Married,181776,Low,Front Desk Executive,Low,58,Hindi,RGN009
CUST004098,Isha Kulkarni,6253612769,Male,Single,3339975,High,Business Owner,Medium,33,Hindi,RGN043
CUST004099,Shweta Desai,9622957947,Female,Widowed,1600579,Upper-Middle,Software Engineer,Low,46,Hindi,RGN044
CUST004100,Santosh Malhotra,8508098971,Male,Single,762058,Middle,Real Estate Agent,Medium,24,Kannada,RGN022
CUST004101,Karan Joshi,9331571604,Female,Married,150336,Low,Teacher,Low,47,Hindi,RGN036
CUST004102,Sunil Kulkarni,7614471650,Male,Married,2096371,High,Doctor,Low,40,Hindi,RGN049
CUST004103,Yash Kulkarni,8415264458,Female,Single,276086,Low,Teacher,Low,43,Tamil,RGN024
CUST004104,Vinod Gowda,7969454191,Male,Married,2772896,High,Software Engineer,Low,30,Hindi,RGN001
CUST004105,Tanvi Nair,7780498762,Female,Single,3322409,High,Business Owner,Medium,18,Hindi,RGN041
CUST004106,Vinod Deshpande,6938373965,Female,Single,78250,Low,Farmer,Medium,44,Tamil,RGN024
CUST004107,Neha Rao,7427607414,Female,Divorced,1656994,Upper-Middle,Software Engineer,Low,18,Hindi,RGN030
CUST004108,Anil Patil,9440261353,Male,Married,559636,Middle,Software Engineer,Low,34,Hindi,RGN048
CUST004109,Vikram Subramanian,8255561832,Male,Single,223527,Low,Teacher,Low,49,Hindi,RGN006
CUST004110,Swati Nair,9213841551,Male,Divorced,268681,Low,Teacher,Low,40,Telugu,RGN019
CUST004111,Sunita Patil,6954252750,Female,Married,1121480,Upper-Middle,Software Engineer,Low,61,Telugu,RGN019
CUST004112,Meera Reddy,8688084820,Male,Married,1196273,Upper-Middle,Software Engineer,Low,50,Hindi,RGN050
CUST004113,Anil Dubey,9271263340,Male,Married,1725159,Upper-Middle,Software Engineer,Low,30,Hindi,RGN028
CUST004114,Santosh Nair,7937813267,Female,Divorced,516576,Middle,Teacher,Low,38,Hindi,RGN045
CUST004115,Vikram Deshpande,7733262776,Female,Single,612657,Middle,Software Engineer,Low,37,Hindi,RGN007
CUST004116,Yash Chakraborty,9469588194,Female,Single,163096,Low,Teacher,Low,19,Telugu,RGN018
CUST004117,Kavya Sharma,9877492944,Male,Married,3013312,High,Business Owner,Medium,26,Hindi,RGN025
CUST004118,Deepak Agarwal,7136757266,Male,Married,2450863,High,Software Engineer,Low,31,Hindi,RGN013
CUST004119,Zara Verma,8905366783,Female,Married,348352,Middle,Front Desk Executive,Low,18,Hindi,RGN007
CUST004120,Mohit Kapoor,7031613177,Female,Married,1149789,Upper-Middle,Software Engineer,Low,38,Kannada,RGN021
CUST004121,Ramesh Chaudhary,6534038833,Female,Married,1445283,Upper-Middle,Real Estate Agent,Medium,35,Hindi,RGN049
CUST004122,Sanjay Shah,7151801664,Female,Married,2293814,High,Business Owner,Medium,18,Hindi,RGN006
CUST004123,Poonam Dubey,6236280193,Male,Married,286652,Low,Teacher,Low,42,Hindi,RGN026
CUST004124,Neha Naik,8311543978,Female,Married,612070,Middle,Teacher,Low,46,Hindi,RGN029
CUST004125,Karan Rao,6573415910,Female,Single,2165971,High,Software Engineer,Low,40,Hindi,RGN007
CUST004126,Prakash Menon,9608623650,Female,Married,98129,Low,Farmer,Medium,34,Hindi,RGN037
CUST004127,Vikram Nair,9996489971,Male,Single,2565784,High,Doctor,Low,45,Telugu,RGN017
CUST004128,Akash Reddy,7251826135,Male,Married,2164042,High,Business Owner,Medium,46,Hindi,RGN050
CUST004129,Aarav Patel,6621084015,Female,Married,383907,Middle,Software Engineer,Low,41,Hindi,RGN028
CUST004130,Anil Deshpande,9997062981,Female,Married,516912,Middle,Business Owner,Medium,28,Hindi,RGN038
CUST004131,Pradeep Mehta,6997526866,Female,Married,151543,Low,Farmer,Medium,41,Hindi,RGN049
CUST004132,Ravi Singh,8083681682,Male,Married,1978114,Upper-Middle,Software Engineer,Low,52,Hindi,RGN035
CUST004133,Harsha Desai,6407373087,Female,Married,2863408,High,Software Engineer,Low,30,Tamil,RGN023
CUST004134,Neha Tiwari,6439039092,Male,Married,93089,Low,Farmer,Medium,63,Hindi,RGN039
CUST004135,Suresh Balaji,6056260702,Female,Single,270478,Low,Farmer,Medium,31,Telugu,RGN019
CUST004136,Divya Krishnan,8748579888,Male,Divorced,644549,Middle,Teacher,Low,38,Hindi,RGN003
CUST004137,Pooja Chakraborty,7132738152,Male,Married,530270,Middle,Teacher,Low,29,Hindi,RGN029
CUST004138,Shweta Reddy,7932297254,Female,Married,216187,Low,Driver,High,40,Hindi,RGN040
CUST004139,Aarav Agarwal,6149384754,Female,Married,65961,Low,Farmer,Medium,18,Hindi,RGN042
CUST004140,Sapna Nair,7188645947,Female,Married,1291919,Upper-Middle,Software Engineer,Low,31,Oriya,RGN032
CUST004141,Sarika Krishnan,6079246366,Male,Married,306146,Middle,Front Desk Executive,Low,24,Hindi,RGN011
CUST004142,Ananya More,7755504583,Female,Married,308661,Middle,Teacher,Low,39,Hindi,RGN029
CUST004143,Anil Pillai,9500770990,Male,Widowed,686876,Middle,Teacher,Low,49,Hindi,RGN001
CUST004144,Isha Menon,7172113598,Male,Married,129592,Low,Farmer,Medium,45,Kannada,RGN022
CUST004145,Zara Verma,6433315696,Female,Married,2216183,High,Doctor,Low,18,Tamil,RGN024
CUST004146,Zara Naik,8010146019,Male,Married,187006,Low,Driver,High,62,Hindi,RGN047
CUST004147,Amrita Nair,7352062260,Female,Married,3333038,High,Doctor,Low,41,Hindi,RGN005
CUST004148,Ramesh Patel,7164266331,Male,Married,1598601,Upper-Middle,Software Engineer,Low,28,Hindi,RGN048
CUST004149,Aditi Kumar,9140823101,Male,Married,2200803,High,Software Engineer,Low,39,Oriya,RGN031
CUST004150,Aditi Subramanian,9171994574,Male,Married,819544,Upper-Middle,Business Owner,Medium,40,Hindi,RGN043
CUST004151,Vinod Rajan,6519950819,Male,Married,2101669,High,Software Engineer,Low,29,Hindi,RGN033
CUST004152,Pradeep Balaji,6056735263,Male,Divorced,2223037,High,Software Engineer,Low,40,Hindi,RGN033
CUST004153,Mohit Das,8951763524,Female,Single,999226,Upper-Middle,Business Owner,Medium,30,Hindi,RGN030
CUST004154,Anil Reddy,6302286710,Female,Married,189354,Low,Teacher,Low,33,Oriya,RGN032
CUST004155,Ramesh Kapoor,9656024923,Female,Married,692062,Middle,Software Engineer,Low,29,Hindi,RGN033
CUST004156,Prakash Desai,8777414905,Male,Married,712646,Middle,Business Owner,Medium,20,Hindi,RGN050
CUST004157,Swati Malhotra,9175322799,Male,Married,145273,Low,Hardware Technician,Medium,39,Hindi,RGN034
CUST004158,Pooja Patel,9526158789,Female,Married,624228,Middle,Software Engineer,Low,45,Hindi,RGN027
CUST004159,Anil Gowda,6683171511,Female,Married,381705,Middle,Teacher,Low,44,Hindi,RGN001
CUST004160,Swati Naik,6424124845,Male,Divorced,1367905,Upper-Middle,Software Engineer,Low,47,Hindi,RGN002
CUST004161,Mohit Jadhav,8673137174,Male,Married,200569,Low,Hardware Technician,Medium,41,Hindi,RGN001
CUST004162,Nandini Saxena,6906695450,Male,Widowed,1620748,Upper-Middle,Software Engineer,Low,31,Hindi,RGN038
CUST004163,Rajesh Mishra,8703401176,Female,Married,318055,Middle,Front Desk Executive,Low,48,Hindi,RGN047
CUST004164,Pooja Iyer,6706130112,Male,Married,939774,Upper-Middle,Business Owner,Medium,21,Hindi,RGN002
CUST004165,Mohit Agarwal,9383181720,Female,Married,255766,Low,Farmer,Medium,27,Hindi,RGN011
CUST004166,Sanjay Iyer,7579656400,Male,Married,548811,Middle,Teacher,Low,26,Kannada,RGN021
CUST004167,Kunal Desai,6915426078,Female,Divorced,122207,Low,Driver,High,50,Hindi,RGN002
CUST004168,Geeta Rajan,7411643424,Male,Married,628238,Middle,Software Engineer,Low,49,Hindi,RGN037
CUST004169,Vijay Shetty,6147546624,Female,Married,3288790,High,Business Owner,Medium,43,Hindi,RGN013
CUST004170,Uday Reddy,7230642116,Female,Married,1473640,Upper-Middle,Doctor,Low,50,Hindi,RGN002
CUST004171,Aarav Kulkarni,8603895159,Male,Single,221229,Low,Front Desk Executive,Low,27,Hindi,RGN039
CUST004172,Shweta Saxena,7346652174,Female,Single,637778,Middle,Business Owner,Medium,42,Hindi,RGN027
CUST004173,Anil Shah,9453316495,Male,Married,845237,Upper-Middle,Real Estate Agent,Medium,36,Hindi,RGN006
CUST004174,Kavya Pandey,6605411371,Male,Divorced,2044712,High,Software Engineer,Low,48,Telugu,RGN017
CUST004175,Santosh Gupta,7463107890,Male,Married,284243,Low,Front Desk Executive,Low,36,Hindi,RGN033
CUST004176,Anjali Reddy,9869576018,Male,Single,663970,Middle,Software Engineer,Low,33,Hindi,RGN026
CUST004177,Deepak Agarwal,7041544747,Male,Single,551720,Middle,Real Estate Agent,Medium,44,Hindi,RGN029
CUST004178,Rahul Tiwari,7343597369,Female,Single,2458326,High,Software Engineer,Low,48,Hindi,RGN047
CUST004179,Anjali Pandey,9016852531,Male,Widowed,2549457,High,Software Engineer,Low,29,Hindi,RGN007
CUST004180,Vijay Patel,9504093701,Male,Married,239628,Low,Teacher,Low,37,Oriya,RGN032
CUST004181,Sapna Tiwari,6859689740,Male,Single,226210,Low,Driver,High,25,Kannada,RGN021
CUST004182,Suresh Pandey,8290550957,Male,Married,374214,Middle,Driver,High,18,Hindi,RGN037
CUST004183,Aryan Iyer,7818472668,Female,Married,152311,Low,Farmer,Medium,40,Hindi,RGN040
CUST004184,Geeta Venkatesh,6639924161,Male,Married,175992,Low,Front Desk Executive,Low,45,Hindi,RGN028
CUST004185,Sapna Balaji,6954062789,Female,Married,900940,Upper-Middle,Software Engineer,Low,41,Hindi,RGN046
CUST004186,Kunal Agarwal,6880683112,Male,Married,286932,Low,Driver,High,18,Telugu,RGN017
CUST004187,Swati Mehta,6795928223,Male,Married,1412566,Upper-Middle,Business Owner,Medium,33,Hindi,RGN008
CUST004188,Priya Bose,7125677250,Female,Married,287551,Low,Farmer,Medium,18,Hindi,RGN007
CUST004189,Ramesh Desai,7856162714,Female,Single,120518,Low,Driver,High,54,Hindi,RGN038
CUST004190,Aditi Iyer,6342773235,Female,Single,1271547,Upper-Middle,Software Engineer,Low,24,Oriya,RGN032
CUST004191,Deepak Malhotra,9374214209,Male,Single,273745,Low,Hardware Technician,Medium,53,Tamil,RGN023
CUST004192,Akash Pillai,8207937415,Male,Married,222958,Low,Driver,High,49,Hindi,RGN048
CUST004193,Pooja Desai,9199425059,Male,Widowed,1422192,Upper-Middle,Software Engineer,Low,27,Hindi,RGN006
CUST004194,Ravi Patil,7530955877,Male,Single,1453972,Upper-Middle,Software Engineer,Low,24,Hindi,RGN002
CUST004195,Anjali Kulkarni,7642737957,Male,Married,488983,Middle,Real Estate Agent,Medium,42,Hindi,RGN036
CUST004196,Lakshmi Sharma,7381612921,Male,Widowed,227358,Low,Driver,High,27,Hindi,RGN002
CUST004197,Pradeep Patil,7511133010,Male,Single,1468074,Upper-Middle,Software Engineer,Low,39,Hindi,RGN002
CUST004198,Siddharth Subramanian,9535024694,Male,Married,2946783,High,Business Owner,Medium,32,Hindi,RGN039
CUST004199,Aditi Patil,8123222320,Female,Married,579978,Middle,Business Owner,Medium,18,Hindi,RGN012
CUST004200,Divya Chakraborty,9385709439,Male,Married,565572,Middle,Software Engineer,Low,18,Kannada,RGN022
CUST004201,Nandini Patel,6370858783,Other,Married,4552614,High,Doctor,Low,40,Hindi,RGN013
CUST004202,Tanvi Pandey,9921316822,Female,Single,4322529,High,Doctor,Low,31,Hindi,RGN027
CUST004203,Kavya Chaudhary,9080993715,Female,Married,166332,Low,Farmer,Medium,31,Hindi,RGN026
CUST004204,Anil Menon,6931784498,Male,Married,1867415,Upper-Middle,Doctor,Low,46,Hindi,RGN005
CUST004205,Swati Malhotra,7803747381,Male,Married,189036,Low,Front Desk Executive,Low,52,Hindi,RGN046
CUST004206,Shruti Mishra,6337049462,Female,Married,168826,Low,Farmer,Medium,34,Hindi,RGN008
CUST004207,Anjali More,8554077005,Male,Married,3440915,High,Business Owner,Medium,33,Hindi,RGN029
CUST004208,Sarika Das,7558823481,Female,Widowed,1960393,Upper-Middle,Doctor,Low,44,Hindi,RGN040
CUST004209,Anjali Kapoor,,Male,Single,650023,Middle,Software Engineer,Low,21,Hindi,RGN048
CUST004210,Tanvi Jadhav,7847798258,Male,Married,122893,Low,Farmer,Medium,40,Hindi,RGN004
CUST004211,Pradeep Rajan,9537156415,Male,Single,175933,Low,Teacher,Low,44,Hindi,RGN010
CUST004212,Pradeep Sharma,7307066670,Male,Single,238510,Low,Farmer,Medium,46,Kannada,RGN021
CUST004213,Deepa Kulkarni,9331191611,Female,Married,270211,Low,Driver,High,18,Hindi,RGN029
CUST004214,Karan Jadhav,8530937313,Female,Married,1373621,Upper-Middle,Software Engineer,Low,28,Telugu,RGN020
CUST004215,Deepa Srivastava,8037791703,Male,Single,2993564,High,Doctor,Low,27,Hindi,RGN003
CUST004216,Prakash Bose,9930618920,Female,Single,1552493,Upper-Middle,Doctor,Low,39,Hindi,RGN015
CUST004217,Rekha Rajan,6458207216,Female,Married,256376,Low,Driver,High,43,Hindi,RGN003
CUST004218,Karan Dubey,7474246847,Female,Married,4626844,High,Doctor,Low,55,Hindi,RGN039
CUST004219,Priya Verma,7255065299,Female,Divorced,2466007,High,Software Engineer,Low,32,Hindi,RGN011
CUST004220,Poonam Tiwari,6536791207,Male,Single,164385,Low,Teacher,Low,32,Hindi,RGN036
CUST004221,Kritika Jadhav,7095789035,Male,Married,161839,Low,Teacher,Low,51,Hindi,RGN014
CUST004222,Prakash Singh,8081996844,Female,Married,154711,Low,Hardware Technician,Medium,41,Hindi,RGN044
CUST004223,Kunal Shetty,8657817442,Male,Married,218538,Low,Driver,High,53,Kannada,RGN021
CUST004224,Sandeep Mishra,6540515567,Male,Married,2920191,High,Software Engineer,Low,41,Hindi,RGN035
CUST004225,Prakash Chaudhary,8092016759,Female,Married,1363543,Upper-Middle,Software Engineer,Low,24,Hindi,RGN013
CUST004226,Nikhil Desai,7001341405,Male,Single,136372,Low,Farmer,Medium,22,Hindi,RGN046
CUST004227,Suresh Balaji,6670914465,Female,Married,311933,Middle,Driver,High,19,Hindi,RGN033
CUST004228,Manoj Rao,8840000400,Male,Married,688781,Middle,Real Estate Agent,Medium,45,Oriya,RGN032
CUST004229,Vishal Rajan,8645497683,Male,Widowed,689670,Middle,Software Engineer,Low,52,Hindi,RGN029
CUST004230,Deepa More,8875256048,Male,Widowed,940183,Upper-Middle,Doctor,Low,60,Hindi,RGN030
CUST004231,Mohit Deshpande,7466257601,Female,Married,463929,Middle,Hardware Technician,Medium,48,Hindi,RGN039
CUST004232,Aryan Sharma,7807951181,Male,Married,426280,Middle,Hardware Technician,Medium,51,Oriya,RGN031
CUST004233,Bhavna Bose,7165250815,Female,Divorced,1579597,Upper-Middle,Software Engineer,Low,31,Oriya,RGN031
CUST004234,Divya Rajan,8904315071,Male,Married,149285,Low,Farmer,Medium,24,Hindi,RGN026
CUST004235,Kritika Iyer,9416477631,Female,Divorced,768206,Middle,Software Engineer,Low,48,Hindi,RGN048
CUST004236,Isha Sharma,6323197670,Male,Widowed,3969258,High,Doctor,Low,43,Hindi,RGN033
CUST004237,Sarika Subramanian,7546168444,Female,Married,812875,Upper-Middle,Software Engineer,Low,39,Telugu,RGN018
CUST004238,Anil Balaji,9964589244,Female,Divorced,1618815,Upper-Middle,Doctor,Low,42,Hindi,RGN016
CUST004239,Akash Mishra,6832811372,Male,Married,139032,Low,Front Desk Executive,Low,41,Hindi,RGN042
CUST004240,Sneha Patel,8479297591,Male,Widowed,1080055,Upper-Middle,Software Engineer,Low,53,Oriya,RGN032
CUST004241,Kritika Hegde,8489400946,Female,Single,1178380,Upper-Middle,Business Owner,Medium,53,Hindi,RGN008
CUST004242,Manoj Reddy,8846392488,Female,Divorced,612591,Middle,Doctor,Low,44,Hindi,RGN042
CUST004243,Anil Balaji,98073XXXXX,Male,Married,1452533,Upper-Middle,Doctor,Low,48,Hindi,RGN002
CUST004244,Arjun Patel,9378053425,Male,Married,2566668,High,Business Owner,Medium,44,Hindi,RGN047
CUST004245,Karan Sharma,6918716289,Female,Married,1614343,Upper-Middle,Software Engineer,Low,32,Hindi,RGN037
CUST004246,Geeta Malhotra,9476766609,Male,Divorced,361191,Middle,Teacher,Low,47,Hindi,RGN004
CUST004247,Suresh Patil,6919352642,Male,Married,193651,Low,Teacher,Low,21,Hindi,RGN046
CUST004248,Pooja Mehta,8993176970,Male,Widowed,863533,Upper-Middle,Software Engineer,Low,50,Oriya,RGN032
CUST004249,Karan Venkatesh,8675910563,Male,Married,303193,Middle,Front Desk Executive,Low,23,Hindi,RGN025
CUST004250,Vinod Das,9704477714,Male,Married,1521945,Upper-Middle,Software Engineer,Low,41,Hindi,RGN036
CUST004251,Nandini Agarwal,6577025015,Male,Married,1890428,Upper-Middle,Software Engineer,Low,27,Hindi,RGN007
CUST004252,Harsha More,7765547617,Female,Single,493384,Middle,Hardware Technician,Medium,44,Hindi,RGN047
CUST004253,Harsha Dubey,9525637448,Female,Married,219655,Low,Driver,High,37,Oriya,RGN031
CUST004254,Aditya More,8555766335,Female,Divorced,679955,Middle,Teacher,Low,18,Hindi,RGN029
CUST004255,Geeta Das,8205095307,Female,Married,4422788,High,Doctor,Low,43,Kannada,RGN021
CUST004256,Zara Shah,7772827695,Male,Married,208617,Low,Driver,High,31,Hindi,RGN046
CUST004257,Sneha Menon,9089426603,Male,Married,2710144,High,Software Engineer,Low,48,Hindi,RGN005
CUST004258,Harsha Kapoor,9698027644,Female,Widowed,1584682,Upper-Middle,Software Engineer,Low,38,Hindi,RGN010
CUST004259,Isha Menon,7943500796,Female,Single,380482,Middle,Teacher,Low,42,Tamil,RGN024
CUST004260,Santosh Bose,6653777842,Female,Married,969176,Upper-Middle,Software Engineer,Low,26,Hindi,RGN040
CUST004261,Nandini Tripathi,8716491916,Female,Married,645256,Middle,Real Estate Agent,Medium,30,Hindi,RGN028
CUST004262,Rekha Shetty,7695072592,Male,Married,753682,Middle,Software Engineer,Low,32,Kannada,RGN022
CUST004263,Anjali Kumar,8016915697,Male,Single,1474280,Upper-Middle,Software Engineer,Low,48,Hindi,RGN011
CUST004264,Pradeep Sharma,67982XXXXX,Male,Single,1663620,Upper-Middle,Software Engineer,Low,58,Hindi,RGN036
CUST004265,Anjali Saxena,6334902374,Female,Married,295109,Low,Hardware Technician,Medium,28,Hindi,RGN007
CUST004266,Uday Dubey,7269249418,Female,Single,717433,Middle,Software Engineer,Low,50,Hindi,RGN035
CUST004267,Aditi Sharma,6169599112,Male,Married,450629,Middle,Teacher,Low,18,Kannada,RGN021
CUST004268,Isha Hegde,8640311828,Female,Married,223297,Low,Farmer,Medium,23,Hindi,RGN001
CUST004269,Mohit Bose,9914659511,Female,Married,479678,Middle,Real Estate Agent,Medium,26,Hindi,RGN005
CUST004270,Rekha Das,7033905966,Female,Married,140302,Low,Farmer,Medium,21,Hindi,RGN012
CUST004271,Deepak Desai,9942394383,Female,Married,1235837,Upper-Middle,Software Engineer,Low,18,Hindi,RGN039
CUST004272,Swati Pandey,9542884637,Female,Married,2566900,High,Software Engineer,Low,42,Hindi,RGN039
CUST004273,Kunal Hegde,9348503027,Male,Single,122430,Low,Front Desk Executive,Low,35,Hindi,RGN034
CUST004274,Kunal Jadhav,9217931625,Female,Married,2419358,High,Software Engineer,Low,42,Hindi,RGN011
CUST004275,Kavya Das,6553267992,Male,Married,285478,Low,Driver,High,46,Hindi,RGN037
CUST004276,Rekha Shah,8483726877,Female,Divorced,170307,Low,Farmer,Medium,41,Hindi,RGN044
CUST004277,Priya Pillai,6315388824,Male,Married,1124841,Upper-Middle,Software Engineer,Low,45,Hindi,RGN005
CUST004278,Neha Chaudhary,9287747869,Male,Married,229103,Low,Driver,High,37,Hindi,RGN040
CUST004279,Mohit Patil,6040762969,Male,Married,1273899,Upper-Middle,Business Owner,Medium,23,Hindi,RGN003
CUST004280,Ramesh Srivastava,9524157318,Male,Married,2471381,High,Software Engineer,Low,50,Hindi,RGN047
CUST004281,Kavya Tiwari,6204041071,Female,Single,435549,Middle,Real Estate Agent,Medium,30,Hindi,RGN046
CUST004282,Neha Desai,7945625577,Male,Single,1705086,Upper-Middle,Pilot,High,26,Hindi,RGN034
CUST004283,Aditya Desai,8781496355,Male,Married,2294965,High,Software Engineer,Low,35,Hindi,RGN009
CUST004284,Vinod Desai,6193531101,Male,Married,367713,Middle,Business Owner,Medium,27,Hindi,RGN006
CUST004285,Zara Subramanian,8845673137,Female,Married,703300,Middle,Software Engineer,Low,32,Telugu,RGN019
CUST004286,Meera Shetty,6017493175,Female,Single,1261017,Upper-Middle,Business Owner,Medium,42,Hindi,RGN014
CUST004287,Poonam Subramanian,9073021737,Male,Married,1359754,Upper-Middle,Real Estate Agent,Medium,42,Hindi,RGN015
CUST004288,Tanvi Saxena,7397010149,Female,Married,119290,Low,Driver,High,27,Hindi,RGN036
CUST004289,Bhavna Hegde,7621892240,Female,Divorced,599947,Middle,Teacher,Low,32,Oriya,RGN031
CUST004290,Anjali Patel,6613865496,Male,Single,135412,Low,Farmer,Medium,50,Kannada,RGN022
CUST004291,Amrita Venkatesh,9025143580,Male,Married,1154742,Upper-Middle,Software Engineer,Low,43,Hindi,RGN050
CUST004292,Anil Krishnan,8711800450,Female,Single,239082,Low,Driver,High,62,Hindi,RGN041
CUST004293,Varun Jadhav,6531195960,Female,Married,501865,Middle,Teacher,Low,52,Hindi,RGN039
CUST004294,Kunal Reddy,7769347796,Male,Married,1733490,Upper-Middle,Software Engineer,Low,51,Telugu,RGN018
CUST004295,Neha Pillai,9054856257,Male,Divorced,365320,Middle,Software Engineer,Low,21,Hindi,RGN014
CUST004296,Aditya Tripathi,8042246406,Male,Single,2162314,High,Business Owner,Medium,47,Hindi,RGN040
CUST004297,Rahul Joshi,8861754182,Male,Single,1458123,Upper-Middle,Software Engineer,Low,37,Hindi,RGN033
CUST004298,Vinod Das,9711488160,Male,Married,361538,Middle,Real Estate Agent,Medium,31,Hindi,RGN033
CUST004299,Rajesh Reddy,8801975570,Male,Married,2995988,High,Software Engineer,Low,40,Hindi,RGN025
CUST004300,Sunil Chaudhary,7678650444,Female,Married,1258688,Upper-Middle,Doctor,Low,49,Hindi,RGN033
CUST004301,Ananya Krishnan,6442942670,Male,Married,172951,Low,Driver,High,44,Hindi,RGN010
CUST004302,Kavya Mehta,6501513786,Male,Married,673693,Middle,Real Estate Agent,Medium,27,Hindi,RGN002
CUST004303,Aditi Rao,7684970424,Male,Divorced,2271444,High,Software Engineer,Low,46,Hindi,RGN045
CUST004304,Anjali Shah,6698142076,Male,Married,1700361,Upper-Middle,Software Engineer,Low,30,Hindi,RGN028
CUST004305,Nikhil Mehta,6700681436,Female,Divorced,1345598,Upper-Middle,Real Estate Agent,Medium,40,Hindi,RGN011
CUST004306,Rohit Bose,8972397661,Female,Single,197735,Low,Farmer,Medium,34,Telugu,RGN019
CUST004307,Zara Desai,6541715007,Female,Married,714281,Middle,Software Engineer,Low,35,Hindi,RGN011
CUST004308,Poonam Balaji,9017518007,Male,Married,1246352,Upper-Middle,Real Estate Agent,Medium,47,Hindi,RGN025
CUST004309,Sandeep Shah,9842845576,Female,Married,525112,Middle,Business Owner,Medium,25,Hindi,RGN025
CUST004310,Shruti Desai,6867706672,Female,Married,173885,Low,Hardware Technician,Medium,61,Telugu,RGN020
CUST004311,Priya Gowda,6922834914,Female,Single,1821984,Upper-Middle,Software Engineer,Low,18,Telugu,RGN019
CUST004312,Rahul Subramanian,7092152725,Male,Single,1056785,Upper-Middle,Business Owner,Medium,30,Telugu,RGN020
CUST004313,Bhavna Deshpande,9833674089,Male,Married,587566,Middle,Software Engineer,Low,42,Hindi,RGN030
CUST004314,Yash Deshpande,6205994476,Male,Married,1392348,Upper-Middle,Software Engineer,Low,45,Hindi,RGN004
CUST004315,Aditya Kapoor,6122562083,Female,Divorced,74228,Low,Farmer,Medium,36,Hindi,RGN010
CUST004316,Geeta Iyer,9108802570,Male,Married,647658,Middle,Software Engineer,Low,37,Kannada,RGN022
CUST004317,Deepa Shah,6620637035,Female,Married,1503606,Upper-Middle,Software Engineer,Low,42,Hindi,RGN013
CUST004318,Deepa Reddy,8959151676,Female,Married,3554705,High,Business Owner,Medium,35,Kannada,RGN021
CUST004319,Siddharth Iyer,6662965863,Female,Married,232044,Low,Hardware Technician,Medium,54,Hindi,RGN016
CUST004320,Priya Dubey,9025368732,Female,Widowed,898370,Upper-Middle,Software Engineer,Low,48,Hindi,RGN047
CUST004321,Poonam Malhotra,6922545080,Male,Married,3000425,High,Pilot,High,48,Hindi,RGN033
CUST004322,Meera Kulkarni,9940978738,Female,Divorced,3851244,High,Doctor,Low,26,Hindi,RGN035
CUST004323,Rekha Verma,9183410006,Male,Single,216883,Low,Real Estate Agent,Medium,37,Hindi,RGN010
CUST004324,Amrita Sharma,6957907371,Female,Married,791028,Middle,Software Engineer,Low,34,Hindi,RGN009
CUST004325,Uday Mehta,6460356089,Male,Widowed,1077249,Upper-Middle,Software Engineer,Low,25,Hindi,RGN044
CUST004326,Poonam Mehta,9064937590,Female,Single,1188101,Upper-Middle,Software Engineer,Low,42,Hindi,RGN010
CUST004327,Kritika Shah,8479058304,Female,Married,3587348,High,Doctor,Low,31,Hindi,RGN029
CUST004328,Deepak Nair,9027890276,Female,Single,937402,Upper-Middle,Software Engineer,Low,45,Hindi,RGN004
CUST004329,Geeta Chakraborty,8513005019,Female,Single,857493,Upper-Middle,Software Engineer,Low,25,Hindi,RGN027
CUST004330,Kritika Kumar,8754738808,Male,Married,4100005,High,Pilot,High,58,Hindi,RGN027
CUST004331,Vinod Balaji,8274062828,Female,Single,541620,Middle,Teacher,Low,27,Hindi,RGN025
CUST004332,Isha Patil,8072553205,Male,Married,258944,Low,Front Desk Executive,Low,40,Hindi,RGN015
CUST004333,Harsha Venkatesh,7851550135,Male,Single,589096,Middle,Real Estate Agent,Medium,47,Hindi,RGN004
CUST004334,Sneha Nair,7471178875,Male,Single,458547,Middle,Real Estate Agent,Medium,31,Hindi,RGN049
CUST004335,Prakash Bose,6513918418,Male,Single,4397577,High,Doctor,Low,48,Hindi,RGN015
CUST004336,Anjali Rao,6514120074,Male,Married,3733469,High,Business Owner,Medium,23,Hindi,RGN049
CUST004337,Mohit Gupta,6451569933,Female,Married,870675,Upper-Middle,Business Owner,Medium,55,Hindi,RGN016
CUST004338,Sarika Krishnan,77692XXXXX,Male,Married,589750,Middle,Teacher,Low,38,Hindi,RGN045
CUST004339,Neha More,9387930925,Male,Married,699061,Middle,Real Estate Agent,Medium,30,Hindi,RGN014
CUST004340,Karan Tiwari,7390605636,Male,Widowed,1874729,Upper-Middle,Doctor,Low,34,Hindi,RGN013
CUST004341,Uday Srivastava,6712413739,Female,Single,2591180,High,Software Engineer,Low,47,Hindi,RGN027
CUST004342,Aditya Reddy,8912581936,Female,Single,2088208,High,Doctor,Low,30,Tamil,RGN023
CUST004343,Divya Hegde,9943643653,Female,Married,224759,Low,Hardware Technician,Medium,29,Hindi,RGN046
CUST004344,Sarika Shetty,6459456815,Female,Single,963361,Upper-Middle,Business Owner,Medium,35,Hindi,RGN039
CUST004345,Vishal Naik,6895146318,Female,Married,1420583,Upper-Middle,Real Estate Agent,Medium,23,Hindi,RGN035
CUST004346,Varun Saxena,9989763302,Male,Married,1734241,Upper-Middle,Business Owner,Medium,59,Hindi,RGN006
CUST004347,Aditya Singh,7042333883,Male,Married,156800,Low,Farmer,Medium,31,Hindi,RGN042
CUST004348,Sarika Subramanian,6960250927,Female,Married,115348,Low,Farmer,Medium,47,Hindi,RGN050
CUST004349,Swati Kumar,6400438666,Male,Married,614091,Middle,Teacher,Low,40,Tamil,RGN023
CUST004350,Deepa Shetty,8707260275,Female,Married,759510,Middle,Real Estate Agent,Medium,26,Hindi,RGN004
CUST004351,Uday Patil,9896636805,Female,Married,230563,Low,Driver,High,37,Kannada,RGN022
CUST004352,Karan Verma,7738088233,Male,Married,69380,Low,Farmer,Medium,47,Hindi,RGN050
CUST004353,Anil Joshi,6970199824,Male,Single,2067636,High,Software Engineer,Low,35,Hindi,RGN003
CUST004354,Rajesh Tiwari,9707518621,Female,Married,3683308,High,Business Owner,Medium,52,Hindi,RGN009
CUST004355,Sunil Shah,6986367828,Male,Married,633705,Middle,Real Estate Agent,Medium,50,Hindi,RGN048
CUST004356,Aditi Gupta,6689600668,Male,Single,286888,Low,Farmer,Medium,49,Hindi,RGN045
CUST004357,Uday Singh,6279042528,Female,Married,1355791,Upper-Middle,Software Engineer,Low,32,Hindi,RGN012
CUST004358,Rohit Venkatesh,8658068179,Female,Single,2140248,High,Software Engineer,Low,25,Hindi,RGN011
CUST004359,Sapna Subramanian,7241997970,Female,Single,496783,Middle,Teacher,Low,30,Hindi,RGN041
CUST004360,Bhavna Malhotra,7108083480,Female,Married,1468088,Upper-Middle,Software Engineer,Low,40,Hindi,RGN004
CUST004361,Mohit Malhotra,8448789048,Female,Married,187752,Low,Driver,High,44,Hindi,RGN008
CUST004362,Neha Joshi,7346586726,Female,Divorced,1351693,Upper-Middle,Business Owner,Medium,18,Hindi,RGN016
CUST004363,Sunita Mehta,6213180666,Female,Divorced,199735,Low,Driver,High,37,Hindi,RGN008
CUST004364,Nikhil Reddy,8059974308,Male,Married,83012,Low,Farmer,Medium,39,Telugu,RGN017
CUST004365,Rohit Subramanian,9803782537,Other,Married,299918,Low,Front Desk Executive,Low,34,Hindi,RGN013
CUST004366,Lakshmi Subramanian,6268870415,Male,Married,208618,Low,Teacher,Low,53,Tamil,RGN024
CUST004367,Rahul Patel,8781373142,Male,Married,125239,Low,Driver,High,43,Kannada,RGN022
CUST004368,Vijay Rao,6756247994,Male,Married,251433,Low,Farmer,Medium,53,Hindi,RGN045
CUST004369,Uday Nair,8331782730,Female,Married,541956,Middle,Real Estate Agent,Medium,35,Kannada,RGN022
CUST004370,Sneha Pillai,8976620840,Female,Married,1273057,Upper-Middle,Business Owner,Medium,49,Hindi,RGN026
CUST004371,Vijay Shah,9846401577,Female,Married,2076125,High,Software Engineer,Low,57,Hindi,RGN037
CUST004372,Ananya Venkatesh,8662199785,Male,Married,154729,Low,Farmer,Medium,53,Kannada,RGN021
CUST004373,Santosh Das,9525542458,Female,Widowed,2530674,High,Business Owner,Medium,24,Hindi,RGN037
CUST004374,Ramesh Agarwal,8476022069,Male,Married,391139,Middle,Software Engineer,Low,34,Hindi,RGN026
CUST004375,Pooja Hegde,7267940601,Male,Married,142251,Low,Farmer,Medium,33,Hindi,RGN030
CUST004376,Sarika Patil,8413827386,Male,Single,1120955,Upper-Middle,Doctor,Low,43,Hindi,RGN047
CUST004377,Vishal Bose,7392389862,Male,Married,127398,Low,Hardware Technician,Medium,46,Oriya,RGN032
CUST004378,Karan Subramanian,7546862966,Female,Married,94710,Low,Farmer,Medium,27,Hindi,RGN046
CUST004379,Shweta Gupta,6035657480,Male,Single,553740,Middle,Real Estate Agent,Medium,38,Hindi,RGN028
CUST004380,Amrita Kumar,8371492627,Female,Single,1835627,Upper-Middle,Software Engineer,Low,18,Oriya,RGN031
CUST004381,Aarav Tripathi,7506001266,Female,Married,112790,Low,Farmer,Medium,55,Hindi,RGN012
CUST004382,Nandini Gupta,8609614909,Male,Divorced,1085171,Upper-Middle,Software Engineer,Low,31,Telugu,RGN020
CUST004383,Kritika Subramanian,6009166595,Male,Single,322691,Middle,Teacher,Low,38,Hindi,RGN011
CUST004384,Isha Kulkarni,8543001784,Female,Married,109173,Low,Front Desk Executive,Low,34,Hindi,RGN050
CUST004385,Nandini Balaji,9274205225,Female,Married,710157,Middle,Real Estate Agent,Medium,51,Hindi,RGN048
CUST004386,Santosh Verma,9307321665,Male,Widowed,559218,Middle,Teacher,Low,18,Kannada,RGN021
CUST004387,Kavya Chakraborty,9910708611,Male,Married,455237,Middle,Software Engineer,Low,37,Hindi,RGN048
CUST004388,Manoj Das,9134025006,Male,Married,2170183,High,Business Owner,Medium,36,Hindi,RGN010
CUST004389,Vinod Chaudhary,8227643494,Male,Married,2368350,High,Software Engineer,Low,32,Kannada,RGN021
CUST004390,Sandeep Rajan,9526505347,Female,Married,1467846,Upper-Middle,Software Engineer,Low,58,Hindi,RGN009
CUST004391,Tanvi Rajan,9411602859,Male,Divorced,641735,Middle,Software Engineer,Low,27,Hindi,RGN044
CUST004392,Tanvi Das,8388755987,Male,Married,538283,Middle,Software Engineer,Low,47,Hindi,RGN046
CUST004393,Anil Rao,8920415528,Female,Married,438700,Middle,Software Engineer,Low,42,Hindi,RGN016
CUST004394,Santosh Saxena,7301643032,Female,Married,2560319,High,Doctor,Low,53,Hindi,RGN004
CUST004395,Rekha Malhotra,9744433294,Female,Single,2902594,High,Software Engineer,Low,29,Hindi,RGN013
CUST004396,Uday Naik,8786740477,Female,Single,1055942,Upper-Middle,Software Engineer,Low,29,Hindi,RGN027
CUST004397,Kritika Kulkarni,7464972834,Male,Married,215144,Low,Farmer,Medium,51,Oriya,RGN031
CUST004398,Kritika Mehta,6906710099,Female,Married,415825,Middle,Real Estate Agent,Medium,43,Hindi,RGN049
CUST004399,Pooja Singh,9844298299,Female,Married,1894365,Upper-Middle,Doctor,Low,19,Hindi,RGN038
CUST004400,Bhavna Desai,7164212826,Male,Widowed,749617,Middle,Real Estate Agent,Medium,31,Tamil,RGN024
CUST004401,Shruti Pandey,8859702489,Male,Married,1898604,Upper-Middle,Software Engineer,Low,42,Hindi,RGN007
CUST004402,Anjali Srivastava,6055799915,Female,Divorced,1127396,Upper-Middle,Software Engineer,Low,48,Hindi,RGN029
CUST004403,Deepak Pillai,8345651234,Female,Married,218924,Low,Driver,High,29,Hindi,RGN046
CUST004404,Pradeep Agarwal,7440708063,Male,Married,708015,Middle,Real Estate Agent,Medium,18,Hindi,RGN047
CUST004405,Sunil Mehta,6395943578,Male,Divorced,269434,Low,Front Desk Executive,Low,44,Hindi,RGN049
CUST004406,Anjali Rajan,6739713072,Female,Married,65968,Low,Farmer,Medium,23,Hindi,RGN016
CUST004407,Anjali Chaudhary,6112642181,Male,Married,288795,Low,Driver,High,18,Hindi,RGN043
CUST004408,Shweta Iyer,8447889377,Female,Married,269965,Low,Front Desk Executive,Low,18,Hindi,RGN009
CUST004409,Prakash Rajan,6705070950,Female,Single,1531324,Upper-Middle,Software Engineer,Low,47,Hindi,RGN014
CUST004410,Nikhil Kulkarni,9263276243,Female,Married,1243298,Upper-Middle,Software Engineer,Low,39,Hindi,RGN034
CUST004411,Divya Jadhav,7657207980,Female,Married,3935073,High,Business Owner,Medium,35,Hindi,RGN011
CUST004412,Aarav Rao,8707893798,Male,Widowed,399088,Middle,Driver,High,54,Oriya,RGN031
CUST004413,Aarav Mehta,9752399963,Male,Married,1694608,Upper-Middle,Doctor,Low,45,Hindi,RGN003
CUST004414,Aditya Das,9918454419,Female,Married,225982,Low,Driver,High,57,Hindi,RGN036
CUST004415,Aarav Bose,7857928262,Male,Married,142957,Low,Driver,High,21,Hindi,RGN050
CUST004416,Arjun Reddy,6165159952,Male,Married,3368938,High,Doctor,Low,37,Hindi,RGN033
CUST004417,Neha Dubey,9478715533,Male,Married,1956080,Upper-Middle,Business Owner,Medium,18,Hindi,RGN001
CUST004418,Suresh Gowda,7179313475,Female,Single,1354151,Upper-Middle,Business Owner,Medium,35,Hindi,RGN028
CUST004419,Vijay Patel,9196176502,Female,Widowed,805351,Upper-Middle,Real Estate Agent,Medium,35,Tamil,RGN023
CUST004420,Ramesh Mehta,6000278649,Male,Married,203386,Low,Teacher,Low,45,Hindi,RGN010
CUST004421,Anjali Das,8870051253,Male,Married,1423216,Upper-Middle,Software Engineer,Low,38,Hindi,RGN035
CUST004422,Sandeep Srivastava,6631905376,Female,Single,1459930,Upper-Middle,Software Engineer,Low,45,Hindi,RGN048
CUST004423,Uday Desai,7287927462,Female,Married,372571,Middle,Teacher,Low,46,Hindi,RGN006
CUST004424,Tanvi Mishra,7689753115,Male,Married,182224,Low,Front Desk Executive,Low,63,Hindi,RGN044
CUST004425,Anil Rajan,7438720757,Female,Single,1157758,Upper-Middle,Real Estate Agent,Medium,34,Hindi,RGN037
CUST004426,Vijay Shetty,7144494199,Female,Married,1608823,Upper-Middle,Software Engineer,Low,26,Hindi,RGN012
CUST004427,Shruti Bose,9459624384,Male,Married,4291685,High,Doctor,Low,40,Hindi,RGN025
CUST004428,Divya Pillai,6927715736,Female,Married,227139,Low,Hardware Technician,Medium,28,Hindi,RGN027
CUST004429,Poonam Hegde,8070518251,Female,Widowed,2535947,High,Doctor,Low,55,Hindi,RGN012
CUST004430,Uday Joshi,6031867207,Male,Married,2749172,High,Software Engineer,Low,34,Hindi,RGN029
CUST004431,Sunil Patel,8914456619,Female,Married,1438839,Upper-Middle,Software Engineer,Low,31,Telugu,RGN020
CUST004432,Ravi Joshi,9676015043,Male,Divorced,155252,Low,Front Desk Executive,Low,32,Hindi,RGN004
CUST004433,Harsha Bose,8010265576,Female,Single,1283011,Upper-Middle,Software Engineer,Low,46,Hindi,RGN009
CUST004434,Bhavna Deshpande,8756657329,Female,Married,65951,Low,Farmer,Medium,36,Hindi,RGN004
CUST004435,Aditi Saxena,9741050685,Female,Married,151716,Low,Farmer,Medium,30,Hindi,RGN028
CUST004436,Nandini Kapoor,6233094621,Male,Single,203698,Low,Front Desk Executive,Low,57,Hindi,RGN029
CUST004437,Lakshmi Kapoor,8706165373,Female,Married,5389203,High,Pilot,High,27,Hindi,RGN039
CUST004438,Akash Pandey,6534289078,Female,Married,1298998,Upper-Middle,Software Engineer,Low,38,Hindi,RGN006
CUST004439,Anil Rajan,6629309615,Female,Married,1781667,Upper-Middle,Software Engineer,Low,45,Hindi,RGN030
CUST004440,Mohit Sharma,6425496919,Female,Divorced,729566,Middle,Software Engineer,Low,18,Hindi,RGN001
CUST004441,Akash Rao,7670590411,Female,Single,813831,Upper-Middle,Software Engineer,Low,43,Hindi,RGN002
CUST004442,Isha Naik,9977963199,Female,Married,374427,Middle,Hardware Technician,Medium,25,Kannada,RGN021
CUST004443,Swati Deshpande,8670996087,Female,Divorced,639775,Middle,Teacher,Low,47,Hindi,RGN037
CUST004444,Priya Kapoor,8961229830,Male,Married,714332,Middle,Business Owner,Medium,26,Hindi,RGN004
CUST004445,Lakshmi Krishnan,9884779888,Male,Married,2618796,High,Doctor,Low,46,Hindi,RGN038
CUST004446,Kunal Kulkarni,7437596868,Male,Married,231318,Low,Driver,High,51,Hindi,RGN012
CUST004447,Divya Dubey,9274823009,Male,Married,4240686,High,Doctor,Low,48,Hindi,RGN015
CUST004448,Varun Dubey,9154759501,Male,Married,275108,Low,Farmer,Medium,41,Hindi,RGN037
CUST004449,Sunil Deshpande,7367211567,Female,Married,204136,Low,Hardware Technician,Medium,35,Hindi,RGN012
CUST004450,Isha Das,6408282464,Male,Divorced,168697,Low,Farmer,Medium,31,Kannada,RGN022
CUST004451,Rohit Kapoor,6371650942,Male,Married,1449773,Upper-Middle,Software Engineer,Low,55,Hindi,RGN025
CUST004452,Meera Krishnan,7159637813,Female,Single,248177,Low,Driver,High,29,Hindi,RGN047
CUST004453,Kunal Menon,6915181369,Female,Married,349836,Middle,Driver,High,25,Hindi,RGN037
CUST004454,Ananya Reddy,6047904644,Male,Single,95812,Low,Farmer,Medium,45,Hindi,RGN036
CUST004455,Lakshmi Pandey,8058151939,Male,Married,201225,Low,Hardware Technician,Medium,28,Hindi,RGN040
CUST004456,Gaurav Rajan,8278911926,Female,Married,116977,Low,Front Desk Executive,Low,26,Hindi,RGN026
CUST004457,Varun Chaudhary,6098606814,Male,Single,191167,Low,Farmer,Medium,20,Oriya,RGN031
CUST004458,Rekha Tiwari,8166611772,Female,Married,984593,Upper-Middle,Software Engineer,Low,32,Hindi,RGN013
CUST004459,Geeta Saxena,8206708058,Male,Married,859923,Upper-Middle,Business Owner,Medium,37,Hindi,RGN045
CUST004460,Deepak Srivastava,8824049779,Male,Married,127575,Low,Driver,High,40,Hindi,RGN006
CUST004461,Ramesh Tiwari,8724003031,Male,Married,1422367,Upper-Middle,Real Estate Agent,Medium,49,Kannada,RGN021
CUST004462,Vishal Saxena,8186175989,Male,Married,1572386,Upper-Middle,Software Engineer,Low,44,Hindi,RGN038
CUST004463,Nandini Jadhav,9224947641,Male,Divorced,1106575,Upper-Middle,Software Engineer,Low,35,Kannada,RGN021
CUST004464,Pooja Mishra,8958325199,Female,Married,217693,Low,Teacher,Low,35,Oriya,RGN032
CUST004465,Sanjay Das,6102633492,Female,Married,2430781,High,Software Engineer,Low,44,Telugu,RGN017
CUST004466,Rekha Patel,7777085942,Female,Married,1245887,Upper-Middle,Software Engineer,Low,53,Hindi,RGN016
CUST004467,Rekha Nair,9823955434,Male,Married,137190,Low,Farmer,Medium,39,Hindi,RGN009
CUST004468,Anil Kapoor,8821380115,Female,Widowed,143487,Low,Farmer,Medium,32,Hindi,RGN049
CUST004469,Nandini Chakraborty,9620563411,Male,Married,2198576,High,Business Owner,Medium,26,Hindi,RGN003
CUST004470,Ananya Reddy,8532375083,Male,Married,1116629,Upper-Middle,Business Owner,Medium,20,Hindi,RGN033
CUST004471,Lakshmi Desai,9317525232,Male,Married,197437,Low,Hardware Technician,Medium,45,Hindi,RGN035
CUST004472,Shweta Shetty,8342139579,Female,Single,663166,Middle,Teacher,Low,44,Oriya,RGN031
CUST004473,Rohit Agarwal,9562807335,Male,Married,2393654,High,Software Engineer,Low,44,Oriya,RGN031
CUST004474,Harsha Shetty,,Male,Married,238775,Low,Teacher,Low,36,Hindi,RGN008
CUST004475,Meera Kulkarni,7940782862,Male,Married,1245496,Upper-Middle,Real Estate Agent,Medium,54,Hindi,RGN041
CUST004476,Kavya Shetty,8587293706,Female,Married,1379976,Upper-Middle,Real Estate Agent,Medium,32,Tamil,RGN023
CUST004477,Deepa Pandey,7587360805,Other,Single,1736687,Upper-Middle,Software Engineer,Low,49,Hindi,RGN014
CUST004478,Geeta Mehta,8822623167,Female,Married,282378,Low,Farmer,Medium,37,Hindi,RGN027
CUST004479,Kunal Mishra,8011532703,Female,Married,1957717,Upper-Middle,Software Engineer,Low,30,Hindi,RGN003
CUST004480,Gaurav More,8147756886,Male,Married,1071665,Upper-Middle,Software Engineer,Low,45,Hindi,RGN016
CUST004481,Siddharth More,77137XXXXX,Male,Widowed,510912,Middle,Software Engineer,Low,42,Hindi,RGN002
CUST004482,Nandini Rao,6538289812,Male,Single,341644,Middle,Driver,High,42,Oriya,RGN031
CUST004483,Poonam Subramanian,7396575376,Male,Married,184842,Low,Driver,High,38,Hindi,RGN042
CUST004484,Sunil Kapoor,8451256222,Male,Married,1202439,Upper-Middle,Software Engineer,Low,37,Hindi,RGN010
CUST004485,Aryan Menon,6834644299,Female,Married,1990202,Upper-Middle,Software Engineer,Low,65,Tamil,RGN023
CUST004486,Neha Desai,9138071860,Male,Married,1197219,Upper-Middle,Business Owner,Medium,52,Telugu,RGN018
CUST004487,Siddharth Reddy,9993994510,Male,Single,486926,Middle,Hardware Technician,Medium,46,Hindi,RGN011
CUST004488,Ananya Subramanian,9838292162,Female,Divorced,274269,Low,Real Estate Agent,Medium,39,Hindi,RGN028
CUST004489,Pradeep Das,9042785710,Male,Married,231694,Low,Hardware Technician,Medium,50,Hindi,RGN040
CUST004490,Poonam Reddy,7630569562,Female,Single,2252151,High,Doctor,Low,44,Hindi,RGN048
CUST004491,Uday Pillai,8096941235,Male,Married,332444,Middle,Driver,High,38,Hindi,RGN005
CUST004492,Suresh Sharma,7888990888,Female,Divorced,1383199,Upper-Middle,Software Engineer,Low,34,Oriya,RGN032
CUST004493,Isha Jadhav,9081107149,Male,Married,1581010,Upper-Middle,Software Engineer,Low,37,Hindi,RGN044
CUST004494,Tanvi Gupta,7360368085,Male,Married,67674,Low,Farmer,Medium,18,Tamil,RGN024
CUST004495,Amrita Hegde,8443721326,Male,Divorced,101737,Low,Farmer,Medium,40,Hindi,RGN037
CUST004496,Ravi Nair,9763831918,Male,Married,1287175,Upper-Middle,Business Owner,Medium,32,Telugu,RGN020
CUST004497,Harsha Chakraborty,6438430979,Female,Married,2923998,High,Software Engineer,Low,57,Hindi,RGN049
CUST004498,Aditi Chaudhary,8190534864,Female,Married,357771,Middle,Real Estate Agent,Medium,38,Hindi,RGN009
CUST004499,Shweta Patel,6187472913,Female,Married,1507593,Upper-Middle,Software Engineer,Low,23,Hindi,RGN038
CUST004500,Uday Rao,6126597460,Male,Single,2094515,High,Software Engineer,Low,37,Hindi,RGN011
CUST004501,Sarika Reddy,7023121781,Male,Married,484962,Middle,Teacher,Low,25,Hindi,RGN035
CUST004502,Uday Iyer,9042327588,Female,Married,1180182,Upper-Middle,Software Engineer,Low,43,Hindi,RGN008
CUST004503,Amrita Chaudhary,6185920630,Male,Married,264419,Low,Front Desk Executive,Low,41,Oriya,RGN031
CUST004504,Gaurav Agarwal,8165272618,Female,Married,116437,Low,Driver,High,49,Hindi,RGN044
CUST004505,Amrita Saxena,6095310017,Male,Divorced,232779,Low,Driver,High,28,Oriya,RGN032
CUST004506,Karan Chakraborty,7513622380,Male,Single,65633,Low,Farmer,Medium,38,Oriya,RGN032
CUST004507,Mohit Subramanian,6370209819,Male,Married,372176,Middle,Real Estate Agent,Medium,21,Hindi,RGN013
CUST004508,Aryan Chaudhary,8014696136,Male,Divorced,398551,Middle,Teacher,Low,46,Hindi,RGN016
CUST004509,Harsha Menon,6772720450,Female,Married,562561,Middle,Software Engineer,Low,44,Hindi,RGN030
CUST004510,Sunita Kapoor,6635333501,Male,Widowed,1058865,Upper-Middle,Software Engineer,Low,43,Oriya,RGN032
CUST004511,Meera Hegde,9262510494,Female,Divorced,308599,Middle,Teacher,Low,38,Hindi,RGN008
CUST004512,Vikram Dubey,9173051513,Female,Single,1643315,Upper-Middle,Software Engineer,Low,42,Oriya,RGN032
CUST004513,Varun Kumar,7209673092,Male,Married,603996,Middle,Real Estate Agent,Medium,57,Telugu,RGN020
CUST004514,Sneha Pillai,8074135966,Male,Single,1280608,Upper-Middle,Software Engineer,Low,34,Hindi,RGN048
CUST004515,Varun Kumar,8339036385,Male,Widowed,118521,Low,Front Desk Executive,Low,39,Hindi,RGN038
CUST004516,Pooja Rajan,7321540131,Female,Married,163580,Low,Teacher,Low,24,Hindi,RGN042
CUST004517,Mohit Sharma,6084162675,Female,Married,393588,Middle,Software Engineer,Low,27,Kannada,RGN022
CUST004518,Nikhil Menon,6146831465,Male,Married,236035,Low,Hardware Technician,Medium,39,Hindi,RGN046
CUST004519,Amrita Pillai,6039455846,Female,Single,253948,Low,Teacher,Low,51,Hindi,RGN040
CUST004520,Shruti Reddy,8201819023,Male,Married,1404550,Upper-Middle,Software Engineer,Low,34,Hindi,RGN014
CUST004521,Nikhil Jadhav,7016519889,Male,Single,2199139,High,Software Engineer,Low,35,Hindi,RGN009
CUST004522,Aditya Kulkarni,6609175075,Female,Single,211506,Low,Farmer,Medium,33,Hindi,RGN009
CUST004523,Sneha Saxena,6926775046,Male,Married,2430767,High,Software Engineer,Low,31,Hindi,RGN011
CUST004524,Pooja Dubey,6622843965,Male,Single,640791,Middle,Real Estate Agent,Medium,41,Hindi,RGN047
CUST004525,Ramesh Iyer,9887202048,Male,Widowed,95126,Low,Driver,High,20,Hindi,RGN004
CUST004526,Swati Saxena,9103653476,Female,Married,293952,Low,Farmer,Medium,53,Tamil,RGN023
CUST004527,Ramesh Agarwal,8144271974,Male,Married,203777,Low,Hardware Technician,Medium,30,Hindi,RGN040
CUST004528,Vikram Jadhav,8314595508,Male,Widowed,160594,Low,Front Desk Executive,Low,46,Hindi,RGN044
CUST004529,Rekha Patil,6029069547,Male,Married,187087,Low,Farmer,Medium,22,Hindi,RGN001
CUST004530,Amrita Balaji,7564272943,Female,Single,2716461,High,Software Engineer,Low,46,Kannada,RGN021
CUST004531,Deepa Chakraborty,9109098245,Male,Married,152221,Low,Driver,High,46,Telugu,RGN017
CUST004532,Vijay Bose,6814647023,Male,Married,2018571,High,Business Owner,Medium,42,Oriya,RGN032
CUST004533,Sunita Tripathi,9074170602,Male,Married,195776,Low,Front Desk Executive,Low,26,Hindi,RGN007
CUST004534,Zara Gowda,7525531341,Male,Married,428830,Middle,Teacher,Low,40,Hindi,RGN013
CUST004535,Santosh Srivastava,9622809541,Male,Married,516301,Middle,Software Engineer,Low,23,Kannada,RGN022
CUST004536,Kunal Subramanian,9540163790,Male,Married,196639,Low,Driver,High,34,Hindi,RGN003
CUST004537,Anjali Dubey,8848281739,Male,Married,790092,Middle,Real Estate Agent,Medium,50,Hindi,RGN039
CUST004538,Rohit Das,7396910829,Male,Divorced,1507886,Upper-Middle,Software Engineer,Low,47,Hindi,RGN039
CUST004539,Manoj More,9561206464,Female,Single,425534,Middle,Real Estate Agent,Medium,38,Hindi,RGN049
CUST004540,Tanvi Das,9764785625,Female,Married,3256430,High,Business Owner,Medium,26,Hindi,RGN045
CUST004541,Vishal Venkatesh,6845014399,Male,Single,1072842,Upper-Middle,Business Owner,Medium,45,Hindi,RGN013
CUST004542,Kritika Mishra,7570992861,Male,Widowed,3070332,High,Doctor,Low,38,Hindi,RGN047
CUST004543,Zara Hegde,6285514382,Male,Divorced,502082,Middle,Teacher,Low,18,Hindi,RGN025
CUST004544,Neha Chakraborty,8520328659,Female,Divorced,129055,Low,Farmer,Medium,47,Hindi,RGN040
CUST004545,Pradeep Patel,6819805283,Male,Married,1945764,Upper-Middle,Software Engineer,Low,37,Hindi,RGN007
CUST004546,Siddharth Pandey,6530673083,Male,Widowed,349888,Middle,Teacher,Low,52,Hindi,RGN014
CUST004547,Gaurav Deshpande,6388401677,Female,Single,4596381,High,Doctor,Low,24,Hindi,RGN049
CUST004548,Nandini Deshpande,9921910507,Male,Divorced,208640,Low,Front Desk Executive,Low,18,Hindi,RGN028
CUST004549,Pooja Shetty,6970957445,Female,Married,557949,Middle,Software Engineer,Low,41,Hindi,RGN008
CUST004550,Tanvi Shah,8069143876,Male,Single,558054,Middle,Teacher,Low,41,Hindi,RGN001
CUST004551,Rahul Pandey,9384315567,Male,Married,636634,Middle,Real Estate Agent,Medium,18,Oriya,RGN031
CUST004552,Poonam Dubey,9959792962,Male,Single,1731158,Upper-Middle,Software Engineer,Low,26,Hindi,RGN005
CUST004553,Harsha Subramanian,9327324370,Male,Single,1780732,Upper-Middle,Software Engineer,Low,65,Hindi,RGN050
CUST004554,Aditi Jadhav,7919056651,Female,Married,204263,Low,Driver,High,34,Hindi,RGN046
CUST004555,Priya Bose,8134307683,Female,Married,2580300,High,Software Engineer,Low,46,Hindi,RGN037
CUST004556,Ananya Iyer,7987681605,Male,Married,232175,Low,Front Desk Executive,Low,30,Hindi,RGN001
CUST004557,Shruti Chakraborty,6917024236,Male,Married,1416757,Upper-Middle,Software Engineer,Low,18,Hindi,RGN004
CUST004558,Neha Gupta,7743738013,Male,Divorced,180795,Low,Front Desk Executive,Low,35,Hindi,RGN038
CUST004559,Ravi Kumar,6843413571,Female,Married,1866311,Upper-Middle,Software Engineer,Low,34,Hindi,RGN015
CUST004560,Ravi Balaji,9826111476,Male,Widowed,1363650,Upper-Middle,Software Engineer,Low,33,Hindi,RGN016
CUST004561,Ramesh Gowda,7073478735,Male,Divorced,2414628,High,Software Engineer,Low,36,Hindi,RGN009
CUST004562,Aditi Naik,8145564731,Male,Married,1920780,Upper-Middle,Business Owner,Medium,41,Hindi,RGN025
CUST004563,Uday Tiwari,6688592663,Male,Widowed,3236889,High,Business Owner,Medium,36,Hindi,RGN043
CUST004564,Rekha Joshi,9008894383,Male,Single,1361393,Upper-Middle,Business Owner,Medium,22,Tamil,RGN024
CUST004565,Varun Rao,6148578165,Female,Married,277286,Low,Teacher,Low,43,Hindi,RGN005
CUST004566,Nandini Rajan,9088041890,Male,Married,1265649,Upper-Middle,Pilot,High,18,Hindi,RGN008
CUST004567,Meera Iyer,7446288261,Female,Married,413673,Middle,Teacher,Low,18,Hindi,RGN026
CUST004568,Pooja Malhotra,9346087363,Female,Married,660621,Middle,Software Engineer,Low,46,Hindi,RGN046
CUST004569,Neha Jadhav,6493181372,Female,Married,2109322,High,Software Engineer,Low,44,Telugu,RGN017
CUST004570,Akash Rao,7938045030,Male,Married,621609,Middle,Business Owner,Medium,37,Hindi,RGN042
CUST004571,Ananya Chakraborty,7491164764,Female,Married,215199,Low,Driver,High,21,Hindi,RGN006
CUST004572,Neha Deshpande,7738681337,Male,Widowed,1331861,Upper-Middle,Real Estate Agent,Medium,29,Hindi,RGN047
CUST004573,Bhavna Patil,7278181553,Male,Divorced,1060177,Upper-Middle,Doctor,Low,34,Hindi,RGN050
CUST004574,Ananya Mehta,7588302136,Male,Married,139599,Low,Farmer,Medium,18,Hindi,RGN011
CUST004575,Sarika Nair,9160338417,Female,Single,122979,Low,Front Desk Executive,Low,29,Hindi,RGN036
CUST004576,Vikram Rao,9602874907,Male,Single,155382,Low,Teacher,Low,45,Hindi,RGN004
CUST004577,Lakshmi Kumar,7648810503,Female,Single,1784159,Upper-Middle,Business Owner,Medium,55,Hindi,RGN042
CUST004578,Zara Naik,6678128837,Male,Married,765538,Middle,Business Owner,Medium,32,Hindi,RGN040
CUST004579,Harsha Kumar,7985930822,Male,Married,548788,Middle,Teacher,Low,47,Hindi,RGN011
CUST004580,Tanvi Naik,9814695395,Male,Divorced,210379,Low,Farmer,Medium,18,Hindi,RGN037
CUST004581,Rajesh Hegde,7698232072,Male,Married,1057789,Upper-Middle,Software Engineer,Low,45,Hindi,RGN007
CUST004582,Anil Bose,8861156230,Female,Divorced,57042,Low,Farmer,Medium,28,Hindi,RGN036
CUST004583,Harsha Gowda,9780194670,Male,Single,168413,Low,Driver,High,41,Hindi,RGN009
CUST004584,Siddharth Verma,6412804471,Other,Single,427050,Middle,Teacher,Low,35,Hindi,RGN029
CUST004585,Aryan Desai,7083624874,Male,Married,1009165,Upper-Middle,Software Engineer,Low,53,Hindi,RGN016
CUST004586,Pooja Mehta,8623788617,Female,Single,1727727,Upper-Middle,Software Engineer,Low,27,Hindi,RGN005
CUST004587,Varun Subramanian,7277606395,Female,Married,629043,Middle,Teacher,Low,45,Hindi,RGN035
CUST004588,Kunal Mishra,6368990657,Male,Widowed,217578,Low,Hardware Technician,Medium,34,Telugu,RGN019
CUST004589,Swati Kumar,,Male,Married,222013,Low,Driver,High,36,Hindi,RGN005
CUST004590,Sunil Sharma,7756184535,Female,Married,658855,Middle,Software Engineer,Low,35,Hindi,RGN028
CUST004591,Mohit Desai,97778XXXXX,Female,Widowed,2484394,High,Pilot,High,27,Hindi,RGN002
CUST004592,Ananya Agarwal,8836188374,Female,Married,2702499,High,Doctor,Low,37,Hindi,RGN050
CUST004593,Zara Mishra,8892396042,Male,Married,2471573,High,Business Owner,Medium,37,Hindi,RGN039
CUST004594,Rahul Kumar,8450256702,Female,Married,372532,Middle,Hardware Technician,Medium,40,Hindi,RGN041
CUST004595,Akash Srivastava,6782959881,Female,Married,1193221,Upper-Middle,Software Engineer,Low,39,Hindi,RGN007
CUST004596,Manoj Iyer,9103763294,Male,Single,407151,Middle,Teacher,Low,47,Hindi,RGN012
CUST004597,Geeta Kumar,6380437412,Female,Widowed,1587211,Upper-Middle,Business Owner,Medium,49,Hindi,RGN042
CUST004598,Akash Subramanian,9980865510,Female,Single,311091,Middle,Real Estate Agent,Medium,25,Hindi,RGN009
CUST004599,Rohit Chaudhary,9199707839,Male,Single,181903,Low,Farmer,Medium,48,Hindi,RGN033
CUST004600,Prakash Nair,7132940275,Male,Married,1026805,Upper-Middle,Software Engineer,Low,23,Hindi,RGN050
CUST004601,Amrita More,8250165755,Male,Married,365874,Middle,Teacher,Low,45,Telugu,RGN020
CUST004602,Suresh Bose,8748632810,Other,Married,1981919,Upper-Middle,Business Owner,Medium,45,Hindi,RGN037
CUST004603,Ravi Desai,9056055738,Male,Married,1576366,Upper-Middle,Software Engineer,Low,18,Hindi,RGN050
CUST004604,Harsha Tripathi,8109600661,Male,Married,1694575,Upper-Middle,Software Engineer,Low,39,Hindi,RGN035
CUST004605,Siddharth Singh,9153176602,Male,Married,133948,Low,Farmer,Medium,32,Hindi,RGN036
CUST004606,Poonam Desai,8456979181,Female,Married,137244,Low,Farmer,Medium,28,Hindi,RGN046
CUST004607,Nandini Mehta,8336975755,Male,Married,2938484,High,Doctor,Low,54,Telugu,RGN020
CUST004608,Suresh Nair,8606834260,Female,Married,694747,Middle,Teacher,Low,30,Hindi,RGN009
CUST004609,Kunal Menon,8338824996,Male,Married,169234,Low,Farmer,Medium,28,Hindi,RGN043
CUST004610,Karan Malhotra,9608187588,Male,Divorced,2948796,High,Software Engineer,Low,38,Hindi,RGN011
CUST004611,Poonam Shah,6414036348,Female,Single,406275,Middle,Teacher,Low,46,Hindi,RGN012
CUST004612,Tanvi Rajan,9451261937,Male,Single,2395083,High,Software Engineer,Low,36,Hindi,RGN011
CUST004613,Lakshmi Verma,6229309443,Male,Divorced,2871317,High,Software Engineer,Low,51,Hindi,RGN043
CUST004614,Divya Shah,6213455799,Female,Single,631569,Middle,Business Owner,Medium,44,Hindi,RGN009
CUST004615,Sandeep Reddy,6072566872,Male,Married,609050,Middle,Teacher,Low,18,Hindi,RGN033
CUST004616,Pradeep Patel,7063657837,Female,Married,151276,Low,Farmer,Medium,31,Oriya,RGN032
CUST004617,Rekha Kumar,6510413677,Male,Widowed,1788180,Upper-Middle,Software Engineer,Low,31,Hindi,RGN001
CUST004618,Divya Rao,9679593224,Male,Married,401535,Middle,Teacher,Low,43,Telugu,RGN018
CUST004619,Gaurav Menon,9737196755,Female,Single,863437,Upper-Middle,Real Estate Agent,Medium,18,Hindi,RGN043
CUST004620,Arjun Naik,9912094540,Male,Married,271826,Low,Farmer,Medium,65,Hindi,RGN027
CUST004621,Deepa Hegde,78944XXXXX,Male,Single,839541,Upper-Middle,Real Estate Agent,Medium,44,Telugu,RGN020
CUST004622,Arjun Reddy,9694136674,Male,Married,518502,Middle,Teacher,Low,39,Hindi,RGN029
CUST004623,Vinod Reddy,9899690878,Female,Married,2832786,High,Doctor,Low,52,Hindi,RGN044
CUST004624,Ananya Deshpande,9391418359,Male,Divorced,2410286,High,Doctor,Low,65,Hindi,RGN010
CUST004625,Meera Shah,6949044474,Female,Widowed,346663,Middle,Teacher,Low,48,Hindi,RGN044
CUST004626,Santosh Krishnan,7707254452,Female,Married,888342,Upper-Middle,Real Estate Agent,Medium,49,Hindi,RGN045
CUST004627,Sarika Shah,9861095472,Male,Married,235896,Low,Farmer,Medium,39,Hindi,RGN045
CUST004628,Poonam Tripathi,9407519391,Female,Single,301788,Middle,Driver,High,36,Tamil,RGN023
CUST004629,Karan Menon,8603782803,Female,Single,162620,Low,Teacher,Low,32,Hindi,RGN030
CUST004630,Rekha Desai,8689910858,Male,Married,203821,Low,Farmer,Medium,28,Oriya,RGN031
CUST004631,Sneha Das,9770750139,Male,Married,3918240,High,Pilot,High,29,Hindi,RGN045
CUST004632,Poonam Shah,7925679746,Female,Divorced,1889472,Upper-Middle,Software Engineer,Low,21,Hindi,RGN037
CUST004633,Rohit Singh,7177186266,Female,Married,289146,Low,Farmer,Medium,37,Hindi,RGN005
CUST004634,Zara Reddy,9861633863,Male,Married,662404,Middle,Software Engineer,Low,18,Hindi,RGN038
CUST004635,Sunita Kulkarni,6303262498,Male,Divorced,1403136,Upper-Middle,Business Owner,Medium,40,Hindi,RGN044
CUST004636,Nandini Dubey,9409466549,Female,Married,1895331,Upper-Middle,Business Owner,Medium,37,Hindi,RGN030
CUST004637,Aditi Sharma,9705364434,Female,Married,880996,Upper-Middle,Software Engineer,Low,39,Hindi,RGN011
CUST004638,Isha More,8412176208,Male,Married,2746618,High,Pilot,High,31,Hindi,RGN045
CUST004639,Swati Pillai,6128934828,Male,Married,175578,Low,Farmer,Medium,65,Tamil,RGN024
CUST004640,Ramesh Dubey,6092053650,Male,Married,211159,Low,Teacher,Low,54,Hindi,RGN012
CUST004641,Amrita Patil,8568696900,Female,Married,2814556,High,Software Engineer,Low,23,Hindi,RGN003
CUST004642,Kavya Agarwal,6923315240,Male,Married,827080,Upper-Middle,Real Estate Agent,Medium,40,Hindi,RGN016
CUST004643,Anil Tiwari,8157584276,Female,Married,1413949,Upper-Middle,Software Engineer,Low,30,Hindi,RGN047
CUST004644,Isha Nair,9127793333,Male,Married,2569008,High,Software Engineer,Low,25,Hindi,RGN045
CUST004645,Vijay Mishra,8694201844,Female,Married,206883,Low,Farmer,Medium,21,Tamil,RGN023
CUST004646,Anjali Balaji,6285514382,Female,Married,87861,Low,Farmer,Medium,43,Hindi,RGN046
CUST004647,Suresh Agarwal,9410318417,Male,Married,1472327,Upper-Middle,Software Engineer,Low,29,Hindi,RGN007
CUST004648,Nandini Subramanian,7265234655,Male,Married,235292,Low,Driver,High,49,Hindi,RGN005
CUST004649,Isha Gowda,8612038467,Female,Married,410081,Middle,Teacher,Low,49,Hindi,RGN049
CUST004650,Sunil More,7644019892,Male,Single,998771,Upper-Middle,Pilot,High,54,Hindi,RGN010
CUST004651,Sneha Reddy,6435354256,Female,Single,1328364,Upper-Middle,Software Engineer,Low,27,Telugu,RGN020
CUST004652,Ramesh Tripathi,7860781384,Male,Married,208689,Low,Hardware Technician,Medium,43,Hindi,RGN043
CUST004653,Uday Tripathi,9513407491,Male,Married,2877911,High,Doctor,Low,45,Hindi,RGN003
CUST004654,Rajesh Verma,8058240554,Female,Married,2978857,High,Software Engineer,Low,32,Hindi,RGN049
CUST004655,Bhavna Agarwal,9512069061,Female,Married,289739,Low,Hardware Technician,Medium,28,Hindi,RGN030
CUST004656,Aditi Srivastava,6959737253,Female,Married,2183362,High,Business Owner,Medium,57,Hindi,RGN050
CUST004657,Amrita More,6315846439,Female,Widowed,164175,Low,Farmer,Medium,40,Hindi,RGN049
CUST004658,Aditya Jadhav,8428054009,Female,Single,1270015,Upper-Middle,Business Owner,Medium,45,Hindi,RGN008
CUST004659,Deepa Dubey,7319507873,Male,Married,908580,Upper-Middle,Doctor,Low,28,Hindi,RGN016
CUST004660,Poonam Sharma,6539003432,Male,Married,2820915,High,Software Engineer,Low,23,Hindi,RGN033
CUST004661,Suresh Venkatesh,7620555562,Male,Married,188083,Low,Driver,High,31,Hindi,RGN036
CUST004662,Poonam More,8975657833,Male,Married,214187,Low,Front Desk Executive,Low,36,Hindi,RGN039
CUST004663,Sandeep Chaudhary,7994310951,Female,Married,380630,Middle,Teacher,Low,25,Hindi,RGN046
CUST004664,Shruti Tripathi,8787828095,Female,Married,525617,Middle,Business Owner,Medium,37,Hindi,RGN040
CUST004665,Deepak More,9283978301,Male,Married,2847735,High,Software Engineer,Low,18,Hindi,RGN029
CUST004666,Akash Jadhav,9598460745,Female,Married,212866,Low,Hardware Technician,Medium,24,Hindi,RGN010
CUST004667,Rekha Rao,9256703271,Male,Married,2649340,High,Software Engineer,Low,46,Telugu,RGN017
CUST004668,Vinod Sharma,9587509802,Female,Married,123358,Low,Driver,High,45,Hindi,RGN050
CUST004669,Kavya Shetty,6752046907,Female,Married,383466,Middle,Teacher,Low,33,Hindi,RGN028
CUST004670,Gaurav Malhotra,8390648477,Male,Married,188558,Low,Teacher,Low,25,Hindi,RGN044
CUST004671,Nikhil Reddy,7920244407,Male,Married,173641,Low,Front Desk Executive,Low,25,Oriya,RGN032
CUST004672,Sapna Malhotra,7197189011,Male,Single,239226,Low,Hardware Technician,Medium,33,Hindi,RGN016
CUST004673,Amrita Deshpande,7036729169,Female,Widowed,1946383,Upper-Middle,Pilot,High,45,Hindi,RGN014
CUST004674,Aditya Pillai,8261666471,Male,Married,95996,Low,Driver,High,49,Hindi,RGN048
CUST004675,Anjali Tiwari,6793527565,Female,Married,449883,Middle,Teacher,Low,32,Hindi,RGN037
CUST004676,Ramesh Balaji,7083130016,Female,Married,712185,Middle,Software Engineer,Low,24,Hindi,RGN007
CUST004677,Nikhil Saxena,6832152900,Female,Married,712270,Middle,Software Engineer,Low,41,Hindi,RGN004
CUST004678,Rekha Das,9416643086,Male,Single,227266,Low,Hardware Technician,Medium,28,Telugu,RGN018
CUST004679,Deepa Pillai,6428316723,Male,Single,143074,Low,Farmer,Medium,31,Hindi,RGN036
CUST004680,Isha Patel,7464471060,Male,Married,1160554,Upper-Middle,Software Engineer,Low,53,Kannada,RGN022
CUST004681,Kunal Kapoor,9067377889,Female,Married,1197429,Upper-Middle,Software Engineer,Low,47,Hindi,RGN044
CUST004682,Harsha Deshpande,7141810072,Female,Married,1774450,Upper-Middle,Software Engineer,Low,39,Hindi,RGN011
CUST004683,Nandini Kumar,6847980117,Female,Married,367717,Middle,Real Estate Agent,Medium,22,Hindi,RGN016
CUST004684,Akash Patel,6564765857,Male,Single,224330,Low,Hardware Technician,Medium,40,Hindi,RGN050
CUST004685,Rekha Hegde,8790336759,Female,Single,1731511,Upper-Middle,Software Engineer,Low,50,Hindi,RGN014
CUST004686,Sunil Balaji,8791099993,Female,Married,133526,Low,Driver,High,33,Tamil,RGN024
CUST004687,Ramesh Gowda,9848652308,Male,Married,347757,Middle,Driver,High,54,Hindi,RGN049
CUST004688,Aditya Agarwal,6453343049,Male,Married,290412,Low,Front Desk Executive,Low,53,Hindi,RGN047
CUST004689,Deepa Malhotra,7070002675,Female,Married,326820,Middle,Real Estate Agent,Medium,57,Hindi,RGN030
CUST004690,Amrita Chakraborty,8475396416,Male,Single,1282365,Upper-Middle,Pilot,High,41,Hindi,RGN028
CUST004691,Geeta Kapoor,7825117230,Female,Married,183820,Low,Driver,High,45,Kannada,RGN022
CUST004692,Yash Chakraborty,7582172633,Male,Single,218888,Low,Hardware Technician,Medium,54,Hindi,RGN034
CUST004693,Rohit Joshi,6804808861,Male,Single,307887,Middle,Teacher,Low,43,Hindi,RGN010
CUST004694,Tanvi Hegde,6258044306,Male,Single,1052676,Upper-Middle,Software Engineer,Low,31,Hindi,RGN010
CUST004695,Suresh Hegde,8772112716,Female,Married,469632,Middle,Real Estate Agent,Medium,32,Kannada,RGN022
CUST004696,Suresh Tiwari,6098176635,Male,Single,182293,Low,Front Desk Executive,Low,40,Telugu,RGN018
CUST004697,Rajesh Pandey,7152673711,Female,Married,137947,Low,Farmer,Medium,22,Hindi,RGN005
CUST004698,Rahul Iyer,6706868646,Female,Widowed,418843,Middle,Business Owner,Medium,36,Hindi,RGN008
CUST004699,Karan Gupta,8147359468,Female,Married,281701,Low,Teacher,Low,51,Hindi,RGN002
CUST004700,Rahul Patel,8374252577,Female,Married,884057,Upper-Middle,Software Engineer,Low,18,Hindi,RGN003
CUST004701,Siddharth Naik,9899773951,Male,Married,3674805,High,Business Owner,Medium,56,Hindi,RGN033
CUST004702,Mohit Srivastava,9603237014,Female,Married,295879,Low,Hardware Technician,Medium,51,Hindi,RGN049
CUST004703,Tanvi Agarwal,6950715199,Male,Married,345334,Middle,Hardware Technician,Medium,32,Hindi,RGN001
CUST004704,Anjali Saxena,9323047725,Female,Single,1932991,Upper-Middle,Business Owner,Medium,44,Hindi,RGN014
CUST004705,Aarav Kumar,9115953384,Male,Married,4883018,High,Doctor,Low,38,Hindi,RGN027
CUST004706,Yash Tripathi,6629062881,Female,Married,204883,Low,Driver,High,52,Hindi,RGN026
CUST004707,Arjun Kumar,8660309805,Male,Married,1482606,Upper-Middle,Business Owner,Medium,49,Hindi,RGN010
CUST004708,Sneha Gowda,9708666562,Male,Married,97941,Low,Farmer,Medium,21,Hindi,RGN005
CUST004709,Sunil Saxena,8680877934,Female,Single,167155,Low,Teacher,Low,45,Kannada,RGN022
CUST004710,Kritika Hegde,9244167621,Male,Single,1727124,Upper-Middle,Business Owner,Medium,35,Hindi,RGN012
CUST004711,Lakshmi Chakraborty,9430964742,Male,Married,179482,Low,Farmer,Medium,38,Hindi,RGN030
CUST004712,Prakash Subramanian,7268348709,Female,Married,169096,Low,Farmer,Medium,29,Kannada,RGN022
CUST004713,Aditya Rao,7951628908,Female,Married,301992,Middle,Business Owner,Medium,58,Oriya,RGN032
CUST004714,Rekha Das,8548262773,Male,Married,288350,Low,Hardware Technician,Medium,50,Tamil,RGN024
CUST004715,Tanvi Subramanian,7125812876,Male,Married,360366,Middle,Teacher,Low,29,Hindi,RGN011
CUST004716,Lakshmi Verma,9340419744,Male,Single,399352,Middle,Teacher,Low,21,Hindi,RGN044
CUST004717,Kunal Tiwari,9652246968,Male,Divorced,1577807,Upper-Middle,Doctor,Low,33,Hindi,RGN002
CUST004718,Deepak Srivastava,8169217517,Female,Married,2359132,High,Business Owner,Medium,43,Hindi,RGN006
CUST004719,Yash Das,6352845470,Male,Single,1629928,Upper-Middle,Software Engineer,Low,40,Hindi,RGN030
CUST004720,Geeta Agarwal,8005745807,Male,Married,279348,Low,Teacher,Low,53,Hindi,RGN026
CUST004721,Bhavna Bose,9648784138,Female,Married,2628414,High,Software Engineer,Low,47,Oriya,RGN031
CUST004722,Sunil Patil,7127607833,Male,Single,169825,Low,Farmer,Medium,49,Hindi,RGN006
CUST004723,Sunita Krishnan,8948224524,Male,Single,705457,Middle,Business Owner,Medium,41,Hindi,RGN011
CUST004724,Manoj Desai,6603534176,Male,Divorced,127911,Low,Front Desk Executive,Low,21,Oriya,RGN032
CUST004725,Deepak Shah,8461411910,Female,Married,139390,Low,Farmer,Medium,35,Hindi,RGN028
CUST004726,Zara Patil,6473912983,Female,Divorced,358510,Middle,Business Owner,Medium,50,Hindi,RGN040
CUST004727,Anil Sharma,8844801277,Female,Married,190171,Low,Front Desk Executive,Low,37,Hindi,RGN003
CUST004728,Manoj Rajan,6277156853,Female,Married,1625980,Upper-Middle,Software Engineer,Low,44,Telugu,RGN019
CUST004729,Prakash Rao,6917447940,Female,Married,291411,Low,Real Estate Agent,Medium,34,Hindi,RGN036
CUST004730,Rohit Chaudhary,6308922906,Female,Single,1376356,Upper-Middle,Software Engineer,Low,25,Hindi,RGN048
CUST004731,Sneha Gowda,8199658402,Male,Single,762855,Middle,Business Owner,Medium,36,Hindi,RGN041
CUST004732,Geeta Menon,7764526587,Male,Married,1509472,Upper-Middle,Software Engineer,Low,41,Hindi,RGN030
CUST004733,Karan Naik,7802386562,Male,Married,3214874,High,Doctor,Low,30,Hindi,RGN013
CUST004734,Deepa Gupta,9008059801,Male,Married,479185,Middle,Real Estate Agent,Medium,35,Oriya,RGN032
CUST004735,Akash Joshi,6030053782,Female,Widowed,1977497,Upper-Middle,Business Owner,Medium,26,Tamil,RGN024
CUST004736,Rahul Desai,9872203071,Male,Single,401141,Middle,Business Owner,Medium,51,Hindi,RGN040
CUST004737,Aditi Gowda,6816922397,Male,Married,2694589,High,Software Engineer,Low,34,Telugu,RGN019
CUST004738,Kritika Menon,9621541519,Male,Married,190910,Low,Farmer,Medium,55,Tamil,RGN023
CUST004739,Sandeep Bose,6702729294,Male,Married,192661,Low,Teacher,Low,56,Hindi,RGN026
CUST004740,Gaurav Agarwal,7863583492,Female,Married,476980,Middle,Software Engineer,Low,37,Telugu,RGN020
CUST004741,Vikram More,9389874955,Female,Married,565604,Middle,Teacher,Low,25,Hindi,RGN025
CUST004742,Lakshmi Gowda,6092335588,Male,Divorced,769960,Middle,Real Estate Agent,Medium,18,Oriya,RGN032
CUST004743,Vijay Reddy,8728346389,Male,Single,349450,Middle,Driver,High,20,Hindi,RGN025
CUST004744,Akash Mishra,6619055875,Male,Married,141908,Low,Farmer,Medium,21,Tamil,RGN023
CUST004745,Aditi Subramanian,7029614990,Female,Married,1660933,Upper-Middle,Software Engineer,Low,54,Hindi,RGN009
CUST004746,Nikhil Chaudhary,8167952027,Male,Married,968936,Upper-Middle,Real Estate Agent,Medium,39,Tamil,RGN023
CUST004747,Mohit Kulkarni,6454811891,Male,Widowed,2311490,High,Software Engineer,Low,42,Hindi,RGN027
CUST004748,Meera Rajan,9284584874,Male,Married,191198,Low,Driver,High,18,Hindi,RGN027
CUST004749,Tanvi Kumar,8009262886,Male,Married,1765729,Upper-Middle,Software Engineer,Low,23,Hindi,RGN036
CUST004750,Vikram Jadhav,8807200805,Male,Married,324779,Middle,Teacher,Low,48,Hindi,RGN048
CUST004751,Isha Dubey,9019743575,Female,Divorced,1098480,Upper-Middle,Business Owner,Medium,41,Telugu,RGN020
CUST004752,Neha Shah,7925556808,Female,Married,1026781,Upper-Middle,Software Engineer,Low,36,Hindi,RGN006
CUST004753,Amrita Das,8690015812,Female,Single,916503,Upper-Middle,Software Engineer,Low,44,Hindi,RGN034
CUST004754,Aditi Tiwari,7624249470,Male,Married,99891,Low,Driver,High,57,Hindi,RGN012
CUST004755,Prakash Balaji,6251906724,Female,Divorced,298605,Low,Front Desk Executive,Low,35,Hindi,RGN001
CUST004756,Tanvi Tiwari,8609577248,Male,Married,246231,Low,Teacher,Low,38,Hindi,RGN010
CUST004757,Ramesh Rao,9747630835,Female,Married,2188707,High,Software Engineer,Low,40,Hindi,RGN001
CUST004758,Zara Chaudhary,9289091006,Female,Divorced,179327,Low,Driver,High,65,Telugu,RGN019
CUST004759,Siddharth Jadhav,7474180420,Female,Married,492554,Middle,Teacher,Low,18,Hindi,RGN041
CUST004760,Karan Krishnan,7230597573,Male,Divorced,625921,Middle,Real Estate Agent,Medium,46,Telugu,RGN020
CUST004761,Rahul Joshi,7682876575,Male,Married,83454,Low,Farmer,Medium,36,Hindi,RGN048
CUST004762,Ravi Bose,8525868568,Male,Widowed,1513220,Upper-Middle,Software Engineer,Low,44,Hindi,RGN025
CUST004763,Rahul More,8066487826,Male,Married,969831,Upper-Middle,Doctor,Low,30,Telugu,RGN018
CUST004764,Aditi Gupta,8871300025,Male,Married,249217,Low,Driver,High,37,Hindi,RGN043
CUST004765,Rohit Shetty,8464533479,Female,Married,1423979,Upper-Middle,Software Engineer,Low,46,Oriya,RGN032
CUST004766,Sanjay Tripathi,8294844704,Male,Married,1176739,Upper-Middle,Software Engineer,Low,65,Hindi,RGN003
CUST004767,Harsha Kumar,6450563370,Male,Single,171448,Low,Front Desk Executive,Low,47,Oriya,RGN032
CUST004768,Yash Pandey,9951181961,Male,Married,1165738,Upper-Middle,Doctor,Low,27,Hindi,RGN041
CUST004769,Kritika Das,7875955942,Female,Single,2466891,High,Doctor,Low,32,Hindi,RGN004
CUST004770,Shweta Subramanian,7981332419,Male,Divorced,491217,Middle,Teacher,Low,32,Hindi,RGN009
CUST004771,Aarav Joshi,9711801677,Male,Married,1163800,Upper-Middle,Business Owner,Medium,18,Hindi,RGN039
CUST004772,Kunal Pandey,8360489098,Male,Single,1364671,Upper-Middle,Software Engineer,Low,34,Hindi,RGN004
CUST004773,Sunil Dubey,8927143694,Male,Married,1833957,Upper-Middle,Business Owner,Medium,46,Hindi,RGN042
CUST004774,Ravi Pillai,9493476889,Female,Married,1649842,Upper-Middle,Business Owner,Medium,22,Hindi,RGN010
CUST004775,Meera Tiwari,7861618776,Male,Single,553649,Middle,Doctor,Low,50,Hindi,RGN030
CUST004776,Siddharth Kapoor,8580843196,Female,Divorced,145416,Low,Driver,High,43,Telugu,RGN018
CUST004777,Anil Sharma,8217900531,Female,Married,841255,Upper-Middle,Software Engineer,Low,29,Hindi,RGN026
CUST004778,Kritika Verma,7605574028,Male,Married,1721630,Upper-Middle,Software Engineer,Low,36,Hindi,RGN038
CUST004779,Siddharth Shetty,8595876955,Female,Single,354089,Middle,Driver,High,57,Hindi,RGN043
CUST004780,Nikhil Reddy,6268130783,Male,Married,322720,Middle,Hardware Technician,Medium,46,Hindi,RGN011
CUST004781,Aditi Tripathi,9318359412,Female,Married,572903,Middle,Teacher,Low,38,Hindi,RGN039
CUST004782,Anil Das,7459232580,Female,Divorced,1511232,Upper-Middle,Doctor,Low,35,Hindi,RGN004
CUST004783,Ramesh Gupta,7455711627,Male,Married,1152804,Upper-Middle,Software Engineer,Low,38,Hindi,RGN014
CUST004784,Suresh Venkatesh,8351492863,Male,Married,1446930,Upper-Middle,Software Engineer,Low,31,Hindi,RGN002
CUST004785,Sarika Das,7702317402,Male,Divorced,111254,Low,Hardware Technician,Medium,18,Hindi,RGN044
CUST004786,Geeta Balaji,6060763443,Male,Married,397811,Middle,Teacher,Low,62,Hindi,RGN036
CUST004787,Sanjay Mishra,7460263356,Female,Single,2797123,High,Doctor,Low,39,Tamil,RGN023
CUST004788,Ravi Pillai,8162987025,Male,Married,612209,Middle,Doctor,Low,42,Hindi,RGN038
CUST004789,Divya Kumar,7151435172,Female,Married,1874029,Upper-Middle,Software Engineer,Low,37,Hindi,RGN045
CUST004790,Gaurav Venkatesh,7685044852,Male,Married,248279,Low,Driver,High,29,Hindi,RGN005
CUST004791,Poonam Singh,9023547224,Male,Married,1104392,Upper-Middle,Software Engineer,Low,35,Hindi,RGN025
CUST004792,Arjun Singh,6553061139,Male,Married,307879,Middle,Hardware Technician,Medium,18,Hindi,RGN025
CUST004793,Suresh Jadhav,6045892752,Male,Single,448935,Middle,Software Engineer,Low,65,Hindi,RGN012
CUST004794,Sapna Shah,7408705683,Male,Married,824094,Upper-Middle,Software Engineer,Low,23,Hindi,RGN009
CUST004795,Sunil Naik,9125828488,Female,Single,1308093,Upper-Middle,Business Owner,Medium,25,Hindi,RGN040
CUST004796,Anjali Rao,6828439974,Male,Married,1192518,Upper-Middle,Business Owner,Medium,32,Hindi,RGN009
CUST004797,Sandeep Shah,9980055733,Male,Married,1465697,Upper-Middle,Software Engineer,Low,53,Hindi,RGN030
CUST004798,Rohit Pillai,6792660940,Female,Married,1888212,Upper-Middle,Software Engineer,Low,38,Hindi,RGN047
CUST004799,Swati Rajan,8475017505,Male,Divorced,122156,Low,Front Desk Executive,Low,23,Hindi,RGN050
CUST004800,Poonam Rao,9655899065,Male,Married,213120,Low,Driver,High,53,Hindi,RGN049
CUST004801,Pooja Naik,9972232420,Male,Single,192044,Low,Front Desk Executive,Low,46,Hindi,RGN033
CUST004802,Deepak Jadhav,8300631910,Female,Married,1966461,Upper-Middle,Software Engineer,Low,44,Hindi,RGN045
CUST004803,Meera Venkatesh,9971363591,Female,Married,300259,Middle,Hardware Technician,Medium,46,Telugu,RGN019
CUST004804,Ananya Das,6420286122,Male,Widowed,195538,Low,Farmer,Medium,65,Hindi,RGN009
CUST004805,Swati Reddy,7286140245,Male,Married,207267,Low,Driver,High,64,Hindi,RGN034
CUST004806,Uday Iyer,8224922430,Female,Single,173960,Low,Front Desk Executive,Low,29,Hindi,RGN050
CUST004807,Pooja Jadhav,7320001327,Female,Married,325896,Middle,Teacher,Low,57,Hindi,RGN044
CUST004808,Karan Rajan,7824350979,Male,Single,447261,Middle,Hardware Technician,Medium,42,Oriya,RGN031
CUST004809,Pooja Chakraborty,6353295617,Female,Single,174912,Low,Farmer,Medium,43,Hindi,RGN040
CUST004810,Yash Sharma,9294846764,Female,Married,2133502,High,Doctor,Low,18,Hindi,RGN010
CUST004811,Tanvi Subramanian,6897795361,Female,Married,117567,Low,Hardware Technician,Medium,35,Hindi,RGN016
CUST004812,Aarav Patil,8083070906,Male,Married,1680940,Upper-Middle,Software Engineer,Low,28,Hindi,RGN011
CUST004813,Rohit Pillai,7360273156,Male,Widowed,2894140,High,Doctor,Low,47,Hindi,RGN038
CUST004814,Kavya Desai,92617XXXXX,Female,Married,1613303,Upper-Middle,Software Engineer,Low,50,Hindi,RGN038
CUST004815,Suresh Patel,8598977738,Female,Married,229713,Low,Teacher,Low,18,Hindi,RGN008
CUST004816,Rohit Hegde,7438214629,Female,Single,424087,Middle,Teacher,Low,37,Hindi,RGN047
CUST004817,Kavya Patel,7222833813,Male,Married,589711,Middle,Teacher,Low,51,Hindi,RGN011
CUST004818,Deepak Balaji,8223590627,Female,Married,1054393,Upper-Middle,Real Estate Agent,Medium,35,Kannada,RGN021
CUST004819,Deepa Joshi,6940144124,Male,Married,2290072,High,Doctor,Low,46,Oriya,RGN032
CUST004820,Shruti Chakraborty,8229245670,Female,Married,2533653,High,Software Engineer,Low,42,Hindi,RGN041
CUST004821,Deepa Kumar,7935046293,Male,Married,281398,Low,Teacher,Low,42,Hindi,RGN044
CUST004822,Tanvi Chakraborty,7741535833,Female,Married,263046,Low,Teacher,Low,34,Telugu,RGN018
CUST004823,Pooja Iyer,9895919053,Male,Married,3538093,High,Pilot,High,23,Hindi,RGN050
CUST004824,Neha Agarwal,6945875950,Female,Single,194223,Low,Driver,High,24,Hindi,RGN030
CUST004825,Siddharth Chakraborty,7572323007,Male,Married,2371442,High,Doctor,Low,46,Hindi,RGN047
CUST004826,Rajesh Bose,6861869484,Female,Single,221259,Low,Hardware Technician,Medium,38,Oriya,RGN032
CUST004827,Kunal Shetty,9747529148,Male,Married,540721,Middle,Teacher,Low,36,Hindi,RGN013
CUST004828,Aditi Nair,7565086922,Female,Married,1132911,Upper-Middle,Software Engineer,Low,32,Hindi,RGN034
CUST004829,Sandeep Chaudhary,9025254110,Female,Single,241976,Low,Front Desk Executive,Low,34,Hindi,RGN027
CUST004830,Sarika Patel,8562412667,Male,Married,832696,Upper-Middle,Real Estate Agent,Medium,50,Hindi,RGN036
CUST004831,Suresh Singh,9809405964,Male,Single,211368,Low,Driver,High,33,Hindi,RGN039
CUST004832,Yash Pillai,9033642453,Male,Married,2805779,High,Doctor,Low,21,Hindi,RGN010
CUST004833,Lakshmi Deshpande,7065432614,Female,Married,2849416,High,Business Owner,Medium,46,Hindi,RGN025
CUST004834,Aditya Mehta,7403715243,Male,Single,239745,Low,Hardware Technician,Medium,35,Tamil,RGN024
CUST004835,Varun Singh,6091568309,Male,Married,2962590,High,Pilot,High,38,Hindi,RGN040
CUST004836,Swati Mishra,8312252649,Female,Married,2310096,High,Software Engineer,Low,57,Hindi,RGN045
CUST004837,Zara Chaudhary,9478706764,Male,Married,144960,Low,Front Desk Executive,Low,37,Hindi,RGN014
CUST004838,Aryan Tiwari,8286307078,Male,Single,2622267,High,Doctor,Low,41,Hindi,RGN016
CUST004839,Neha Nair,6010124480,Female,Married,1546044,Upper-Middle,Doctor,Low,23,Hindi,RGN007
CUST004840,Suresh Hegde,8694211874,Female,Married,2224219,High,Software Engineer,Low,35,Hindi,RGN011
CUST004841,Poonam Pandey,6044910072,Female,Married,1471725,Upper-Middle,Business Owner,Medium,45,Hindi,RGN002
CUST004842,Uday Sharma,7149204993,Female,Single,2870390,High,Software Engineer,Low,19,Hindi,RGN025
CUST004843,Nikhil Desai,6640412107,Female,Married,5254205,High,Pilot,High,40,Telugu,RGN017
CUST004844,Swati Jadhav,6431055031,Male,Divorced,135226,Low,Farmer,Medium,39,Hindi,RGN005
CUST004845,Sanjay Krishnan,8887850660,Female,Married,427422,Middle,Software Engineer,Low,38,Hindi,RGN010
CUST004846,Anjali Bose,9751414835,Female,Married,1064276,Upper-Middle,Software Engineer,Low,50,Hindi,RGN045
CUST004847,Sunil Deshpande,6560951427,Male,Married,1236109,Upper-Middle,Software Engineer,Low,42,Hindi,RGN046
CUST004848,Rohit Singh,9021538611,Female,Single,3053725,High,Business Owner,Medium,55,Hindi,RGN041
CUST004849,Lakshmi Saxena,8111627143,Male,Single,632288,Middle,Teacher,Low,26,Hindi,RGN041
CUST004850,Pradeep Venkatesh,8934106165,Other,Married,1186614,Upper-Middle,Software Engineer,Low,39,Hindi,RGN010
CUST004851,Divya Mehta,6472553107,Male,Married,1612695,Upper-Middle,Software Engineer,Low,39,Hindi,RGN004
CUST004852,Gaurav Rajan,7712207250,Male,Divorced,574364,Middle,Teacher,Low,25,Oriya,RGN031
CUST004853,Harsha Menon,8524088609,Male,Divorced,375464,Middle,Real Estate Agent,Medium,49,Hindi,RGN004
CUST004854,Karan Chaudhary,9925336010,Female,Widowed,1916023,Upper-Middle,Business Owner,Medium,65,Hindi,RGN037
CUST004855,Anjali Kapoor,7191400998,Female,Single,377815,Middle,Driver,High,37,Hindi,RGN007
CUST004856,Yash Tripathi,6297192288,Female,Married,215424,Low,Farmer,Medium,44,Hindi,RGN045
CUST004857,Rohit Verma,9415949254,Male,Married,298895,Low,Front Desk Executive,Low,39,Hindi,RGN011
CUST004858,Sunita Das,,Male,Married,446645,Middle,Real Estate Agent,Medium,29,Telugu,RGN020
CUST004859,Ananya Tiwari,7869664811,Female,Married,462554,Middle,Teacher,Low,18,Telugu,RGN017
CUST004860,Vinod More,6512927243,Female,Married,640804,Middle,Software Engineer,Low,29,Hindi,RGN010
CUST004861,Priya Gupta,6677798367,Male,Married,239177,Low,Driver,High,21,Hindi,RGN014
CUST004862,Neha Deshpande,9810708240,Male,Married,4728852,High,Doctor,Low,58,Telugu,RGN017
CUST004863,Pooja Saxena,7513315792,Female,Single,1868659,Upper-Middle,Software Engineer,Low,36,Hindi,RGN015
CUST004864,Deepa Tiwari,6823661620,Male,Married,246252,Low,Hardware Technician,Medium,33,Tamil,RGN023
CUST004865,Sarika More,6729512660,Male,Single,423420,Middle,Teacher,Low,48,Hindi,RGN033
CUST004866,Geeta Chaudhary,9961108403,Female,Single,2190516,High,Doctor,Low,24,Telugu,RGN019
CUST004867,Varun Tiwari,6927673608,Female,Divorced,595357,Middle,Teacher,Low,28,Hindi,RGN029
CUST004868,Ramesh Sharma,9333995066,Male,Married,3778553,High,Doctor,Low,38,Hindi,RGN049
CUST004869,Vijay Venkatesh,9760550800,Female,Married,391194,Middle,Teacher,Low,50,Hindi,RGN035
CUST004870,Rekha Jadhav,8090830692,Female,Single,269842,Low,Farmer,Medium,44,Hindi,RGN007
CUST004871,Uday More,8098055644,Female,Divorced,1631170,Upper-Middle,Software Engineer,Low,40,Hindi,RGN035
CUST004872,Kritika Mishra,6994124361,Female,Married,161448,Low,Farmer,Medium,38,Hindi,RGN034
CUST004873,Vijay Saxena,9050299907,Female,Married,567956,Middle,Software Engineer,Low,42,Hindi,RGN014
CUST004874,Siddharth Kumar,9191814983,Male,Married,2841710,High,Software Engineer,Low,40,Tamil,RGN023
CUST004875,Rahul Srivastava,9784903217,Female,Single,142680,Low,Hardware Technician,Medium,25,Hindi,RGN044
CUST004876,Bhavna Agarwal,9491176755,Female,Married,821199,Upper-Middle,Business Owner,Medium,38,Hindi,RGN047
CUST004877,Rohit Tripathi,6043753157,Male,Married,1698786,Upper-Middle,Software Engineer,Low,25,Hindi,RGN016
CUST004878,Harsha Chakraborty,8229508386,Female,Single,679516,Middle,Business Owner,Medium,38,Hindi,RGN038
CUST004879,Vijay Deshpande,7392389862,Male,Married,167754,Low,Front Desk Executive,Low,32,Telugu,RGN020
CUST004880,Lakshmi Iyer,9567535153,Male,Married,3319698,High,Pilot,High,65,Hindi,RGN002
CUST004881,Karan Saxena,8743927081,Female,Married,1809733,Upper-Middle,Software Engineer,Low,37,Hindi,RGN001
CUST004882,Kavya Agarwal,9548581932,Female,Single,1870842,Upper-Middle,Doctor,Low,21,Hindi,RGN012
CUST004883,Karan Kapoor,6103208234,Male,Married,4912155,High,Doctor,Low,36,Hindi,RGN001
CUST004884,Priya Kumar,6609909757,Female,Married,270139,Low,Driver,High,44,Hindi,RGN043
CUST004885,Priya Singh,8166190764,Female,Single,3416818,High,Business Owner,Medium,58,Hindi,RGN001
CUST004886,Kavya Patil,8490439461,Female,Married,1835592,Upper-Middle,Software Engineer,Low,30,Hindi,RGN009
CUST004887,Priya Jadhav,9222772610,Male,Single,105110,Low,Driver,High,19,Hindi,RGN010
CUST004888,Rohit Agarwal,84026XXXXX,Male,Married,2354100,High,Business Owner,Medium,47,Hindi,RGN050
CUST004889,Ananya Malhotra,8592189568,Female,Single,777088,Middle,Software Engineer,Low,21,Hindi,RGN040
CUST004890,Amrita Subramanian,9499339745,Male,Widowed,537469,Middle,Teacher,Low,32,Telugu,RGN017
CUST004891,Amrita Srivastava,7918023848,Male,Married,238367,Low,Real Estate Agent,Medium,34,Telugu,RGN018
CUST004892,Bhavna Rajan,6370858783,Female,Single,69978,Low,Farmer,Medium,37,Hindi,RGN028
CUST004893,Rahul Srivastava,9090857537,Female,Married,2336985,High,Software Engineer,Low,46,Oriya,RGN031
CUST004894,Aditya Naik,8763183429,Male,Divorced,3860010,High,Doctor,Low,29,Hindi,RGN035
CUST004895,Aditya Rao,6024927852,Male,Married,2118493,High,Software Engineer,Low,34,Kannada,RGN021
CUST004896,Neha Rao,7461512167,Male,Married,1640245,Upper-Middle,Software Engineer,Low,37,Hindi,RGN015
CUST004897,Yash Tripathi,9089601066,Male,Married,2468104,High,Doctor,Low,39,Telugu,RGN019
CUST004898,Sunita Singh,8897824256,Male,Married,4043749,High,Doctor,Low,39,Hindi,RGN041
CUST004899,Vishal Bose,8829385404,Female,Single,2418469,High,Software Engineer,Low,43,Hindi,RGN001
CUST004900,Bhavna More,8503986383,Female,Single,1557203,Upper-Middle,Software Engineer,Low,48,Telugu,RGN017
CUST004901,Geeta Rao,6158466879,Male,Divorced,198998,Low,Front Desk Executive,Low,42,Telugu,RGN019
CUST004902,Nikhil Kumar,9029653283,Female,Married,1672404,Upper-Middle,Business Owner,Medium,43,Hindi,RGN030
CUST004903,Mohit Venkatesh,6530707919,Female,Married,2261388,High,Business Owner,Medium,19,Hindi,RGN034
CUST004904,Uday Shah,6487860150,Female,Married,298921,Low,Hardware Technician,Medium,38,Hindi,RGN010
CUST004905,Rahul Kapoor,7345129829,Female,Married,2772737,High,Software Engineer,Low,43,Hindi,RGN015
CUST004906,Sarika Kapoor,8541833788,Male,Single,140557,Low,Hardware Technician,Medium,46,Hindi,RGN040
CUST004907,Shruti Hegde,6474250743,Female,Married,1589751,Upper-Middle,Doctor,Low,29,Hindi,RGN002
CUST004908,Ramesh Kapoor,7039500786,Female,Married,364375,Middle,Software Engineer,Low,30,Hindi,RGN050
CUST004909,Swati Rao,9755005357,Male,Single,1353119,Upper-Middle,Business Owner,Medium,31,Hindi,RGN030
CUST004910,Vikram Krishnan,9036733614,Male,Married,1139646,Upper-Middle,Software Engineer,Low,44,Hindi,RGN042
CUST004911,Shruti Shah,7474151632,Male,Single,367054,Middle,Software Engineer,Low,50,Telugu,RGN020
CUST004912,Kavya Hegde,8661482436,Female,Married,3433317,High,Doctor,Low,33,Hindi,RGN009
CUST004913,Nandini Subramanian,8851782757,Male,Single,199599,Low,Farmer,Medium,48,Hindi,RGN035
CUST004914,Deepak Kumar,9306146017,Male,Single,212770,Low,Farmer,Medium,39,Kannada,RGN021
CUST004915,Nikhil Rao,8196400092,Male,Married,110873,Low,Front Desk Executive,Low,36,Hindi,RGN014
CUST004916,Aditya Patel,8683596278,Female,Married,2656207,High,Software Engineer,Low,35,Oriya,RGN031
CUST004917,Akash Shah,7877765402,Male,Single,114207,Low,Farmer,Medium,46,Hindi,RGN030
CUST004918,Suresh Krishnan,7471451374,Female,Married,118673,Low,Front Desk Executive,Low,41,Hindi,RGN050
CUST004919,Sunil Menon,6282656529,Female,Married,267598,Low,Front Desk Executive,Low,65,Telugu,RGN019
CUST004920,Geeta Kumar,7675627545,Male,Married,2140500,High,Business Owner,Medium,27,Hindi,RGN027
CUST004921,Aditya Deshpande,8034989397,Female,Married,159348,Low,Teacher,Low,44,Hindi,RGN010
CUST004922,Nikhil Dubey,8955364220,Female,Single,207528,Low,Hardware Technician,Medium,31,Oriya,RGN032
CUST004923,Nikhil Rajan,8705447658,Male,Divorced,189073,Low,Driver,High,27,Kannada,RGN021
CUST004924,Neha Pandey,7901876927,Female,Married,698886,Middle,Teacher,Low,37,Hindi,RGN025
CUST004925,Aditi Kulkarni,6438852871,Male,Married,1383952,Upper-Middle,Software Engineer,Low,39,Hindi,RGN006
CUST004926,Aryan Patil,9271263340,Male,Married,240622,Low,Driver,High,65,Hindi,RGN027
CUST004927,Suresh Shetty,9385442402,Male,Widowed,121067,Low,Farmer,Medium,35,Hindi,RGN012
CUST004928,Ananya Patel,8804688698,Male,Single,1167481,Upper-Middle,Software Engineer,Low,24,Hindi,RGN008
CUST004929,Yash Krishnan,6876342724,Male,Married,252462,Low,Hardware Technician,Medium,41,Hindi,RGN006
CUST004930,Sapna Pandey,9711578737,Female,Married,1027426,Upper-Middle,Software Engineer,Low,18,Hindi,RGN004
CUST004931,Meera Saxena,6561621736,Female,Married,862562,Upper-Middle,Real Estate Agent,Medium,36,Hindi,RGN009
CUST004932,Aryan Patel,9138731403,Female,Single,396872,Middle,Teacher,Low,38,Hindi,RGN050
CUST004933,Rahul Chaudhary,6916661624,Female,Married,1466672,Upper-Middle,Real Estate Agent,Medium,47,Hindi,RGN035
CUST004934,Sanjay Pillai,9988967621,Male,Married,1479672,Upper-Middle,Business Owner,Medium,49,Hindi,RGN034
CUST004935,Sarika Patil,72479XXXXX,Female,Married,2194914,High,Business Owner,Medium,31,Hindi,RGN007
CUST004936,Pooja Shetty,9707167148,Male,Married,565838,Middle,Teacher,Low,36,Hindi,RGN037
CUST004937,Pradeep Das,8792578523,Female,Married,109172,Low,Hardware Technician,Medium,28,Hindi,RGN010
CUST004938,Vinod Verma,8298009341,Male,Married,220277,Low,Driver,High,24,Tamil,RGN023
CUST004939,Rajesh Balaji,7734542471,Male,Married,2652814,High,Software Engineer,Low,41,Hindi,RGN043
CUST004940,Kavya Pillai,6558221819,Male,Married,176583,Low,Front Desk Executive,Low,22,Hindi,RGN036
CUST004941,Nandini Mehta,81719XXXXX,Female,Married,193279,Low,Driver,High,33,Hindi,RGN036
CUST004942,Bhavna Dubey,9693131645,Female,Married,486513,Middle,Real Estate Agent,Medium,26,Hindi,RGN026
CUST004943,Pooja Patel,7833642550,Female,Widowed,1476462,Upper-Middle,Software Engineer,Low,44,Hindi,RGN042
CUST004944,Aditi Gupta,7533210125,Male,Married,557584,Middle,Doctor,Low,59,Hindi,RGN026
CUST004945,Deepak Rajan,8675914999,Female,Married,1572199,Upper-Middle,Software Engineer,Low,22,Hindi,RGN028
CUST004946,Nikhil Krishnan,8977031705,Male,Married,256991,Low,Teacher,Low,18,Hindi,RGN006
CUST004947,Sapna Gowda,9825832014,Male,Married,172644,Low,Farmer,Medium,36,Hindi,RGN041
CUST004948,Vijay Kapoor,7545636798,Male,Single,421595,Middle,Hardware Technician,Medium,38,Hindi,RGN043
CUST004949,Siddharth Sharma,7686364449,Male,Single,1581915,Upper-Middle,Software Engineer,Low,40,Telugu,RGN018
CUST004950,Zara Dubey,6063267392,Male,Married,380108,Middle,Real Estate Agent,Medium,32,Hindi,RGN028
CUST004951,Aarav Menon,6604294299,Male,Single,285754,Low,Front Desk Executive,Low,35,Hindi,RGN015
CUST004952,Nandini Tripathi,7119247435,Male,Single,948031,Upper-Middle,Software Engineer,Low,42,Telugu,RGN018
CUST004953,Suresh More,6697820993,Male,Single,1153856,Upper-Middle,Software Engineer,Low,50,Hindi,RGN003
CUST004954,Sarika Chaudhary,9211203829,Female,Married,380915,Middle,Teacher,Low,18,Hindi,RGN046
CUST004955,Isha Shetty,7990150595,Male,Single,243630,Low,Driver,High,33,Hindi,RGN013
CUST004956,Priya Rajan,8761680680,Female,Divorced,2437326,High,Software Engineer,Low,40,Hindi,RGN033
CUST004957,Pooja Pillai,7040054680,Female,Married,1623564,Upper-Middle,Software Engineer,Low,26,Hindi,RGN047
CUST004958,Swati Kapoor,6314336057,Female,Married,982061,Upper-Middle,Software Engineer,Low,58,Telugu,RGN019
CUST004959,Deepak Srivastava,8321115495,Male,Married,2422791,High,Software Engineer,Low,30,Tamil,RGN023
CUST004960,Aarav Jadhav,7917919690,Female,Married,2141998,High,Software Engineer,Low,37,Hindi,RGN035
CUST004961,Kritika Deshpande,6364176592,Female,Married,863018,Upper-Middle,Real Estate Agent,Medium,44,Hindi,RGN041
CUST004962,Kritika Nair,6594836090,Male,Married,836952,Upper-Middle,Software Engineer,Low,30,Hindi,RGN028
CUST004963,Pradeep Pandey,6680115360,Male,Divorced,2035777,High,Doctor,Low,18,Hindi,RGN007
CUST004964,Shweta Gupta,9439453497,Male,Widowed,472134,Middle,Software Engineer,Low,32,Tamil,RGN024
CUST004965,Aditi Subramanian,7200960153,Male,Married,987712,Upper-Middle,Business Owner,Medium,50,Hindi,RGN010
CUST004966,Gaurav Naik,8305325624,Male,Married,273492,Low,Teacher,Low,33,Hindi,RGN036
CUST004967,Sanjay Verma,6497046485,Male,Married,1122075,Upper-Middle,Software Engineer,Low,27,Hindi,RGN039
CUST004968,Yash More,8516932405,Female,Married,388922,Middle,Teacher,Low,49,Hindi,RGN026
CUST004969,Zara Rao,9411935391,Male,Married,1450874,Upper-Middle,Business Owner,Medium,34,Kannada,RGN022
CUST004970,Vijay Joshi,6389166770,Female,Married,1470714,Upper-Middle,Software Engineer,Low,31,Hindi,RGN008
CUST004971,Uday Shah,8218586804,Female,Married,301296,Middle,Driver,High,39,Hindi,RGN001
CUST004972,Divya Das,7942900889,Male,Married,235760,Low,Farmer,Medium,47,Hindi,RGN013
CUST004973,Anjali Kapoor,7585783980,Female,Single,272918,Low,Front Desk Executive,Low,65,Hindi,RGN039
CUST004974,Santosh Singh,7703773120,Male,Married,1081339,Upper-Middle,Software Engineer,Low,47,Telugu,RGN020
CUST004975,Nikhil Nair,8886948530,Female,Married,569102,Middle,Business Owner,Medium,51,Hindi,RGN035
CUST004976,Sandeep Agarwal,9487813409,Female,Married,415176,Middle,Teacher,Low,31,Kannada,RGN021
CUST004977,Kunal Patil,8140501813,Female,Single,260381,Low,Hardware Technician,Medium,25,Hindi,RGN033
CUST004978,Gaurav Patel,9170004854,Male,Single,144973,Low,Farmer,Medium,38,Hindi,RGN002
CUST004979,Karan Agarwal,6234810945,Male,Married,257616,Low,Farmer,Medium,39,Hindi,RGN025
CUST004980,Vinod Kapoor,7553962556,Female,Married,892920,Upper-Middle,Real Estate Agent,Medium,25,Hindi,RGN037
CUST004981,Anil Saxena,6441298701,Female,Married,947180,Upper-Middle,Software Engineer,Low,35,Hindi,RGN016
CUST004982,Mohit Malhotra,6932152941,Female,Single,168819,Low,Farmer,Medium,42,Hindi,RGN010
CUST004983,Kunal Tiwari,7586134174,Male,Married,624342,Middle,Software Engineer,Low,42,Kannada,RGN022
CUST004984,Ravi Dubey,6965261216,Male,Married,1192956,Upper-Middle,Software Engineer,Low,44,Hindi,RGN047
CUST004985,Yash Menon,9948100112,Female,Married,1449533,Upper-Middle,Software Engineer,Low,41,Hindi,RGN007
CUST004986,Karan Singh,7301679655,Male,Married,248175,Low,Farmer,Medium,31,Tamil,RGN023
CUST004987,Ramesh Mehta,9732383684,Male,Divorced,208905,Low,Driver,High,31,Hindi,RGN010
CUST004988,Pradeep Venkatesh,6434462280,Female,Single,103839,Low,Farmer,Medium,23,Hindi,RGN012
CUST004989,Deepa Rao,9490538905,Female,Single,586751,Middle,Doctor,Low,59,Hindi,RGN006
CUST004990,Aditi Sharma,8094281683,Female,Married,152832,Low,Teacher,Low,38,Tamil,RGN024
CUST004991,Pradeep Shah,9257721087,Male,Widowed,347900,Middle,Teacher,Low,35,Hindi,RGN012
CUST004992,Zara Pillai,7741059157,Male,Married,478945,Middle,Software Engineer,Low,26,Hindi,RGN048
CUST004993,Sneha Shetty,6555184955,Male,Widowed,2495913,High,Software Engineer,Low,65,Hindi,RGN033
CUST004994,Anil Tiwari,7964352217,Female,Married,2537284,High,Software Engineer,Low,25,Hindi,RGN043
CUST004995,Sapna Gowda,7284248729,Male,Married,2474387,High,Software Engineer,Low,32,Hindi,RGN029
CUST004996,Geeta Iyer,6202917265,Male,Single,286310,Low,Teacher,Low,42,Hindi,RGN040
CUST004997,Harsha Gowda,6342045781,Female,Married,1739298,Upper-Middle,Business Owner,Medium,45,Hindi,RGN044
CUST004998,Vishal Kulkarni,7145625303,Male,Married,542830,Middle,Teacher,Low,49,Hindi,RGN039
CUST004999,Siddharth Chaudhary,6241300113,Male,Married,2798566,High,Software Engineer,Low,59,Hindi,RGN047
CUST005000,Aditya Tripathi,6464421437,Male,Married,130052,Low,Farmer,Medium,44,Hindi,RGN013
CUST005001,Aditya Mehta,9805592277,Male,Married,471571,Middle,Real Estate Agent,Medium,25,Hindi,RGN016
CUST005002,Sunil Nair,6260497697,Female,Widowed,1622256,Upper-Middle,Business Owner,Medium,34,Hindi,RGN016
CUST005003,Siddharth Bose,9256964113,Female,Married,110301,Low,Front Desk Executive,Low,41,Telugu,RGN020
CUST005004,Pooja Mehta,8076499672,Male,Married,1771354,Upper-Middle,Software Engineer,Low,62,Hindi,RGN028
CUST005005,Tanvi Rao,9633968007,Male,Married,640769,Middle,Real Estate Agent,Medium,21,Hindi,RGN037
CUST005006,Yash Bose,6194750522,Male,Single,935234,Upper-Middle,Software Engineer,Low,52,Hindi,RGN004
CUST005007,Poonam Malhotra,6112704225,Male,Married,457462,Middle,Teacher,Low,40,Hindi,RGN037
CUST005008,Harsha More,7323814331,Female,Married,3861207,High,Doctor,Low,48,Hindi,RGN001
CUST005009,Kritika Patil,9166974469,Female,Married,308489,Middle,Front Desk Executive,Low,36,Telugu,RGN019
CUST005010,Suresh Bose,9071198951,Male,Married,841117,Upper-Middle,Business Owner,Medium,27,Hindi,RGN012
CUST005011,Arjun Saxena,6157872390,Female,Married,364763,Middle,Teacher,Low,47,Hindi,RGN049
CUST005012,Varun Sharma,7715586026,Male,Married,1484919,Upper-Middle,Software Engineer,Low,45,Hindi,RGN005
CUST005013,Arjun Reddy,8236245884,Female,Married,445412,Middle,Real Estate Agent,Medium,49,Hindi,RGN006
CUST005014,Nikhil Srivastava,9937147875,Male,Widowed,190312,Low,Front Desk Executive,Low,37,Hindi,RGN013
CUST005015,Shruti Desai,6805711784,Female,Married,638433,Middle,Business Owner,Medium,30,Hindi,RGN016
CUST005016,Rahul Menon,7224708101,Male,Married,159864,Low,Farmer,Medium,19,Hindi,RGN008
CUST005017,Anil Gowda,7443793666,Male,Married,2451834,High,Software Engineer,Low,47,Hindi,RGN007
CUST005018,Priya Gupta,6448671188,Male,Married,1151346,Upper-Middle,Business Owner,Medium,43,Hindi,RGN026
CUST005019,Vinod Kapoor,6618277347,Female,Married,548050,Middle,Real Estate Agent,Medium,26,Kannada,RGN021
CUST005020,Sandeep Naik,9496784527,Female,Married,258598,Low,Teacher,Low,31,Hindi,RGN012
CUST005021,Meera Agarwal,7318815675,Male,Married,226331,Low,Hardware Technician,Medium,32,Hindi,RGN042
CUST005022,Shweta Kulkarni,8135455797,Female,Single,177438,Low,Farmer,Medium,20,Hindi,RGN049
CUST005023,Suresh Das,6790770455,Male,Divorced,539163,Middle,Real Estate Agent,Medium,28,Hindi,RGN040
CUST005024,Priya Das,7001731412,Female,Married,3522615,High,Doctor,Low,24,Oriya,RGN031
CUST005025,Vinod Patil,9259212985,Female,Married,844250,Upper-Middle,Software Engineer,Low,33,Tamil,RGN023
CUST005026,Zara Naik,97240XXXXX,Male,Married,717713,Middle,Business Owner,Medium,29,Hindi,RGN009
CUST005027,Aarav Malhotra,6774856526,Male,Married,277824,Low,Farmer,Medium,18,Hindi,RGN049
CUST005028,Varun Deshpande,8243742822,Male,Married,1519301,Upper-Middle,Software Engineer,Low,62,Hindi,RGN029
CUST005029,Suresh Dubey,6220410649,Male,Married,146962,Low,Driver,High,53,Hindi,RGN014
CUST005030,Varun Mishra,9072652014,Male,Single,3406318,High,Doctor,Low,28,Hindi,RGN025
CUST005031,Aditi Malhotra,9609673725,Male,Widowed,1030114,Upper-Middle,Software Engineer,Low,41,Hindi,RGN013
CUST005032,Aryan Rao,6093219569,Male,Married,196557,Low,Front Desk Executive,Low,43,Hindi,RGN050
CUST005033,Nandini Pillai,7205065069,Male,Divorced,756711,Middle,Software Engineer,Low,52,Hindi,RGN016
CUST005034,Nandini More,9158844523,Male,Divorced,641064,Middle,Real Estate Agent,Medium,28,Hindi,RGN010
CUST005035,Tanvi Shetty,9494110020,Male,Married,980436,Upper-Middle,Software Engineer,Low,51,Hindi,RGN030
CUST005036,Suresh Tiwari,9760406232,Male,Widowed,1774565,Upper-Middle,Doctor,Low,31,Oriya,RGN031
CUST005037,Anil Sharma,6517519679,Male,Married,387480,Middle,Software Engineer,Low,21,Hindi,RGN010
CUST005038,Vijay Mehta,6236018639,Male,Single,173013,Low,Front Desk Executive,Low,46,Hindi,RGN034
CUST005039,Kavya Gowda,8342207043,Male,Single,618180,Middle,Real Estate Agent,Medium,53,Hindi,RGN036
CUST005040,Deepak Agarwal,6077222874,Male,Married,996024,Upper-Middle,Doctor,Low,65,Hindi,RGN008
CUST005041,Pradeep Rao,8893674286,Male,Married,237638,Low,Front Desk Executive,Low,23,Hindi,RGN027
CUST005042,Sunil Chakraborty,6176787388,Male,Married,2378398,High,Business Owner,Medium,46,Hindi,RGN012
CUST005043,Nikhil Bose,6111305292,Female,Widowed,1795813,Upper-Middle,Business Owner,Medium,33,Hindi,RGN014
CUST005044,Vikram Das,7835223775,Male,Married,1012934,Upper-Middle,Software Engineer,Low,47,Hindi,RGN012
CUST005045,Kritika Balaji,6448063244,Female,Single,870861,Upper-Middle,Real Estate Agent,Medium,20,Hindi,RGN030
CUST005046,Sarika Jadhav,9846041261,Male,Widowed,2055214,High,Software Engineer,Low,22,Hindi,RGN029
CUST005047,Aryan Reddy,9554279339,Female,Single,377787,Middle,Driver,High,28,Hindi,RGN007
CUST005048,Sandeep Menon,9021461690,Male,Married,1377239,Upper-Middle,Software Engineer,Low,38,Hindi,RGN046
CUST005049,Nandini Agarwal,87610XXXXX,Female,Married,2713447,High,Doctor,Low,30,Hindi,RGN034
CUST005050,Akash Kapoor,8190437702,Male,Married,1018631,Upper-Middle,Software Engineer,Low,45,Hindi,RGN005
CUST005051,Rekha Balaji,9705035623,Male,Married,711104,Middle,Software Engineer,Low,50,Hindi,RGN014
CUST005052,Aditi Naik,9246456048,Female,Divorced,2826444,High,Doctor,Low,45,Hindi,RGN027
CUST005053,Anil Kumar,8119906563,Female,Married,199906,Low,Hardware Technician,Medium,57,Hindi,RGN041
CUST005054,Aryan Das,7673558960,Male,Married,762107,Middle,Software Engineer,Low,42,Oriya,RGN031
CUST005055,Vikram Reddy,8125927291,Female,Single,2898047,High,Software Engineer,Low,23,Tamil,RGN023
CUST005056,Aditya Malhotra,9942229253,Female,Married,1762786,Upper-Middle,Software Engineer,Low,54,Telugu,RGN020
CUST005057,Santosh Agarwal,8187576176,Female,Married,258197,Low,Hardware Technician,Medium,30,Hindi,RGN033
CUST005058,Varun Shah,8722458836,Male,Married,162801,Low,Farmer,Medium,48,Oriya,RGN032
CUST005059,Lakshmi Singh,9079833408,Male,Married,937978,Upper-Middle,Software Engineer,Low,56,Hindi,RGN012
CUST005060,Rahul Malhotra,7378361592,Female,Married,86581,Low,Farmer,Medium,43,Hindi,RGN014
CUST005061,Priya Singh,9686680807,Female,Widowed,206305,Low,Driver,High,20,Hindi,RGN030
CUST005062,Nandini Menon,86530XXXXX,Female,Married,2331420,High,Business Owner,Medium,26,Hindi,RGN026
CUST005063,Sneha Shetty,8093604709,Female,Divorced,724624,Middle,Software Engineer,Low,53,Hindi,RGN006
CUST005064,Shruti Rajan,7803371421,Male,Married,2606972,High,Software Engineer,Low,35,Hindi,RGN005
CUST005065,Pradeep Srivastava,7747279392,Female,Married,2444119,High,Doctor,Low,38,Hindi,RGN006
CUST005066,Geeta Bose,7689495427,Male,Married,3448856,High,Business Owner,Medium,47,Hindi,RGN035
CUST005067,Priya Dubey,9293369832,Female,Divorced,1523602,Upper-Middle,Software Engineer,Low,46,Telugu,RGN018
CUST005068,Aryan Chakraborty,8072819598,Female,Single,2244771,High,Software Engineer,Low,41,Hindi,RGN033
CUST005069,Nandini Menon,6618098098,Male,Married,134336,Low,Front Desk Executive,Low,35,Hindi,RGN046
CUST005070,Ramesh Rajan,6409336272,Male,Single,1124370,Upper-Middle,Business Owner,Medium,34,Hindi,RGN009
CUST005071,Lakshmi Gowda,8452275942,Female,Married,1364857,Upper-Middle,Software Engineer,Low,48,Hindi,RGN034
CUST005072,Priya Menon,9732722215,Female,Married,1039564,Upper-Middle,Pilot,High,44,Hindi,RGN014
CUST005073,Shweta Singh,8325016993,Male,Married,1445050,Upper-Middle,Doctor,Low,34,Hindi,RGN001
CUST005074,Uday Verma,7974511651,Female,Married,152999,Low,Farmer,Medium,50,Telugu,RGN017
CUST005075,Prakash Rao,9086249513,Male,Single,1023201,Upper-Middle,Real Estate Agent,Medium,36,Hindi,RGN049
CUST005076,Rohit Singh,7966057529,Female,Married,461441,Middle,Hardware Technician,Medium,27,Hindi,RGN025
CUST005077,Priya Patel,9647118132,Female,Married,118123,Low,Hardware Technician,Medium,28,Tamil,RGN024
CUST005078,Aditya Pandey,6723919184,Female,Single,354293,Middle,Teacher,Low,26,Hindi,RGN037
CUST005079,Sneha Das,9550636985,Female,Widowed,344521,Middle,Teacher,Low,34,Hindi,RGN044
CUST005080,Aditi Pillai,6676559991,Male,Married,605853,Middle,Teacher,Low,52,Hindi,RGN025
CUST005081,Vinod Shah,9697602236,Female,Single,322998,Middle,Teacher,Low,28,Hindi,RGN041
CUST005082,Lakshmi Venkatesh,8499514370,Female,Married,977575,Upper-Middle,Software Engineer,Low,40,Hindi,RGN014
CUST005083,Kavya Rajan,8342491626,Male,Married,332107,Middle,Teacher,Low,30,Hindi,RGN048
CUST005084,Varun Gupta,7177744222,Male,Single,654809,Middle,Software Engineer,Low,34,Hindi,RGN005
CUST005085,Poonam Gupta,6242197381,Female,Divorced,711897,Middle,Business Owner,Medium,19,Hindi,RGN016
CUST005086,Ananya Bose,6347317510,Female,Widowed,364189,Middle,Teacher,Low,35,Hindi,RGN046
CUST005087,Shruti Tiwari,7958385083,Female,Married,2346565,High,Software Engineer,Low,35,Hindi,RGN015
CUST005088,Nikhil Das,7271045351,Male,Married,157766,Low,Hardware Technician,Medium,44,Hindi,RGN030
CUST005089,Harsha Das,7563431719,Female,Divorced,92494,Low,Farmer,Medium,40,Hindi,RGN027
CUST005090,Priya Shah,6633547154,Female,Divorced,241941,Low,Farmer,Medium,23,Telugu,RGN019
CUST005091,Bhavna Iyer,7382541768,Male,Married,164874,Low,Front Desk Executive,Low,51,Hindi,RGN042
CUST005092,Akash Patil,7206829945,Male,Single,153294,Low,Front Desk Executive,Low,40,Hindi,RGN028
CUST005093,Rohit Tiwari,6284571869,Male,Married,53424,Low,Farmer,Medium,40,Tamil,RGN024
CUST005094,Prakash Bose,6981625499,Female,Widowed,2250098,High,Software Engineer,Low,37,Hindi,RGN037
CUST005095,Isha Shah,7145365133,Female,Married,2652040,High,Software Engineer,Low,31,Hindi,RGN027
CUST005096,Divya Balaji,9136746161,Male,Divorced,311809,Middle,Teacher,Low,40,Hindi,RGN033
CUST005097,Tanvi Kapoor,9054337073,Male,Married,89415,Low,Farmer,Medium,43,Hindi,RGN012
CUST005098,Santosh Bose,9712747069,Male,Single,1520109,Upper-Middle,Doctor,Low,18,Hindi,RGN040
CUST005099,Zara Gupta,8312178940,Female,Married,390541,Middle,Driver,High,31,Hindi,RGN035
CUST005100,Karan Rajan,9972967204,Female,Married,613193,Middle,Software Engineer,Low,34,Hindi,RGN009
CUST005101,Kunal Iyer,6862931916,Female,Single,417558,Middle,Software Engineer,Low,41,Hindi,RGN006
CUST005102,Akash Desai,9875864740,Male,Married,918880,Upper-Middle,Software Engineer,Low,52,Hindi,RGN006
CUST005103,Gaurav Nair,6925531755,Female,Married,386228,Middle,Hardware Technician,Medium,28,Hindi,RGN027
CUST005104,Anjali Jadhav,6461614384,Male,Divorced,2782999,High,Software Engineer,Low,32,Hindi,RGN045
CUST005105,Isha Verma,6397267545,Female,Married,162796,Low,Hardware Technician,Medium,31,Hindi,RGN030
CUST005106,Vishal Tiwari,9690941425,Female,Married,1895450,Upper-Middle,Software Engineer,Low,28,Oriya,RGN031
CUST005107,Aryan Patel,6956360385,Female,Single,285795,Low,Hardware Technician,Medium,33,Hindi,RGN002
CUST005108,Vinod Krishnan,8288231329,Male,Divorced,442820,Middle,Teacher,Low,47,Hindi,RGN041
CUST005109,Sanjay Tiwari,9783435859,Female,Married,203034,Low,Hardware Technician,Medium,25,Hindi,RGN049
CUST005110,Siddharth Shah,6977638586,Female,Married,263514,Low,Hardware Technician,Medium,43,Hindi,RGN043
CUST005111,Ravi Rajan,7254376366,Female,Married,195740,Low,Hardware Technician,Medium,18,Hindi,RGN002
CUST005112,Vikram Dubey,7871171653,Male,Married,210803,Low,Farmer,Medium,31,Hindi,RGN049
CUST005113,Geeta Shetty,6530075145,Male,Married,162607,Low,Driver,High,34,Hindi,RGN050
CUST005114,Amrita Bose,8829486309,Male,Single,2838027,High,Software Engineer,Low,58,Oriya,RGN031
CUST005115,Poonam Iyer,9285541793,Female,Single,2063584,High,Business Owner,Medium,34,Hindi,RGN049
CUST005116,Sapna Tiwari,8314914215,Male,Married,827294,Upper-Middle,Doctor,Low,18,Hindi,RGN015
CUST005117,Ananya Deshpande,8409676242,Female,Married,154208,Low,Driver,High,18,Hindi,RGN014
CUST005118,Uday Singh,8740405277,Female,Married,606739,Middle,Teacher,Low,38,Hindi,RGN001
CUST005119,Zara Krishnan,6354766307,Male,Single,271588,Low,Driver,High,45,Hindi,RGN043
CUST005120,Sanjay Bose,9997510906,Male,Married,229561,Low,Driver,High,42,Hindi,RGN012
CUST005121,Bhavna Saxena,8194072346,Male,Married,243721,Low,Hardware Technician,Medium,40,Kannada,RGN022
CUST005122,Shruti Venkatesh,6504117082,Female,Divorced,264451,Low,Driver,High,51,Hindi,RGN035
CUST005123,Poonam Tiwari,7209251390,Male,Married,396393,Middle,Teacher,Low,31,Hindi,RGN038
CUST005124,Sanjay Mishra,6295011474,Male,Married,1067646,Upper-Middle,Business Owner,Medium,48,Hindi,RGN008
CUST005125,Ravi Chakraborty,9299055523,Female,Married,674578,Middle,Doctor,Low,18,Telugu,RGN020
CUST005126,Sunil Dubey,9839049757,Male,Married,617814,Middle,Doctor,Low,27,Hindi,RGN040
CUST005127,Vijay Bose,8568442633,Male,Single,748714,Middle,Software Engineer,Low,18,Kannada,RGN022
CUST005128,Poonam Kumar,7388465190,Male,Single,158878,Low,Front Desk Executive,Low,34,Hindi,RGN006
CUST005129,Aditya Patel,7483082413,Male,Married,113394,Low,Farmer,Medium,37,Oriya,RGN032
CUST005130,Shruti Rajan,6160644903,Female,Married,1110297,Upper-Middle,Doctor,Low,39,Hindi,RGN010
CUST005131,Meera Tripathi,8934177334,Male,Married,1030302,Upper-Middle,Business Owner,Medium,38,Hindi,RGN037
CUST005132,Rahul Gowda,7071821821,Female,Married,2102310,High,Software Engineer,Low,26,Kannada,RGN021
CUST005133,Sneha Rajan,9063923186,Female,Married,335552,Middle,Driver,High,35,Hindi,RGN037
CUST005134,Ramesh Hegde,9811080238,Male,Married,279945,Low,Hardware Technician,Medium,20,Hindi,RGN007
CUST005135,Pradeep Venkatesh,7697025795,Other,Married,265603,Low,Hardware Technician,Medium,54,Hindi,RGN010
CUST005136,Pooja Krishnan,7564411935,Female,Married,319799,Middle,Front Desk Executive,Low,34,Hindi,RGN035
CUST005137,Yash Jadhav,8728639962,Male,Single,1288556,Upper-Middle,Business Owner,Medium,32,Kannada,RGN021
CUST005138,Isha Das,8023849203,Male,Married,2470455,High,Software Engineer,Low,57,Hindi,RGN029
CUST005139,Tanvi Jadhav,6759145090,Female,Married,1450698,Upper-Middle,Business Owner,Medium,23,Hindi,RGN047
CUST005140,Vikram Pillai,6395728693,Male,Divorced,416372,Middle,Teacher,Low,24,Telugu,RGN017
CUST005141,Mohit Tiwari,8391067333,Female,Divorced,248806,Low,Farmer,Medium,24,Hindi,RGN043
CUST005142,Harsha Sharma,7765348024,Male,Single,1896313,Upper-Middle,Software Engineer,Low,37,Oriya,RGN031
CUST005143,Anjali Kulkarni,9689923858,Female,Single,190295,Low,Driver,High,43,Hindi,RGN033
CUST005144,Vijay Mehta,8520101544,Male,Married,2097078,High,Pilot,High,46,Kannada,RGN021
CUST005145,Sneha Tripathi,8847920740,Male,Single,425125,Middle,Hardware Technician,Medium,65,Hindi,RGN013
CUST005146,Nandini Menon,8187032217,Male,Married,1139479,Upper-Middle,Doctor,Low,18,Hindi,RGN012
CUST005147,Divya Srivastava,9599025498,Female,Married,154982,Low,Farmer,Medium,45,Telugu,RGN020
CUST005148,Neha Saxena,7910320410,Male,Married,64810,Low,Farmer,Medium,31,Hindi,RGN002
CUST005149,Karan Kulkarni,7728102972,Female,Single,114537,Low,Farmer,Medium,30,Hindi,RGN038
CUST005150,Yash Kapoor,8755126370,Male,Married,621319,Middle,Teacher,Low,30,Hindi,RGN027
CUST005151,Nikhil Srivastava,6796330225,Female,Single,2014100,High,Software Engineer,Low,27,Hindi,RGN013
CUST005152,Varun Dubey,6766689921,Female,Married,572115,Middle,Real Estate Agent,Medium,58,Hindi,RGN009
CUST005153,Sapna Patil,7746213345,Female,Married,141069,Low,Front Desk Executive,Low,48,Telugu,RGN018
CUST005154,Sneha Sharma,8829565621,Female,Single,1143472,Upper-Middle,Software Engineer,Low,38,Hindi,RGN047
CUST005155,Swati Balaji,7959099441,Female,Married,947724,Upper-Middle,Software Engineer,Low,54,Tamil,RGN023
CUST005156,Deepa Venkatesh,8753763782,Male,Single,1896693,Upper-Middle,Software Engineer,Low,19,Telugu,RGN017
CUST005157,Varun Gowda,8648586476,Female,Single,1479347,Upper-Middle,Business Owner,Medium,22,Hindi,RGN036
CUST005158,Kunal Dubey,9955770518,Male,Married,2053108,High,Business Owner,Medium,18,Telugu,RGN018
CUST005159,Poonam Naik,9506799645,Male,Single,124283,Low,Farmer,Medium,29,Hindi,RGN048
CUST005160,Pooja Iyer,6159059256,Male,Divorced,1373720,Upper-Middle,Software Engineer,Low,39,Hindi,RGN011
CUST005161,Arjun Naik,9042646979,Male,Married,563832,Middle,Teacher,Low,39,Hindi,RGN027
CUST005162,Vishal Rajan,8080466063,Male,Single,2071613,High,Software Engineer,Low,39,Hindi,RGN033
CUST005163,Aditya Mishra,7850416275,Female,Married,188483,Low,Farmer,Medium,21,Hindi,RGN035
CUST005164,Ravi Reddy,6209225212,Male,Single,373194,Middle,Real Estate Agent,Medium,47,Hindi,RGN033
CUST005165,Amrita Balaji,7802944627,Female,Married,588525,Middle,Teacher,Low,40,Oriya,RGN031
CUST005166,Prakash Pillai,9351487497,Male,Married,943109,Upper-Middle,Business Owner,Medium,46,Telugu,RGN019
CUST005167,Aryan Chakraborty,6512954589,Female,Married,220179,Low,Front Desk Executive,Low,18,Hindi,RGN033
CUST005168,Shruti Gowda,7853358499,Female,Married,1725966,Upper-Middle,Software Engineer,Low,41,Telugu,RGN018
CUST005169,Pooja Chaudhary,6695359522,Female,Single,829138,Upper-Middle,Software Engineer,Low,23,Kannada,RGN022
CUST005170,Sneha Jadhav,9512090181,Female,Married,97516,Low,Farmer,Medium,33,Hindi,RGN003
CUST005171,Varun Gupta,9497311149,Female,Married,395964,Middle,Hardware Technician,Medium,44,Hindi,RGN011
CUST005172,Zara Krishnan,9336098910,Male,Divorced,1280194,Upper-Middle,Doctor,Low,39,Hindi,RGN007
CUST005173,Pradeep Patel,8045961974,Male,Single,733464,Middle,Doctor,Low,27,Hindi,RGN050
CUST005174,Rahul Chaudhary,6059758344,Male,Married,989338,Upper-Middle,Business Owner,Medium,38,Kannada,RGN021
CUST005175,Rajesh Sharma,7419768784,Male,Single,1470132,Upper-Middle,Business Owner,Medium,19,Hindi,RGN041
CUST005176,Karan Shetty,8182865490,Female,Single,1443534,Upper-Middle,Software Engineer,Low,51,Hindi,RGN026
CUST005177,Suresh Sharma,9872550541,Male,Married,353997,Middle,Teacher,Low,35,Hindi,RGN006
CUST005178,Meera Gowda,8190937577,Female,Married,1798516,Upper-Middle,Software Engineer,Low,51,Tamil,RGN023
CUST005179,Aryan Shetty,6165159952,Male,Married,3565720,High,Business Owner,Medium,31,Hindi,RGN005
CUST005180,Vinod Pillai,6351284836,Female,Married,290348,Low,Teacher,Low,31,Kannada,RGN021
CUST005181,Nikhil Krishnan,8595827706,Male,Married,911832,Upper-Middle,Software Engineer,Low,28,Hindi,RGN009
CUST005182,Sneha Hegde,7269156949,Female,Married,409546,Middle,Software Engineer,Low,48,Hindi,RGN014
CUST005183,Aarav Desai,6608276100,Male,Divorced,178884,Low,Front Desk Executive,Low,29,Oriya,RGN032
CUST005184,Vikram Pillai,7351209459,Male,Married,662028,Middle,Software Engineer,Low,45,Hindi,RGN048
CUST005185,Aditya Singh,9915734943,Female,Married,362993,Middle,Hardware Technician,Medium,33,Tamil,RGN023
CUST005186,Sanjay Mishra,8633759849,Male,Married,217863,Low,Hardware Technician,Medium,18,Hindi,RGN028
CUST005187,Rohit Deshpande,6387870188,Female,Married,352892,Middle,Teacher,Low,31,Hindi,RGN025
CUST005188,Anil Srivastava,6113379523,Male,Widowed,750950,Middle,Real Estate Agent,Medium,23,Hindi,RGN028
CUST005189,Meera Reddy,7143241707,Female,Married,2665230,High,Doctor,Low,38,Hindi,RGN030
CUST005190,Isha Naik,6278796338,Male,Single,146922,Low,Hardware Technician,Medium,23,Hindi,RGN028
CUST005191,Sunita Jadhav,9908132208,Female,Married,1098158,Upper-Middle,Doctor,Low,49,Hindi,RGN003
CUST005192,Nikhil Srivastava,7204484351,Male,Single,1589351,Upper-Middle,Software Engineer,Low,36,Hindi,RGN008
CUST005193,Siddharth Tripathi,9881649571,Male,Married,258672,Low,Teacher,Low,35,Hindi,RGN012
CUST005194,Sandeep Venkatesh,6425990028,Male,Single,563696,Middle,Software Engineer,Low,45,Hindi,RGN004
CUST005195,Shruti Bose,8224170183,Male,Married,937293,Upper-Middle,Business Owner,Medium,49,Hindi,RGN033
CUST005196,Ananya Venkatesh,6377434030,Male,Divorced,1194592,Upper-Middle,Doctor,Low,37,Hindi,RGN035
CUST005197,Geeta More,8792517333,Female,Married,544889,Middle,Business Owner,Medium,28,Hindi,RGN007
CUST005198,Geeta Patil,8813682201,Female,Married,1005771,Upper-Middle,Business Owner,Medium,18,Hindi,RGN034
CUST005199,Vishal Hegde,8297968546,Male,Single,1210945,Upper-Middle,Software Engineer,Low,29,Hindi,RGN036
CUST005200,Divya Shah,7116700620,Male,Single,2156513,High,Business Owner,Medium,30,Kannada,RGN022
CUST005201,Ramesh Srivastava,7124076645,Female,Married,176065,Low,Farmer,Medium,39,Hindi,RGN034
CUST005202,Prakash Mishra,7629213501,Female,Single,277147,Low,Hardware Technician,Medium,33,Hindi,RGN040
CUST005203,Geeta Hegde,6344968950,Male,Single,3988705,High,Pilot,High,46,Oriya,RGN031
CUST005204,Kavya Subramanian,7918489945,Male,Single,637207,Middle,Software Engineer,Low,30,Tamil,RGN023
CUST005205,Gaurav Naik,8949725472,Male,Divorced,1779021,Upper-Middle,Software Engineer,Low,37,Hindi,RGN034
CUST005206,Meera Shetty,6474421756,Male,Widowed,1268908,Upper-Middle,Software Engineer,Low,52,Hindi,RGN027
CUST005207,Sarika Rajan,7949046514,Male,Single,172817,Low,Farmer,Medium,42,Hindi,RGN005
CUST005208,Siddharth Das,8446574814,Male,Married,750695,Middle,Software Engineer,Low,37,Hindi,RGN010
CUST005209,Nandini Singh,8252888646,Male,Married,1504941,Upper-Middle,Software Engineer,Low,30,Hindi,RGN026
CUST005210,Priya Kumar,8089304317,Female,Married,197510,Low,Hardware Technician,Medium,30,Hindi,RGN029
CUST005211,Vishal Rajan,8213913699,Female,Married,2515002,High,Software Engineer,Low,27,Hindi,RGN025
CUST005212,Aarav Kulkarni,9548393777,Male,Married,3181288,High,Business Owner,Medium,31,Hindi,RGN015
CUST005213,Nandini Hegde,9476237038,Male,Married,284749,Low,Farmer,Medium,47,Hindi,RGN039
CUST005214,Prakash Das,8038341247,Male,Married,249398,Low,Teacher,Low,35,Hindi,RGN016
CUST005215,Lakshmi Tripathi,7237207419,Male,Married,812871,Upper-Middle,Software Engineer,Low,21,Hindi,RGN008
CUST005216,Manoj Mishra,9537006323,Male,Single,115487,Low,Front Desk Executive,Low,59,Hindi,RGN004
CUST005217,Pradeep Sharma,9733521085,Female,Single,1261362,Upper-Middle,Software Engineer,Low,41,Telugu,RGN019
CUST005218,Anil Kulkarni,7755826321,Female,Married,2075455,High,Pilot,High,21,Hindi,RGN034
CUST005219,Rajesh Verma,8510885899,Female,Married,483026,Middle,Software Engineer,Low,32,Hindi,RGN004
CUST005220,Geeta Kulkarni,6811994281,Female,Married,434368,Middle,Business Owner,Medium,39,Hindi,RGN008
CUST005221,Rohit Kulkarni,9834206433,Male,Married,684271,Middle,Software Engineer,Low,58,Hindi,RGN015
CUST005222,Lakshmi Patel,8534334971,Male,Single,346638,Middle,Teacher,Low,24,Hindi,RGN048
CUST005223,Isha Reddy,9204093242,Female,Married,348865,Middle,Teacher,Low,49,Kannada,RGN022
CUST005224,Arjun Rao,8300917316,Female,Married,146644,Low,Front Desk Executive,Low,54,Hindi,RGN002
CUST005225,Deepak Malhotra,6498321122,Male,Single,338270,Middle,Business Owner,Medium,30,Hindi,RGN016
CUST005226,Arjun Rajan,8783907121,Female,Married,4172908,High,Pilot,High,34,Hindi,RGN013
CUST005227,Vikram Rao,7579896910,Female,Married,2333319,High,Doctor,Low,25,Hindi,RGN039
CUST005228,Ananya Gupta,7419827244,Male,Married,2560092,High,Software Engineer,Low,35,Hindi,RGN043
CUST005229,Kavya Rajan,8207699152,Male,Single,1170987,Upper-Middle,Software Engineer,Low,37,Hindi,RGN040
CUST005230,Amrita Malhotra,7119778951,Male,Married,695288,Middle,Software Engineer,Low,45,Hindi,RGN011
CUST005231,Vijay Chaudhary,9650180054,Male,Single,165191,Low,Farmer,Medium,51,Hindi,RGN010
CUST005232,Sanjay Joshi,8027760123,Male,Married,145562,Low,Farmer,Medium,29,Hindi,RGN033
CUST005233,Vikram Shah,6625751000,Male,Married,380892,Middle,Teacher,Low,18,Oriya,RGN031
CUST005234,Bhavna Mishra,7668574397,Male,Single,164031,Low,Farmer,Medium,37,Oriya,RGN032
CUST005235,Aryan Mehta,7847184581,Female,Married,120457,Low,Driver,High,41,Hindi,RGN012
CUST005236,Sneha Dubey,9302129182,Male,Single,340225,Middle,Teacher,Low,40,Hindi,RGN040
CUST005237,Shruti Jadhav,7637251129,Male,Single,2729554,High,Pilot,High,34,Hindi,RGN046
CUST005238,Bhavna Rao,6310262370,Female,Divorced,2228396,High,Software Engineer,Low,39,Hindi,RGN025
CUST005239,Rekha Hegde,8067482522,Female,Married,123996,Low,Front Desk Executive,Low,56,Hindi,RGN014
CUST005240,Isha Nair,7546547631,Female,Single,2811789,High,Software Engineer,Low,42,Oriya,RGN031
CUST005241,Nandini Tripathi,9914559036,Female,Married,272105,Low,Hardware Technician,Medium,33,Hindi,RGN002
CUST005242,Deepak Krishnan,8354237246,Male,Married,90916,Low,Driver,High,31,Hindi,RGN016
CUST005243,Anjali Tiwari,97622XXXXX,Male,Divorced,120346,Low,Front Desk Executive,Low,35,Hindi,RGN010
CUST005244,Uday Menon,8790455224,Male,Married,110325,Low,Driver,High,57,Hindi,RGN014
CUST005245,Prakash Pillai,7059642549,Male,Married,2508247,High,Software Engineer,Low,35,Telugu,RGN017
CUST005246,Suresh More,9806437196,Female,Married,2160252,High,Business Owner,Medium,37,Hindi,RGN049
CUST005247,Divya Singh,6348973116,Female,Married,163173,Low,Driver,High,32,Hindi,RGN016
CUST005248,Lakshmi Shetty,6156539952,Female,Divorced,182737,Low,Hardware Technician,Medium,51,Hindi,RGN008
CUST005249,Manoj Patel,6154240150,Male,Widowed,2299665,High,Software Engineer,Low,61,Hindi,RGN035
CUST005250,Neha Bose,8379086808,Male,Married,228117,Low,Driver,High,43,Hindi,RGN004
CUST005251,Swati Verma,7585583645,Female,Single,1204728,Upper-Middle,Real Estate Agent,Medium,38,Hindi,RGN005
CUST005252,Ananya Srivastava,8875979974,Female,Married,224929,Low,Teacher,Low,38,Hindi,RGN050
CUST005253,Vishal Reddy,7542904368,Male,Married,787130,Middle,Software Engineer,Low,18,Hindi,RGN047
CUST005254,Lakshmi Singh,7756849785,Male,Single,287983,Low,Farmer,Medium,46,Hindi,RGN029
CUST005255,Varun Singh,6786725308,Female,Married,1609582,Upper-Middle,Business Owner,Medium,39,Hindi,RGN003
CUST005256,Priya Malhotra,6580867894,Female,Single,119272,Low,Front Desk Executive,Low,43,Hindi,RGN026
CUST005257,Nikhil Kumar,8119324671,Male,Married,407184,Middle,Teacher,Low,29,Hindi,RGN050
CUST005258,Ravi Srivastava,7752371002,Male,Single,1359680,Upper-Middle,Real Estate Agent,Medium,33,Hindi,RGN049
CUST005259,Sapna Deshpande,8963518757,Male,Married,2432115,High,Pilot,High,33,Hindi,RGN026
CUST005260,Ananya Mishra,6532093613,Male,Married,1679060,Upper-Middle,Software Engineer,Low,50,Hindi,RGN044
CUST005261,Manoj Das,6144641972,Male,Married,203502,Low,Farmer,Medium,33,Hindi,RGN049
CUST005262,Sunil Venkatesh,8103675806,Male,Single,670143,Middle,Teacher,Low,62,Hindi,RGN035
CUST005263,Santosh Singh,7289401171,Female,Married,1428156,Upper-Middle,Pilot,High,43,Hindi,RGN014
CUST005264,Priya Pillai,7037097184,Male,Married,142491,Low,Front Desk Executive,Low,22,Hindi,RGN040
CUST005265,Shweta Mishra,9790877373,Female,Married,3485406,High,Business Owner,Medium,36,Hindi,RGN015
CUST005266,Gaurav Reddy,6692759274,Female,Married,1650889,Upper-Middle,Software Engineer,Low,30,Hindi,RGN010
CUST005267,Rahul Shetty,9010069774,Female,Married,739447,Middle,Software Engineer,Low,18,Hindi,RGN009
CUST005268,Tanvi Menon,6097018325,Female,Married,2227635,High,Business Owner,Medium,57,Hindi,RGN004
CUST005269,Sunil Bose,9618061085,Female,Single,1078111,Upper-Middle,Doctor,Low,46,Tamil,RGN024
CUST005270,Lakshmi Verma,,Male,Widowed,142128,Low,Front Desk Executive,Low,44,Hindi,RGN036
CUST005271,Amrita Bose,7212683905,Female,Married,138412,Low,Driver,High,39,Hindi,RGN044
CUST005272,Vikram Reddy,6011816934,Male,Single,2051062,High,Software Engineer,Low,21,Telugu,RGN019
CUST005273,Akash Kulkarni,6067698710,Male,Married,1684797,Upper-Middle,Software Engineer,Low,32,Oriya,RGN031
CUST005274,Amrita Srivastava,6494116328,Male,Married,173901,Low,Farmer,Medium,48,Hindi,RGN008
CUST005275,Vishal Kulkarni,7251964295,Male,Married,3860291,High,Business Owner,Medium,25,Hindi,RGN029
CUST005276,Deepak Krishnan,9167211702,Male,Married,92990,Low,Driver,High,18,Hindi,RGN014
CUST005277,Uday Shah,8449655024,Male,Divorced,269759,Low,Farmer,Medium,35,Hindi,RGN005
CUST005278,Harsha Patil,7182548057,Male,Widowed,75680,Low,Farmer,Medium,36,Hindi,RGN034
CUST005279,Deepak Nair,8950242426,Female,Single,387163,Middle,Hardware Technician,Medium,39,Telugu,RGN019
CUST005280,Pradeep Iyer,7352317548,Female,Divorced,1223413,Upper-Middle,Software Engineer,Low,46,Hindi,RGN030
CUST005281,Neha Patel,9713202061,Female,Married,646227,Middle,Software Engineer,Low,45,Tamil,RGN024
CUST005282,Amrita Mehta,7920318676,Male,Divorced,1591168,Upper-Middle,Business Owner,Medium,41,Hindi,RGN042
CUST005283,Aryan Das,9448228780,Female,Single,633208,Middle,Software Engineer,Low,52,Hindi,RGN036
CUST005284,Zara Gupta,9390049630,Male,Married,2644268,High,Business Owner,Medium,19,Hindi,RGN033
CUST005285,Sanjay Das,9676015043,Female,Married,2306114,High,Software Engineer,Low,44,Kannada,RGN021
CUST005286,Swati Nair,9499104716,Male,Single,473466,Middle,Hardware Technician,Medium,45,Kannada,RGN021
CUST005287,Sneha Tripathi,8954584465,Male,Single,199019,Low,Real Estate Agent,Medium,23,Hindi,RGN050
CUST005288,Neha Venkatesh,9713715342,Female,Married,158533,Low,Driver,High,19,Hindi,RGN046
CUST005289,Divya Naik,9893287322,Male,Single,1060551,Upper-Middle,Business Owner,Medium,29,Hindi,RGN005
CUST005290,Poonam Joshi,9665484274,Female,Married,2690521,High,Doctor,Low,30,Kannada,RGN022
CUST005291,Suresh Bose,8645403002,Male,Single,352306,Middle,Teacher,Low,47,Hindi,RGN048
CUST005292,Vijay Kulkarni,6436659453,Male,Single,1289926,Upper-Middle,Software Engineer,Low,30,Kannada,RGN022
CUST005293,Aditi Subramanian,7323453356,Male,Married,313548,Middle,Teacher,Low,27,Hindi,RGN034
CUST005294,Aryan Shah,9822896575,Male,Married,232568,Low,Hardware Technician,Medium,30,Hindi,RGN002
CUST005295,Rajesh Saxena,8920398013,Male,Married,2366042,High,Doctor,Low,51,Hindi,RGN042
CUST005296,Vinod Reddy,7761915770,Female,Married,681312,Middle,Teacher,Low,38,Telugu,RGN019
CUST005297,Ravi More,6411158162,Female,Married,338001,Middle,Real Estate Agent,Medium,35,Hindi,RGN044
CUST005298,Isha Nair,7153942811,Male,Married,141485,Low,Front Desk Executive,Low,36,Hindi,RGN010
CUST005299,Rohit Reddy,8876509163,Female,Divorced,275187,Low,Teacher,Low,53,Hindi,RGN044
CUST005300,Deepa Pillai,9505792151,Male,Divorced,292733,Low,Teacher,Low,29,Oriya,RGN032
CUST005301,Vijay Pillai,6981009443,Male,Married,275401,Low,Teacher,Low,53,Hindi,RGN014
CUST005302,Arjun Tripathi,6027732065,Female,Married,275826,Low,Driver,High,40,Hindi,RGN049
CUST005303,Mohit Verma,9942763808,Female,Single,184680,Low,Driver,High,36,Hindi,RGN025
CUST005304,Varun Kapoor,7632676311,Female,Married,403750,Middle,Teacher,Low,65,Hindi,RGN045
CUST005305,Ramesh Rao,8310753987,Female,Single,357574,Middle,Hardware Technician,Medium,25,Hindi,RGN005
CUST005306,Swati Joshi,6414264293,Male,Divorced,324031,Middle,Business Owner,Medium,33,Tamil,RGN024
CUST005307,Pradeep Singh,6646143838,Male,Single,1600854,Upper-Middle,Software Engineer,Low,23,Telugu,RGN020
CUST005308,Sanjay Shah,6674289540,Male,Single,254338,Low,Farmer,Medium,49,Hindi,RGN037
CUST005309,Aryan Singh,8847438947,Male,Divorced,595943,Middle,Real Estate Agent,Medium,58,Hindi,RGN030
CUST005310,Rekha Desai,8289724597,Female,Widowed,2219382,High,Business Owner,Medium,58,Hindi,RGN046
CUST005311,Aarav Reddy,7245540421,Male,Widowed,1522447,Upper-Middle,Software Engineer,Low,52,Hindi,RGN034
CUST005312,Shweta Balaji,6014996117,Male,Married,853537,Upper-Middle,Software Engineer,Low,35,Hindi,RGN025
CUST005313,Divya Pandey,9854539057,Female,Single,183665,Low,Driver,High,33,Hindi,RGN003
CUST005314,Sapna Singh,9626923395,Female,Single,285871,Low,Front Desk Executive,Low,18,Hindi,RGN005
CUST005315,Sanjay Balaji,7002553952,Male,Widowed,803491,Upper-Middle,Real Estate Agent,Medium,62,Hindi,RGN006
CUST005316,Meera Singh,8637731252,Male,Married,290314,Low,Teacher,Low,43,Hindi,RGN046
CUST005317,Amrita Singh,8587013111,Male,Widowed,266743,Low,Driver,High,32,Hindi,RGN029
CUST005318,Rajesh Gowda,9517335836,Female,Married,189762,Low,Front Desk Executive,Low,53,Hindi,RGN047
CUST005319,Kunal Gupta,7492151569,Male,Married,990714,Upper-Middle,Pilot,High,26,Telugu,RGN018
CUST005320,Varun Kulkarni,8438787171,Male,Married,207264,Low,Real Estate Agent,Medium,42,Hindi,RGN014
CUST005321,Anjali Reddy,7593589105,Female,Married,110205,Low,Farmer,Medium,35,Tamil,RGN024
CUST005322,Varun Tiwari,,Male,Married,159596,Low,Front Desk Executive,Low,45,Hindi,RGN042
CUST005323,Vishal Reddy,8331612099,Male,Single,171068,Low,Driver,High,37,Oriya,RGN031
CUST005324,Meera Sharma,7868784277,Male,Married,265208,Low,Teacher,Low,20,Hindi,RGN043
CUST005325,Swati Mishra,,Male,Married,1379913,Upper-Middle,Software Engineer,Low,38,Hindi,RGN029
CUST005326,Shweta Rao,8066991285,Female,Single,111292,Low,Farmer,Medium,50,Hindi,RGN047
CUST005327,Arjun Das,9859441649,Male,Single,717939,Middle,Software Engineer,Low,37,Hindi,RGN008
CUST005328,Akash Malhotra,7311156854,Male,Single,118461,Low,Hardware Technician,Medium,47,Hindi,RGN016
CUST005329,Arjun Chaudhary,6262180603,Female,Married,2403490,High,Software Engineer,Low,25,Telugu,RGN019
CUST005330,Mohit Patil,9323518522,Male,Married,63640,Low,Farmer,Medium,37,Hindi,RGN006
CUST005331,Pradeep Iyer,6656130739,Female,Married,584332,Middle,Real Estate Agent,Medium,30,Hindi,RGN005
CUST005332,Siddharth Saxena,9148454430,Other,Single,248619,Low,Front Desk Executive,Low,46,Hindi,RGN015
CUST005333,Sneha Gowda,6745777414,Male,Married,246203,Low,Hardware Technician,Medium,38,Hindi,RGN015
CUST005334,Karan Gupta,9518316332,Female,Married,156951,Low,Hardware Technician,Medium,46,Kannada,RGN022
CUST005335,Vikram Mehta,8336305757,Female,Married,282874,Low,Teacher,Low,51,Hindi,RGN002
CUST005336,Meera Das,9607025076,Male,Married,1496021,Upper-Middle,Real Estate Agent,Medium,46,Hindi,RGN035
CUST005337,Anil Subramanian,9606950852,Male,Single,1477645,Upper-Middle,Business Owner,Medium,41,Hindi,RGN039
CUST005338,Zara Naik,9106896553,Female,Divorced,175259,Low,Teacher,Low,26,Hindi,RGN008
CUST005339,Pradeep Shah,7647414124,Male,Married,377110,Middle,Driver,High,37,Hindi,RGN037
CUST005340,Akash Hegde,6439684835,Female,Married,89592,Low,Farmer,Medium,31,Hindi,RGN015
CUST005341,Isha Pandey,9000182087,Female,Married,420927,Middle,Business Owner,Medium,33,Hindi,RGN006
CUST005342,Karan Sharma,6638819392,Female,Married,330943,Middle,Driver,High,33,Hindi,RGN003
CUST005343,Anil Bose,9191899381,Female,Married,191907,Low,Farmer,Medium,26,Hindi,RGN015
CUST005344,Sanjay Jadhav,9921650181,Male,Divorced,1231353,Upper-Middle,Software Engineer,Low,18,Telugu,RGN019
CUST005345,Ramesh Pandey,9576018086,Male,Married,186712,Low,Front Desk Executive,Low,29,Tamil,RGN023
CUST005346,Kavya Das,9522624915,Female,Divorced,1690588,Upper-Middle,Business Owner,Medium,40,Hindi,RGN026
CUST005347,Shruti Mehta,7893281665,Male,Married,1820919,Upper-Middle,Software Engineer,Low,21,Hindi,RGN029
CUST005348,Suresh Krishnan,6773131974,Other,Married,889886,Upper-Middle,Software Engineer,Low,38,Hindi,RGN009
CUST005349,Ananya Naik,7135276255,Female,Divorced,3119301,High,Pilot,High,60,Hindi,RGN027
CUST005350,Rohit Shah,7765118256,Male,Single,2037146,High,Pilot,High,50,Hindi,RGN009
CUST005351,Yash Balaji,9516391727,Male,Married,1986948,Upper-Middle,Business Owner,Medium,57,Hindi,RGN010
CUST005352,Gaurav Gupta,6548362813,Female,Single,580691,Middle,Software Engineer,Low,42,Hindi,RGN014
CUST005353,Priya Jadhav,8135033460,Female,Widowed,287365,Low,Hardware Technician,Medium,52,Hindi,RGN035
CUST005354,Priya Dubey,9496875744,Male,Single,1338255,Upper-Middle,Software Engineer,Low,29,Oriya,RGN032
CUST005355,Arjun Agarwal,9544821873,Female,Single,945771,Upper-Middle,Doctor,Low,30,Hindi,RGN015
CUST005356,Tanvi Kulkarni,7125588774,Female,Married,792567,Middle,Business Owner,Medium,18,Telugu,RGN019
CUST005357,Deepak Srivastava,6503151346,Male,Widowed,4325784,High,Pilot,High,52,Hindi,RGN047
CUST005358,Divya Shetty,8086569963,Male,Single,2657793,High,Software Engineer,Low,56,Hindi,RGN041
CUST005359,Zara Verma,9447713412,Male,Single,1072642,Upper-Middle,Software Engineer,Low,31,Telugu,RGN019
CUST005360,Siddharth Dubey,8383410657,Male,Married,1019580,Upper-Middle,Real Estate Agent,Medium,34,Hindi,RGN049
CUST005361,Kritika Chakraborty,7997665620,Female,Married,217529,Low,Driver,High,28,Hindi,RGN002
CUST005362,Shweta Shah,9703933677,Male,Married,1772684,Upper-Middle,Business Owner,Medium,42,Telugu,RGN020
CUST005363,Lakshmi Das,9441084397,Female,Single,1445960,Upper-Middle,Software Engineer,Low,51,Hindi,RGN011
CUST005364,Vijay Dubey,6182003409,Male,Married,343735,Middle,Teacher,Low,18,Hindi,RGN045
CUST005365,Sanjay Dubey,7582717320,Male,Married,745326,Middle,Business Owner,Medium,42,Hindi,RGN035
CUST005366,Tanvi Tiwari,7106664651,Male,Married,232883,Low,Hardware Technician,Medium,34,Tamil,RGN024
CUST005367,Pradeep Krishnan,8788797888,Male,Single,1573990,Upper-Middle,Software Engineer,Low,39,Hindi,RGN002
CUST005368,Siddharth Naik,8587957971,Female,Married,299960,Low,Hardware Technician,Medium,43,Telugu,RGN017
CUST005369,Rohit Patel,6491794619,Female,Married,101949,Low,Farmer,Medium,35,Hindi,RGN048
CUST005370,Pooja Tiwari,6692395108,Male,Married,188764,Low,Teacher,Low,36,Hindi,RGN046
CUST005371,Kritika Tripathi,7278668689,Female,Married,336151,Middle,Driver,High,35,Tamil,RGN023
CUST005372,Anjali Pandey,8200326503,Other,Divorced,231186,Low,Hardware Technician,Medium,49,Hindi,RGN005
CUST005373,Santosh Desai,6524114207,Male,Single,3020822,High,Business Owner,Medium,43,Hindi,RGN029
CUST005374,Zara Krishnan,9513352949,Male,Single,2151187,High,Business Owner,Medium,40,Hindi,RGN040
CUST005375,Divya Deshpande,8760396108,Female,Married,1075519,Upper-Middle,Real Estate Agent,Medium,22,Hindi,RGN025
CUST005376,Akash Joshi,8929704538,Male,Married,221684,Low,Driver,High,33,Hindi,RGN045
CUST005377,Swati Bose,9876129767,Male,Single,1113285,Upper-Middle,Software Engineer,Low,48,Hindi,RGN014
CUST005378,Aditya Mehta,9213545614,Female,Single,1604488,Upper-Middle,Software Engineer,Low,38,Hindi,RGN029
CUST005379,Deepa Mishra,7153834899,Male,Married,615153,Middle,Software Engineer,Low,45,Hindi,RGN047
CUST005380,Siddharth Singh,8312008590,Male,Single,138691,Low,Front Desk Executive,Low,59,Hindi,RGN030
CUST005381,Aryan More,8002417036,Female,Married,4786483,High,Doctor,Low,50,Hindi,RGN011
CUST005382,Zara Patil,8237331342,Male,Divorced,290030,Low,Driver,High,39,Kannada,RGN021
CUST005383,Tanvi Shah,8147189762,Female,Single,4734266,High,Pilot,High,31,Hindi,RGN043
CUST005384,Akash Tripathi,6779429210,Male,Single,757273,Middle,Software Engineer,Low,18,Hindi,RGN046
CUST005385,Kritika Patil,6727482151,Female,Married,498079,Middle,Software Engineer,Low,35,Tamil,RGN024
CUST005386,Rohit Bose,9507963132,Female,Single,665634,Middle,Teacher,Low,34,Hindi,RGN013
CUST005387,Aditi Singh,8049619651,Female,Married,1147197,Upper-Middle,Software Engineer,Low,42,Tamil,RGN024
CUST005388,Uday Subramanian,9627145706,Female,Married,2364091,High,Software Engineer,Low,36,Hindi,RGN039
CUST005389,Tanvi Kumar,8868623785,Female,Married,193027,Low,Teacher,Low,34,Hindi,RGN044
CUST005390,Zara Agarwal,9717121999,Female,Married,1026787,Upper-Middle,Doctor,Low,18,Hindi,RGN013
CUST005391,Shweta Kulkarni,7917670700,Male,Married,1160571,Upper-Middle,Doctor,Low,26,Hindi,RGN028
CUST005392,Gaurav Rajan,7279624452,Male,Widowed,366123,Middle,Teacher,Low,43,Hindi,RGN029
CUST005393,Kritika Bose,9843003987,Male,Married,160108,Low,Driver,High,58,Hindi,RGN036
CUST005394,Vishal Pillai,6646594918,Female,Married,2829519,High,Software Engineer,Low,36,Hindi,RGN045
CUST005395,Aarav Srivastava,9849874932,Female,Married,375802,Middle,Teacher,Low,41,Hindi,RGN042
CUST005396,Aditya Reddy,6392268687,Male,Married,1256339,Upper-Middle,Real Estate Agent,Medium,49,Hindi,RGN001
CUST005397,Anjali Das,6375578545,Female,Divorced,1535873,Upper-Middle,Software Engineer,Low,28,Hindi,RGN026
CUST005398,Rohit Krishnan,9653092464,Female,Widowed,154587,Low,Driver,High,42,Hindi,RGN016
CUST005399,Deepak Shah,7081322257,Male,Divorced,131344,Low,Driver,High,29,Hindi,RGN026
CUST005400,Sandeep Subramanian,8041226643,Male,Divorced,1063264,Upper-Middle,Software Engineer,Low,48,Hindi,RGN034
CUST005401,Meera Chaudhary,8094557314,Male,Single,364941,Middle,Teacher,Low,39,Hindi,RGN012
CUST005402,Anil Tiwari,7662247760,Male,Married,599031,Middle,Teacher,Low,41,Telugu,RGN017
CUST005403,Bhavna Gupta,7828071002,Male,Single,385629,Middle,Software Engineer,Low,28,Hindi,RGN042
CUST005404,Varun Tripathi,8588641793,Male,Married,1373861,Upper-Middle,Real Estate Agent,Medium,46,Hindi,RGN011
CUST005405,Arjun Kumar,9979339338,Female,Married,290850,Low,Driver,High,63,Hindi,RGN011
CUST005406,Varun Dubey,7387688386,Female,Married,1189659,Upper-Middle,Software Engineer,Low,25,Hindi,RGN016
CUST005407,Gaurav Gowda,7581738681,Male,Single,2979182,High,Software Engineer,Low,33,Hindi,RGN037
CUST005408,Rohit Kumar,9522350799,Male,Widowed,2781691,High,Software Engineer,Low,40,Hindi,RGN003
CUST005409,Pradeep Menon,7787352199,Female,Married,205736,Low,Front Desk Executive,Low,47,Hindi,RGN048
CUST005410,Sneha Shah,7498246896,Male,Married,2517169,High,Pilot,High,31,Tamil,RGN023
CUST005411,Sapna Rajan,7995086722,Male,Married,1288098,Upper-Middle,Business Owner,Medium,18,Tamil,RGN023
CUST005412,Akash Kulkarni,9628107677,Male,Single,968137,Upper-Middle,Pilot,High,54,Kannada,RGN022
CUST005413,Prakash Shah,9867397181,Male,Married,1872641,Upper-Middle,Software Engineer,Low,47,Hindi,RGN009
CUST005414,Sunita Tripathi,6597468993,Male,Divorced,116026,Low,Front Desk Executive,Low,18,Telugu,RGN020
CUST005415,Sunil Rajan,7053740624,Male,Married,1434080,Upper-Middle,Software Engineer,Low,30,Hindi,RGN014
CUST005416,Shruti Joshi,7610332487,Male,Divorced,2215843,High,Business Owner,Medium,56,Hindi,RGN002
CUST005417,Sneha Kumar,9365188491,Male,Divorced,2058343,High,Business Owner,Medium,55,Kannada,RGN022
CUST005418,Nikhil Reddy,9613294063,Female,Married,2093942,High,Software Engineer,Low,49,Hindi,RGN039
CUST005419,Rajesh Jadhav,8724763985,Male,Single,882312,Upper-Middle,Business Owner,Medium,35,Telugu,RGN019
CUST005420,Sunil More,9268500728,Female,Single,3760770,High,Business Owner,Medium,38,Hindi,RGN049
CUST005421,Aarav Deshpande,8385800999,Female,Married,529015,Middle,Real Estate Agent,Medium,36,Kannada,RGN021
CUST005422,Ravi Kulkarni,9692450514,Female,Married,675447,Middle,Teacher,Low,51,Hindi,RGN009
CUST005423,Amrita Kulkarni,6487359754,Female,Single,198519,Low,Driver,High,27,Hindi,RGN010
CUST005424,Santosh Dubey,7453649961,Female,Single,711318,Middle,Software Engineer,Low,28,Hindi,RGN028
CUST005425,Karan Patel,6779977222,Male,Married,1719022,Upper-Middle,Software Engineer,Low,50,Hindi,RGN008
CUST005426,Varun Shah,7646153300,Male,Married,334954,Middle,Real Estate Agent,Medium,37,Hindi,RGN006
CUST005427,Deepa Shetty,7702750769,Female,Married,392655,Middle,Teacher,Low,54,Hindi,RGN039
CUST005428,Aditya Agarwal,9693805145,Male,Single,2686854,High,Software Engineer,Low,29,Hindi,RGN033
CUST005429,Harsha Gupta,7869016812,Male,Married,396410,Middle,Teacher,Low,37,Hindi,RGN043
CUST005430,Arjun Balaji,6750006991,Male,Married,1210520,Upper-Middle,Business Owner,Medium,26,Hindi,RGN030
CUST005431,Sarika Malhotra,8585939224,Male,Single,1313673,Upper-Middle,Software Engineer,Low,38,Oriya,RGN032
CUST005432,Ravi Menon,8556523221,Male,Married,665958,Middle,Real Estate Agent,Medium,20,Hindi,RGN008
CUST005433,Geeta Shetty,8894413999,Male,Married,699781,Middle,Teacher,Low,32,Hindi,RGN049
CUST005434,Akash Verma,8176993303,Male,Married,1969565,Upper-Middle,Software Engineer,Low,20,Oriya,RGN031
CUST005435,Bhavna Rajan,6569590705,Male,Married,1532216,Upper-Middle,Software Engineer,Low,46,Hindi,RGN040
CUST005436,Vishal Rajan,9951063611,Female,Married,1719538,Upper-Middle,Business Owner,Medium,46,Hindi,RGN027
CUST005437,Rohit Jadhav,7874081173,Female,Married,683176,Middle,Software Engineer,Low,18,Kannada,RGN022
CUST005438,Bhavna Agarwal,6699382145,Female,Married,3186099,High,Business Owner,Medium,54,Hindi,RGN013
CUST005439,Vishal Iyer,7878999962,Male,Married,2219998,High,Software Engineer,Low,65,Hindi,RGN025
CUST005440,Rahul Balaji,7028405218,Male,Single,2216736,High,Doctor,Low,38,Hindi,RGN004
CUST005441,Karan Bose,8056083191,Female,Married,1504263,Upper-Middle,Business Owner,Medium,30,Hindi,RGN038
CUST005442,Aryan Patel,7604858965,Female,Single,2207928,High,Business Owner,Medium,65,Hindi,RGN042
CUST005443,Varun Srivastava,8981844093,Male,Married,231706,Low,Driver,High,22,Hindi,RGN048
CUST005444,Anil Joshi,9547192705,Male,Married,1337499,Upper-Middle,Software Engineer,Low,38,Hindi,RGN016
CUST005445,Priya Chakraborty,8874870566,Male,Married,2455524,High,Software Engineer,Low,40,Hindi,RGN025
CUST005446,Aryan Verma,7300560944,Female,Married,226675,Low,Front Desk Executive,Low,54,Hindi,RGN033
CUST005447,Amrita Iyer,9150123506,Male,Married,567448,Middle,Software Engineer,Low,42,Hindi,RGN038
CUST005448,Vinod Deshpande,9566050590,Male,Married,112504,Low,Driver,High,32,Hindi,RGN034
CUST005449,Nandini Rao,8576578937,Female,Divorced,232914,Low,Teacher,Low,26,Hindi,RGN016
CUST005450,Nandini Agarwal,7168974537,Female,Single,369048,Middle,Real Estate Agent,Medium,33,Hindi,RGN011
CUST005451,Karan Deshpande,6352196091,Other,Married,685762,Middle,Business Owner,Medium,25,Hindi,RGN008
CUST005452,Pooja Chakraborty,6276471424,Male,Married,420110,Middle,Real Estate Agent,Medium,38,Hindi,RGN015
CUST005453,Rajesh Joshi,7211190266,Male,Married,753693,Middle,Business Owner,Medium,31,Hindi,RGN008
CUST005454,Isha Chakraborty,7377381330,Female,Married,1499594,Upper-Middle,Doctor,Low,20,Hindi,RGN015
CUST005455,Sandeep Desai,7145237803,Male,Single,924902,Upper-Middle,Business Owner,Medium,53,Tamil,RGN023
CUST005456,Gaurav Agarwal,8633287425,Male,Single,1367005,Upper-Middle,Software Engineer,Low,32,Hindi,RGN042
CUST005457,Aarav Mehta,9568668058,Female,Married,1560589,Upper-Middle,Software Engineer,Low,22,Hindi,RGN006
CUST005458,Meera Rajan,6451951510,Male,Married,132274,Low,Farmer,Medium,35,Kannada,RGN022
CUST005459,Harsha Naik,8750154385,Female,Married,2158232,High,Software Engineer,Low,38,Hindi,RGN037
CUST005460,Geeta Chaudhary,9818077949,Female,Married,2589240,High,Software Engineer,Low,18,Hindi,RGN033
CUST005461,Tanvi Chaudhary,6488151446,Female,Married,1291889,Upper-Middle,Real Estate Agent,Medium,41,Hindi,RGN035
CUST005462,Rekha Mehta,9199541710,Female,Married,418333,Middle,Teacher,Low,25,Hindi,RGN033
CUST005463,Zara Krishnan,6656266688,Male,Divorced,414796,Middle,Hardware Technician,Medium,58,Hindi,RGN047
CUST005464,Sunita Shah,8455363776,Male,Married,298829,Low,Teacher,Low,44,Hindi,RGN011
CUST005465,Sapna Shah,9599599023,Male,Married,1590330,Upper-Middle,Software Engineer,Low,33,Hindi,RGN004
CUST005466,Sunil Mishra,8423816226,Female,Married,327565,Middle,Hardware Technician,Medium,29,Tamil,RGN023
CUST005467,Rekha Iyer,9484918614,Male,Divorced,1396342,Upper-Middle,Software Engineer,Low,36,Hindi,RGN043
CUST005468,Zara Pandey,9288363580,Male,Single,2655716,High,Software Engineer,Low,45,Hindi,RGN027
CUST005469,Nandini Patil,8331513135,Male,Married,76108,Low,Farmer,Medium,37,Telugu,RGN018
CUST005470,Sandeep Verma,9117027847,Male,Single,87200,Low,Farmer,Medium,35,Hindi,RGN007
CUST005471,Sarika Malhotra,7447937223,Female,Divorced,1354792,Upper-Middle,Software Engineer,Low,38,Hindi,RGN005
CUST005472,Tanvi Shah,6761968225,Male,Married,213981,Low,Hardware Technician,Medium,30,Hindi,RGN001
CUST005473,Varun Rao,8843135740,Male,Single,322522,Middle,Business Owner,Medium,33,Hindi,RGN028
CUST005474,Pradeep Mishra,9474073972,Male,Married,2299862,High,Software Engineer,Low,18,Hindi,RGN043
CUST005475,Varun Joshi,9175657799,Male,Married,1353484,Upper-Middle,Software Engineer,Low,49,Hindi,RGN012
CUST005476,Vishal Tripathi,6618344251,Female,Married,1884910,Upper-Middle,Business Owner,Medium,41,Hindi,RGN016
CUST005477,Swati Saxena,6809545519,Female,Married,110860,Low,Farmer,Medium,28,Hindi,RGN042
CUST005478,Nikhil Pillai,7415286348,Female,Single,158289,Low,Front Desk Executive,Low,60,Hindi,RGN036
CUST005479,Sunil Shetty,8016170649,Female,Married,443627,Middle,Teacher,Low,39,Kannada,RGN021
CUST005480,Neha Mishra,6445337520,Male,Married,1791135,Upper-Middle,Software Engineer,Low,25,Hindi,RGN038
CUST005481,Ananya Singh,6569146164,Male,Married,358081,Middle,Driver,High,48,Hindi,RGN039
CUST005482,Kunal Saxena,6573376840,Male,Divorced,1585660,Upper-Middle,Software Engineer,Low,42,Hindi,RGN036
CUST005483,Sandeep Krishnan,6341781090,Male,Married,387106,Middle,Real Estate Agent,Medium,42,Hindi,RGN010
CUST005484,Vijay Dubey,9195714514,Male,Single,1979074,Upper-Middle,Business Owner,Medium,32,Hindi,RGN049
CUST005485,Kunal Mehta,8149558387,Female,Married,575553,Middle,Business Owner,Medium,43,Hindi,RGN039
CUST005486,Vinod More,7680729661,Male,Single,690984,Middle,Software Engineer,Low,34,Hindi,RGN046
CUST005487,Kavya Naik,6843881684,Male,Single,1248831,Upper-Middle,Doctor,Low,44,Hindi,RGN050
CUST005488,Vikram Subramanian,7723099070,Male,Married,510927,Middle,Software Engineer,Low,18,Hindi,RGN016
CUST005489,Poonam Krishnan,8644503006,Female,Married,346472,Middle,Front Desk Executive,Low,32,Hindi,RGN007
CUST005490,Isha Hegde,6451990818,Male,Married,1046671,Upper-Middle,Software Engineer,Low,58,Hindi,RGN045
CUST005491,Yash Saxena,9330027632,Female,Married,934222,Upper-Middle,Software Engineer,Low,28,Hindi,RGN036
CUST005492,Divya Rajan,9223736950,Male,Married,1411480,Upper-Middle,Real Estate Agent,Medium,30,Hindi,RGN009
CUST005493,Gaurav Dubey,8326059047,Male,Married,95093,Low,Farmer,Medium,32,Telugu,RGN020
CUST005494,Uday Bose,7535226549,Female,Married,1381412,Upper-Middle,Software Engineer,Low,23,Hindi,RGN046
CUST005495,Rahul Bose,7053973451,Male,Married,226769,Low,Driver,High,18,Hindi,RGN003
CUST005496,Zara Deshpande,7599642606,Male,Single,2281275,High,Doctor,Low,35,Hindi,RGN014
CUST005497,Ravi Menon,6098972740,Female,Married,2961528,High,Doctor,Low,39,Hindi,RGN036
CUST005498,Neha Hegde,8143164119,Male,Married,3934948,High,Business Owner,Medium,37,Hindi,RGN011
CUST005499,Suresh Nair,6365640254,Male,Married,194028,Low,Front Desk Executive,Low,36,Tamil,RGN023
CUST005500,Nandini Iyer,7600628922,Female,Married,446011,Middle,Hardware Technician,Medium,38,Hindi,RGN011
CUST005501,Shruti Das,7843579938,Male,Married,140554,Low,Driver,High,50,Hindi,RGN038
CUST005502,Poonam Naik,8945892251,Male,Married,177443,Low,Farmer,Medium,35,Hindi,RGN042
CUST005503,Vijay Deshpande,9475294977,Male,Married,52713,Low,Farmer,Medium,31,Kannada,RGN022
CUST005504,Amrita More,8655128895,Female,Married,91960,Low,Farmer,Medium,34,Kannada,RGN021
CUST005505,Aarav Krishnan,9383676657,Male,Divorced,4992973,High,Pilot,High,44,Hindi,RGN013
CUST005506,Rajesh Balaji,6310122133,Male,Married,506394,Middle,Software Engineer,Low,54,Hindi,RGN012
CUST005507,Deepak Reddy,9534214483,Male,Married,2633006,High,Software Engineer,Low,30,Hindi,RGN035
CUST005508,Poonam Patil,8457498839,Female,Divorced,702454,Middle,Real Estate Agent,Medium,39,Oriya,RGN032
CUST005509,Vijay Jadhav,9838252543,Male,Married,1293309,Upper-Middle,Software Engineer,Low,42,Hindi,RGN014
CUST005510,Deepak Saxena,6935352151,Female,Single,253360,Low,Hardware Technician,Medium,26,Hindi,RGN016
CUST005511,Divya Tripathi,9346606899,Female,Single,160029,Low,Teacher,Low,38,Hindi,RGN002
CUST005512,Kritika Singh,7471575610,Male,Married,992328,Upper-Middle,Software Engineer,Low,20,Hindi,RGN004
CUST005513,Yash Tiwari,6103022123,Male,Married,415769,Middle,Teacher,Low,18,Hindi,RGN002
CUST005514,Aditya Sharma,8512169832,Female,Married,226012,Low,Teacher,Low,42,Hindi,RGN042
CUST005515,Kavya Desai,7285414226,Male,Married,79720,Low,Farmer,Medium,33,Hindi,RGN038
CUST005516,Vinod Deshpande,7262144537,Male,Married,1703000,Upper-Middle,Software Engineer,Low,40,Hindi,RGN044
CUST005517,Aditi Hegde,6504519678,Male,Married,397178,Middle,Driver,High,37,Hindi,RGN041
CUST005518,Rajesh Krishnan,9788011591,Male,Married,1714131,Upper-Middle,Software Engineer,Low,26,Hindi,RGN036
CUST005519,Santosh Iyer,7268423263,Male,Married,1449615,Upper-Middle,Software Engineer,Low,37,Telugu,RGN017
CUST005520,Zara Patel,8546903369,Female,Widowed,2108648,High,Software Engineer,Low,23,Telugu,RGN017
CUST005521,Rekha Rao,7105719732,Female,Married,139876,Low,Farmer,Medium,54,Hindi,RGN048
CUST005522,Deepak Singh,7815455278,Female,Single,1004287,Upper-Middle,Real Estate Agent,Medium,21,Hindi,RGN009
CUST005523,Sapna Sharma,9626023564,Female,Married,3640767,High,Business Owner,Medium,35,Telugu,RGN017
CUST005524,Sarika Bose,6930999868,Male,Married,2340040,High,Software Engineer,Low,25,Hindi,RGN015
CUST005525,Rahul Gowda,6950786796,Male,Married,1173657,Upper-Middle,Business Owner,Medium,44,Kannada,RGN022
CUST005526,Isha Menon,7819194874,Male,Widowed,4288436,High,Doctor,Low,34,Telugu,RGN017
CUST005527,Gaurav Pillai,9123190024,Male,Single,83389,Low,Farmer,Medium,31,Hindi,RGN040
CUST005528,Divya Shah,6551758637,Male,Married,280229,Low,Farmer,Medium,48,Hindi,RGN011
CUST005529,Anjali Gowda,7533270289,Male,Married,608797,Middle,Teacher,Low,38,Hindi,RGN013
CUST005530,Rajesh Subramanian,9668685843,Male,Divorced,746713,Middle,Real Estate Agent,Medium,44,Hindi,RGN005
CUST005531,Suresh Kapoor,6162106514,Male,Married,203340,Low,Driver,High,26,Hindi,RGN014
CUST005532,Rohit Krishnan,8739654310,Male,Married,596425,Middle,Real Estate Agent,Medium,21,Hindi,RGN035
CUST005533,Vijay Kumar,8577103027,Male,Married,2199158,High,Software Engineer,Low,39,Hindi,RGN005
CUST005534,Aryan Malhotra,8960889586,Male,Married,403524,Middle,Teacher,Low,34,Hindi,RGN014
CUST005535,Harsha Agarwal,9935843423,Male,Married,1414092,Upper-Middle,Business Owner,Medium,45,Hindi,RGN008
CUST005536,Vikram Iyer,6494521258,Female,Married,1936105,Upper-Middle,Business Owner,Medium,37,Tamil,RGN023
CUST005537,Rajesh Mehta,9062098180,Male,Widowed,96727,Low,Driver,High,40,Hindi,RGN010
CUST005538,Aarav Balaji,8099915141,Female,Married,850218,Upper-Middle,Software Engineer,Low,18,Tamil,RGN024
CUST005539,Shruti Verma,8050850134,Male,Married,1005562,Upper-Middle,Doctor,Low,60,Hindi,RGN038
CUST005540,Ananya Chaudhary,9429636412,Male,Married,331461,Middle,Teacher,Low,36,Telugu,RGN018
CUST005541,Prakash Venkatesh,7647254392,Female,Single,427374,Middle,Teacher,Low,46,Hindi,RGN033
CUST005542,Ramesh Deshpande,8539604240,Female,Married,1985078,Upper-Middle,Software Engineer,Low,27,Hindi,RGN003
CUST005543,Aryan Verma,6744253968,Female,Single,385353,Middle,Teacher,Low,41,Hindi,RGN034
CUST005544,Tanvi Kumar,8276820918,Male,Single,645292,Middle,Software Engineer,Low,22,Hindi,RGN048
CUST005545,Santosh Iyer,6224661428,Female,Married,216084,Low,Teacher,Low,43,Hindi,RGN050
CUST005546,Kunal Sharma,6970209790,Female,Married,176752,Low,Front Desk Executive,Low,33,Hindi,RGN026
CUST005547,Vishal Jadhav,9351591175,Male,Married,1225335,Upper-Middle,Software Engineer,Low,38,Oriya,RGN032
CUST005548,Ananya Jadhav,7317025337,Female,Married,258496,Low,Teacher,Low,46,Hindi,RGN040
CUST005549,Rekha Shah,9086043775,Female,Single,2996464,High,Business Owner,Medium,23,Hindi,RGN049
CUST005550,Rahul Joshi,9253717201,Male,Married,1445014,Upper-Middle,Doctor,Low,29,Hindi,RGN030
CUST005551,Sapna Kulkarni,8333003256,Male,Single,333062,Middle,Real Estate Agent,Medium,43,Hindi,RGN043
CUST005552,Isha Dubey,9474133115,Female,Single,212024,Low,Front Desk Executive,Low,63,Hindi,RGN033
CUST005553,Gaurav Naik,6968394842,Female,Married,1266864,Upper-Middle,Software Engineer,Low,36,Hindi,RGN044
CUST005554,Sapna Rajan,7663154309,Female,Married,117544,Low,Hardware Technician,Medium,45,Tamil,RGN024
CUST005555,Sunil Chakraborty,6349131565,Male,Married,422483,Middle,Software Engineer,Low,36,Hindi,RGN016
CUST005556,Kavya Kumar,7667136463,Female,Married,2338596,High,Business Owner,Medium,61,Hindi,RGN040
CUST005557,Aditi Patil,81452XXXXX,Male,Married,2202625,High,Software Engineer,Low,18,Hindi,RGN001
CUST005558,Poonam Kapoor,8348529799,Female,Married,290848,Low,Front Desk Executive,Low,39,Hindi,RGN009
CUST005559,Vikram Verma,7496577583,Male,Married,96689,Low,Farmer,Medium,18,Hindi,RGN042
CUST005560,Sneha Venkatesh,7521970640,Female,Widowed,272218,Low,Hardware Technician,Medium,18,Hindi,RGN044
CUST005561,Vishal Krishnan,9412315402,Male,Married,736982,Middle,Business Owner,Medium,41,Hindi,RGN004
CUST005562,Mohit Kumar,8478307501,Female,Single,397575,Middle,Teacher,Low,39,Hindi,RGN039
CUST005563,Aditya Patel,9327034914,Female,Widowed,1264656,Upper-Middle,Software Engineer,Low,34,Hindi,RGN043
CUST005564,Uday Iyer,6052696364,Female,Married,67875,Low,Farmer,Medium,36,Hindi,RGN036
CUST005565,Karan Shetty,7721264543,Female,Married,113353,Low,Front Desk Executive,Low,65,Hindi,RGN040
CUST005566,Ananya Menon,9768796746,Male,Married,195429,Low,Front Desk Executive,Low,34,Hindi,RGN046
CUST005567,Varun Menon,9269863013,Female,Single,1305829,Upper-Middle,Software Engineer,Low,44,Hindi,RGN009
CUST005568,Aryan Gowda,7327988217,Female,Married,126262,Low,Farmer,Medium,30,Hindi,RGN012
CUST005569,Rohit Naik,6267199614,Male,Married,591992,Middle,Business Owner,Medium,41,Hindi,RGN044
CUST005570,Zara Venkatesh,8918514756,Male,Married,757110,Middle,Software Engineer,Low,35,Telugu,RGN018
CUST005571,Aryan Menon,6603849526,Female,Single,878881,Upper-Middle,Doctor,Low,33,Telugu,RGN018
CUST005572,Poonam Iyer,6682287956,Female,Single,753188,Middle,Software Engineer,Low,59,Hindi,RGN029
CUST005573,Kavya Das,6410966159,Male,Married,2781735,High,Software Engineer,Low,52,Tamil,RGN023
CUST005574,Deepa Rajan,7932578908,Female,Married,619086,Middle,Software Engineer,Low,39,Hindi,RGN012
CUST005575,Akash Das,8069030347,Male,Married,1266185,Upper-Middle,Software Engineer,Low,18,Oriya,RGN032
CUST005576,Lakshmi Gowda,6120273023,Male,Married,1662153,Upper-Middle,Pilot,High,33,Hindi,RGN014
CUST005577,Rohit Deshpande,8951292072,Female,Divorced,3285712,High,Business Owner,Medium,65,Hindi,RGN025
CUST005578,Meera Bose,7303358233,Female,Widowed,1716008,Upper-Middle,Business Owner,Medium,35,Hindi,RGN050
CUST005579,Sandeep Verma,8111399773,Male,Married,1022806,Upper-Middle,Business Owner,Medium,51,Telugu,RGN018
CUST005580,Anil Rajan,9927876782,Female,Married,968167,Upper-Middle,Software Engineer,Low,55,Hindi,RGN004
CUST005581,Aryan More,7608422966,Female,Married,340665,Middle,Teacher,Low,40,Hindi,RGN035
CUST005582,Rahul Chakraborty,8144486574,Male,Married,988519,Upper-Middle,Software Engineer,Low,27,Hindi,RGN035
CUST005583,Swati Patel,7062068148,Female,Single,2131540,High,Business Owner,Medium,18,Hindi,RGN015
CUST005584,Vikram Iyer,8991987202,Male,Divorced,393565,Middle,Driver,High,46,Hindi,RGN013
CUST005585,Deepa Pandey,6130084339,Male,Single,2818700,High,Software Engineer,Low,28,Hindi,RGN013
CUST005586,Gaurav Gupta,6419811796,Female,Married,114862,Low,Farmer,Medium,40,Hindi,RGN034
CUST005587,Manoj Pandey,7305074950,Male,Married,202139,Low,Front Desk Executive,Low,23,Oriya,RGN031
CUST005588,Swati Desai,8432719298,Male,Married,170240,Low,Teacher,Low,34,Hindi,RGN010
CUST005589,Ravi Shetty,6284416169,Male,Married,59196,Low,Farmer,Medium,38,Hindi,RGN026
CUST005590,Kunal Balaji,7624088516,Female,Single,268158,Low,Hardware Technician,Medium,41,Hindi,RGN004
CUST005591,Divya Kapoor,7238137057,Male,Married,253869,Low,Front Desk Executive,Low,24,Kannada,RGN021
CUST005592,Deepa Reddy,8103762265,Female,Married,585103,Middle,Teacher,Low,52,Kannada,RGN021
CUST005593,Sandeep Hegde,8152583851,Male,Single,244770,Low,Real Estate Agent,Medium,30,Hindi,RGN030
CUST005594,Gaurav Reddy,9357811644,Male,Divorced,259305,Low,Driver,High,18,Hindi,RGN049
CUST005595,Sneha Mehta,9684713290,Male,Married,2067988,High,Pilot,High,36,Hindi,RGN006
CUST005596,Kavya Iyer,6029158511,Male,Married,373538,Middle,Software Engineer,Low,38,Hindi,RGN010
CUST005597,Anjali Reddy,8811014602,Female,Married,1144530,Upper-Middle,Software Engineer,Low,39,Hindi,RGN042
CUST005598,Amrita Patil,7535968289,Male,Single,217772,Low,Real Estate Agent,Medium,54,Hindi,RGN034
CUST005599,Ramesh Agarwal,6140812356,Female,Married,722982,Middle,Software Engineer,Low,35,Hindi,RGN014
CUST005600,Deepak Shah,7167660271,Female,Married,878746,Upper-Middle,Software Engineer,Low,36,Hindi,RGN030
CUST005601,Meera Saxena,9892788847,Male,Widowed,1293852,Upper-Middle,Software Engineer,Low,24,Hindi,RGN006
CUST005602,Rekha Srivastava,9181938347,Male,Single,624133,Middle,Teacher,Low,47,Hindi,RGN011
CUST005603,Ravi Jadhav,9051047308,Female,Married,232755,Low,Driver,High,40,Hindi,RGN048
CUST005604,Sunita Patel,6282131148,Female,Single,616555,Middle,Real Estate Agent,Medium,32,Hindi,RGN009
CUST005605,Rahul Chaudhary,8494856257,Male,Married,686170,Middle,Software Engineer,Low,18,Hindi,RGN034
CUST005606,Sapna Chaudhary,9894259634,Male,Widowed,262764,Low,Front Desk Executive,Low,55,Hindi,RGN029
CUST005607,Amrita Pillai,6019768933,Female,Married,148072,Low,Farmer,Medium,23,Telugu,RGN018
CUST005608,Nandini Tiwari,8500419511,Male,Married,2005693,High,Business Owner,Medium,30,Hindi,RGN003
CUST005609,Deepak Mehta,7030766170,Male,Widowed,160544,Low,Driver,High,42,Hindi,RGN006
CUST005610,Amrita Tiwari,9166846482,Male,Single,490710,Middle,Real Estate Agent,Medium,23,Hindi,RGN038
CUST005611,Ananya Venkatesh,6987284818,Male,Married,202882,Low,Driver,High,20,Oriya,RGN032
CUST005612,Aditya Menon,6869692344,Male,Married,1322265,Upper-Middle,Software Engineer,Low,18,Hindi,RGN003
CUST005613,Aditya Chaudhary,8055724772,Female,Married,3379570,High,Pilot,High,46,Hindi,RGN025
CUST005614,Priya Desai,6396362091,Male,Married,108438,Low,Farmer,Medium,31,Hindi,RGN009
CUST005615,Shweta Venkatesh,9049417231,Female,Single,2919548,High,Software Engineer,Low,65,Hindi,RGN033
CUST005616,Sneha Hegde,6170668637,Female,Single,308892,Middle,Driver,High,26,Hindi,RGN049
CUST005617,Zara Tripathi,7185893584,Female,Married,2197718,High,Software Engineer,Low,26,Hindi,RGN039
CUST005618,Suresh More,6470571265,Female,Single,932143,Upper-Middle,Real Estate Agent,Medium,31,Hindi,RGN039
CUST005619,Siddharth Verma,9564165666,Female,Married,518568,Middle,Software Engineer,Low,40,Hindi,RGN044
CUST005620,Rekha More,9157111207,Female,Married,257303,Low,Farmer,Medium,32,Telugu,RGN019
CUST005621,Vishal Sharma,6180589359,Male,Married,291346,Low,Teacher,Low,45,Hindi,RGN035
CUST005622,Manoj Saxena,9792625525,Female,Married,234888,Low,Hardware Technician,Medium,26,Hindi,RGN012
CUST005623,Yash Das,9615033598,Female,Married,808390,Upper-Middle,Software Engineer,Low,21,Hindi,RGN016
CUST005624,Meera Bose,8808618683,Female,Married,259641,Low,Driver,High,18,Hindi,RGN029
CUST005625,Yash Rajan,6434229978,Female,Married,121427,Low,Farmer,Medium,18,Hindi,RGN005
CUST005626,Vijay Kapoor,8321013398,Female,Single,346608,Middle,Teacher,Low,31,Hindi,RGN026
CUST005627,Anjali Mishra,7090400376,Female,Married,118724,Low,Driver,High,34,Hindi,RGN046
CUST005628,Sunil Malhotra,8849014056,Male,Married,119548,Low,Front Desk Executive,Low,30,Hindi,RGN042
CUST005629,Manoj Desai,8025787090,Female,Married,272202,Low,Hardware Technician,Medium,52,Hindi,RGN002
CUST005630,Santosh Kulkarni,8902799046,Male,Married,515649,Middle,Teacher,Low,52,Tamil,RGN023
CUST005631,Yash Jadhav,7691991838,Female,Married,668198,Middle,Software Engineer,Low,33,Tamil,RGN023
CUST005632,Deepak Kumar,9488362696,Male,Single,665859,Middle,Teacher,Low,18,Hindi,RGN007
CUST005633,Vijay Gowda,6636771775,Female,Single,3466304,High,Business Owner,Medium,31,Hindi,RGN005
CUST005634,Mohit Naik,7969426915,Male,Married,2922695,High,Software Engineer,Low,30,Hindi,RGN041
CUST005635,Santosh Gupta,8897881412,Male,Married,3051697,High,Business Owner,Medium,30,Tamil,RGN023
CUST005636,Sunil Patil,8527705087,Male,Divorced,2328618,High,Business Owner,Medium,29,Hindi,RGN014
CUST005637,Aditi Srivastava,8505624481,Female,Single,441009,Middle,Business Owner,Medium,30,Hindi,RGN045
CUST005638,Ramesh Hegde,9789501391,Female,Single,2800783,High,Software Engineer,Low,33,Hindi,RGN015
CUST005639,Lakshmi Sharma,7870741420,Female,Married,465655,Middle,Teacher,Low,30,Hindi,RGN039
CUST005640,Shweta Desai,6349843828,Male,Married,2496501,High,Doctor,Low,40,Tamil,RGN023
CUST005641,Rahul Chakraborty,6404624786,Female,Divorced,3996498,High,Business Owner,Medium,42,Hindi,RGN029
CUST005642,Pradeep Chakraborty,7572362733,Male,Married,401053,Middle,Teacher,Low,27,Telugu,RGN017
CUST005643,Siddharth Saxena,6890345446,Female,Married,813568,Upper-Middle,Software Engineer,Low,53,Tamil,RGN024
CUST005644,Ravi Rajan,8321095496,Male,Married,842009,Upper-Middle,Software Engineer,Low,26,Hindi,RGN041
CUST005645,Ramesh Srivastava,9177307909,Male,Widowed,196231,Low,Farmer,Medium,18,Hindi,RGN045
CUST005646,Sanjay Bose,6998467617,Male,Married,1171002,Upper-Middle,Software Engineer,Low,42,Tamil,RGN024
CUST005647,Anjali Krishnan,6995110356,Female,Single,2025028,High,Doctor,Low,28,Hindi,RGN034
CUST005648,Deepak Dubey,7576210902,Male,Married,563555,Middle,Real Estate Agent,Medium,41,Hindi,RGN011
CUST005649,Aryan Deshpande,6579550004,Female,Married,173592,Low,Farmer,Medium,18,Hindi,RGN008
CUST005650,Vishal Jadhav,8415663057,Female,Married,1395753,Upper-Middle,Business Owner,Medium,54,Hindi,RGN028
CUST005651,Arjun Chaudhary,7756220217,Female,Single,2859400,High,Software Engineer,Low,46,Telugu,RGN017
CUST005652,Anil Das,8892839053,Female,Single,1708991,Upper-Middle,Software Engineer,Low,19,Hindi,RGN004
CUST005653,Sunita Gowda,9013760720,Female,Married,1356478,Upper-Middle,Software Engineer,Low,20,Oriya,RGN032
CUST005654,Rohit Kulkarni,7248932377,Female,Single,90572,Low,Farmer,Medium,58,Hindi,RGN005
CUST005655,Pooja Hegde,8677946685,Male,Widowed,114195,Low,Farmer,Medium,29,Hindi,RGN043
CUST005656,Geeta Dubey,7241484268,Male,Married,245552,Low,Real Estate Agent,Medium,27,Hindi,RGN026
CUST005657,Anjali Shah,6775746585,Male,Married,2819334,High,Software Engineer,Low,18,Hindi,RGN011
CUST005658,Gaurav Rao,9856451924,Female,Single,105841,Low,Driver,High,33,Hindi,RGN048
CUST005659,Sapna Menon,7793468298,Female,Divorced,226019,Low,Driver,High,35,Telugu,RGN017
CUST005660,Ananya Gupta,8165228735,Male,Divorced,293432,Low,Farmer,Medium,46,Hindi,RGN043
CUST005661,Shruti Rao,6187786341,Male,Married,282514,Low,Teacher,Low,21,Hindi,RGN030
CUST005662,Ravi Menon,8487774763,Male,Married,610719,Middle,Software Engineer,Low,19,Hindi,RGN027
CUST005663,Rekha Sharma,9103188727,Male,Widowed,349687,Middle,Teacher,Low,43,Hindi,RGN004
CUST005664,Harsha Shetty,9960688867,Male,Married,166107,Low,Driver,High,50,Hindi,RGN036
CUST005665,Aditya Malhotra,8205057846,Female,Single,1038082,Upper-Middle,Software Engineer,Low,19,Hindi,RGN042
CUST005666,Santosh Hegde,7216346518,Male,Single,227635,Low,Real Estate Agent,Medium,50,Hindi,RGN006
CUST005667,Vijay Patil,9515312141,Female,Single,3288391,High,Doctor,Low,38,Hindi,RGN015
CUST005668,Akash Singh,7829879086,Male,Married,232395,Low,Hardware Technician,Medium,51,Hindi,RGN034
CUST005669,Karan Deshpande,9514660170,Male,Married,1125940,Upper-Middle,Business Owner,Medium,37,Telugu,RGN020
CUST005670,Isha Menon,8939670155,Male,Married,1535347,Upper-Middle,Software Engineer,Low,18,Hindi,RGN026
CUST005671,Tanvi Dubey,7264124655,Male,Married,1491460,Upper-Middle,Software Engineer,Low,36,Hindi,RGN034
CUST005672,Amrita Chaudhary,7957873516,Male,Married,1311847,Upper-Middle,Software Engineer,Low,50,Hindi,RGN047
CUST005673,Sneha Venkatesh,7202271131,Female,Married,187912,Low,Hardware Technician,Medium,27,Hindi,RGN035
CUST005674,Rekha Bose,6021498008,Female,Single,374397,Middle,Hardware Technician,Medium,33,Hindi,RGN037
CUST005675,Amrita Verma,9936518756,Male,Widowed,279617,Low,Farmer,Medium,35,Hindi,RGN005
CUST005676,Vikram Malhotra,7823913218,Female,Married,211240,Low,Teacher,Low,18,Telugu,RGN018
CUST005677,Mohit Bose,7669498359,Male,Married,1627767,Upper-Middle,Software Engineer,Low,58,Hindi,RGN025
CUST005678,Zara Rao,6846987329,Female,Married,710586,Middle,Business Owner,Medium,27,Hindi,RGN002
CUST005679,Priya Dubey,9584562713,Male,Married,1268143,Upper-Middle,Software Engineer,Low,44,Telugu,RGN018
CUST005680,Gaurav Agarwal,9024469845,Male,Married,450832,Middle,Hardware Technician,Medium,36,Hindi,RGN009
CUST005681,Harsha Kulkarni,6906609478,Female,Married,436791,Middle,Software Engineer,Low,53,Hindi,RGN026
CUST005682,Kritika Deshpande,7062646588,Male,Married,1536462,Upper-Middle,Business Owner,Medium,42,Hindi,RGN009
CUST005683,Akash Malhotra,8000305661,Female,Married,2041815,High,Business Owner,Medium,35,Hindi,RGN044
CUST005684,Geeta Bose,8209274939,Male,Divorced,175647,Low,Farmer,Medium,27,Hindi,RGN012
CUST005685,Nandini Tiwari,6981122021,Female,Widowed,370214,Middle,Software Engineer,Low,47,Hindi,RGN040
CUST005686,Tanvi Hegde,8128513684,Female,Divorced,2663130,High,Software Engineer,Low,18,Hindi,RGN011
CUST005687,Varun Kapoor,6541652370,Female,Single,723598,Middle,Doctor,Low,45,Oriya,RGN032
CUST005688,Siddharth Krishnan,6877751900,Male,Married,306856,Middle,Teacher,Low,24,Hindi,RGN034
CUST005689,Kunal Mishra,7226073478,Male,Widowed,294480,Low,Hardware Technician,Medium,53,Hindi,RGN050
CUST005690,Aarav Mishra,8326748464,Female,Single,1708790,Upper-Middle,Business Owner,Medium,39,Telugu,RGN018
CUST005691,Harsha Dubey,7103233854,Female,Married,373439,Middle,Teacher,Low,45,Kannada,RGN021
CUST005692,Shruti Verma,7767305858,Male,Married,178200,Low,Driver,High,38,Hindi,RGN043
CUST005693,Sunita Kulkarni,7196459968,Male,Single,307728,Middle,Teacher,Low,18,Hindi,RGN034
CUST005694,Uday Srivastava,7243121255,Male,Married,2375514,High,Doctor,Low,27,Hindi,RGN012
CUST005695,Akash Chaudhary,7923078141,Female,Married,2251589,High,Business Owner,Medium,46,Hindi,RGN003
CUST005696,Manoj Hegde,7570670779,Male,Married,582972,Middle,Teacher,Low,39,Hindi,RGN011
CUST005697,Swati Bose,7445475971,Male,Divorced,367254,Middle,Software Engineer,Low,52,Hindi,RGN014
CUST005698,Vinod Rao,6315687310,Female,Married,1648992,Upper-Middle,Software Engineer,Low,42,Hindi,RGN030
CUST005699,Uday Iyer,7426459639,Female,Single,368031,Middle,Hardware Technician,Medium,26,Hindi,RGN013
CUST005700,Uday Sharma,8684583109,Female,Married,272257,Low,Hardware Technician,Medium,28,Hindi,RGN048
CUST005701,Priya Shah,6358587263,Male,Married,1099735,Upper-Middle,Business Owner,Medium,39,Hindi,RGN002
CUST005702,Pooja Hegde,7750271926,Female,Married,654522,Middle,Business Owner,Medium,18,Telugu,RGN020
CUST005703,Neha Naik,8210238728,Male,Single,214775,Low,Farmer,Medium,58,Hindi,RGN003
CUST005704,Zara Jadhav,6736649706,Male,Married,4497450,High,Pilot,High,43,Hindi,RGN049
CUST005705,Vishal Agarwal,8990196433,Female,Divorced,283414,Low,Farmer,Medium,52,Hindi,RGN009
CUST005706,Kritika Krishnan,8623950211,Male,Married,1217278,Upper-Middle,Software Engineer,Low,19,Telugu,RGN017
CUST005707,Sapna Malhotra,6870000822,Male,Married,165545,Low,Driver,High,52,Hindi,RGN045
CUST005708,Ramesh Shah,7053220893,Male,Married,898364,Upper-Middle,Real Estate Agent,Medium,64,Hindi,RGN006
CUST005709,Aryan Chakraborty,8608980466,Female,Married,1635512,Upper-Middle,Software Engineer,Low,22,Tamil,RGN023
CUST005710,Anjali Das,6710147824,Male,Divorced,933195,Upper-Middle,Business Owner,Medium,47,Kannada,RGN021
CUST005711,Gaurav Pillai,9599117390,Male,Married,329186,Middle,Driver,High,38,Hindi,RGN047
CUST005712,Priya Bose,9650688857,Female,Single,119369,Low,Driver,High,19,Hindi,RGN030
CUST005713,Ramesh Hegde,9027316035,Female,Married,684592,Middle,Real Estate Agent,Medium,43,Hindi,RGN038
CUST005714,Anjali Desai,6245063270,Female,Married,106141,Low,Farmer,Medium,48,Hindi,RGN002
CUST005715,Sunil Kapoor,8241694564,Male,Single,1434681,Upper-Middle,Software Engineer,Low,30,Tamil,RGN023
CUST005716,Uday Shetty,9866764691,Female,Married,1665028,Upper-Middle,Business Owner,Medium,51,Tamil,RGN023
CUST005717,Deepak Hegde,8284000013,Male,Single,239580,Low,Teacher,Low,18,Hindi,RGN028
CUST005718,Deepa Reddy,9437847107,Female,Widowed,575671,Middle,Real Estate Agent,Medium,20,Hindi,RGN014
CUST005719,Vikram Verma,7823225833,Female,Divorced,233202,Low,Driver,High,39,Hindi,RGN014
CUST005720,Sunil Rao,9622334501,Male,Married,1255332,Upper-Middle,Software Engineer,Low,38,Hindi,RGN048
CUST005721,Aditya Mishra,84177XXXXX,Female,Single,390941,Middle,Teacher,Low,29,Hindi,RGN011
CUST005722,Sanjay Naik,9100005911,Female,Married,2167728,High,Business Owner,Medium,47,Hindi,RGN037
CUST005723,Aditya Pandey,9247939334,Female,Married,226519,Low,Front Desk Executive,Low,44,Hindi,RGN009
CUST005724,Sanjay Menon,6402696315,Female,Divorced,254169,Low,Business Owner,Medium,48,Tamil,RGN024
CUST005725,Aditi Subramanian,8580087575,Male,Married,3128631,High,Pilot,High,36,Hindi,RGN043
CUST005726,Sunita Nair,9513183823,Male,Married,630828,Middle,Teacher,Low,45,Hindi,RGN025
CUST005727,Bhavna Gowda,9084446850,Male,Single,1921260,Upper-Middle,Software Engineer,Low,32,Hindi,RGN039
CUST005728,Gaurav Malhotra,6381385418,Male,Married,283828,Low,Teacher,Low,62,Hindi,RGN048
CUST005729,Suresh Kulkarni,8293264570,Female,Married,1060899,Upper-Middle,Real Estate Agent,Medium,28,Hindi,RGN039
CUST005730,Meera Singh,6773370106,Male,Married,215750,Low,Driver,High,63,Hindi,RGN035
CUST005731,Tanvi Menon,8360549712,Female,Married,366445,Middle,Software Engineer,Low,38,Hindi,RGN004
CUST005732,Shweta Shah,9931082627,Male,Married,1423745,Upper-Middle,Real Estate Agent,Medium,21,Kannada,RGN021
CUST005733,Mohit Chakraborty,9569990604,Male,Single,305242,Middle,Teacher,Low,54,Hindi,RGN008
CUST005734,Manoj Srivastava,6869609566,Male,Married,1593779,Upper-Middle,Software Engineer,Low,39,Hindi,RGN002
CUST005735,Shruti Menon,6182892107,Male,Married,474152,Middle,Teacher,Low,48,Hindi,RGN029
CUST005736,Sunil Tripathi,6372954585,Female,Married,962379,Upper-Middle,Software Engineer,Low,52,Hindi,RGN002
CUST005737,Uday Hegde,9533631492,Female,Married,1502896,Upper-Middle,Software Engineer,Low,42,Hindi,RGN036
CUST005738,Kavya Subramanian,9918617568,Female,Married,1271144,Upper-Middle,Software Engineer,Low,30,Hindi,RGN045
CUST005739,Arjun Venkatesh,9345496422,Male,Married,320784,Middle,Real Estate Agent,Medium,49,Telugu,RGN020
CUST005740,Rohit Dubey,6699255830,Female,Married,596700,Middle,Doctor,Low,38,Hindi,RGN030
CUST005741,Karan Desai,6358087563,Female,Married,472651,Middle,Teacher,Low,46,Hindi,RGN015
CUST005742,Rekha Shetty,8491088534,Female,Married,2362015,High,Doctor,Low,18,Hindi,RGN041
CUST005743,Manoj Shetty,7192727783,Male,Single,420955,Middle,Software Engineer,Low,43,Hindi,RGN014
CUST005744,Akash Kapoor,8079328181,Male,Married,2487629,High,Business Owner,Medium,30,Hindi,RGN027
CUST005745,Tanvi Menon,9717711034,Male,Divorced,362379,Middle,Software Engineer,Low,57,Hindi,RGN042
CUST005746,Sunil Kumar,6207361745,Male,Married,1662634,Upper-Middle,Software Engineer,Low,45,Hindi,RGN046
CUST005747,Aryan Deshpande,9417918480,Female,Married,2209048,High,Software Engineer,Low,40,Hindi,RGN003
CUST005748,Rajesh Dubey,6000133021,Male,Widowed,2774503,High,Doctor,Low,43,Telugu,RGN020
CUST005749,Sunil Das,8890401139,Male,Single,1575811,Upper-Middle,Business Owner,Medium,26,Hindi,RGN014
CUST005750,Kritika Venkatesh,7158192772,Female,Married,260800,Low,Teacher,Low,57,Hindi,RGN044
CUST005751,Karan Mishra,8437645618,Female,Married,1824535,Upper-Middle,Business Owner,Medium,61,Hindi,RGN004
CUST005752,Anjali Dubey,8689158336,Male,Married,586046,Middle,Teacher,Low,42,Hindi,RGN005
CUST005753,Sunita Malhotra,8974709148,Female,Married,299080,Low,Hardware Technician,Medium,57,Telugu,RGN018
CUST005754,Harsha Balaji,9192908338,Male,Single,3367328,High,Business Owner,Medium,31,Hindi,RGN011
CUST005755,Anjali Desai,8553375656,Female,Married,1602144,Upper-Middle,Software Engineer,Low,28,Telugu,RGN020
CUST005756,Ravi Verma,6266699169,Female,Divorced,313686,Middle,Teacher,Low,38,Hindi,RGN041
CUST005757,Aryan Balaji,7770866574,Female,Married,2463957,High,Software Engineer,Low,43,Hindi,RGN037
CUST005758,Isha Nair,9597759776,Male,Married,578757,Middle,Teacher,Low,33,Kannada,RGN021
CUST005759,Vikram Gowda,9380075068,Male,Divorced,238101,Low,Driver,High,44,Hindi,RGN030
CUST005760,Anil Dubey,7337339347,Male,Married,256029,Low,Farmer,Medium,41,Hindi,RGN029
CUST005761,Sapna Rao,8126788657,Male,Single,903750,Upper-Middle,Software Engineer,Low,26,Hindi,RGN044
CUST005762,Sarika More,6738546052,Female,Married,1138797,Upper-Middle,Software Engineer,Low,44,Hindi,RGN044
CUST005763,Ramesh Kulkarni,6732133058,Male,Divorced,261884,Low,Teacher,Low,48,Hindi,RGN001
CUST005764,Shweta Krishnan,9892880229,Male,Married,2781049,High,Business Owner,Medium,40,Hindi,RGN025
CUST005765,Shweta Iyer,8576930888,Male,Married,1438411,Upper-Middle,Software Engineer,Low,51,Tamil,RGN024
CUST005766,Divya Sharma,7707991906,Female,Single,203584,Low,Front Desk Executive,Low,23,Hindi,RGN038
CUST005767,Akash Balaji,7315434491,Male,Divorced,353799,Middle,Business Owner,Medium,43,Hindi,RGN016
CUST005768,Rahul Jadhav,9470848671,Female,Widowed,380447,Middle,Software Engineer,Low,23,Oriya,RGN032
CUST005769,Sanjay Gowda,6724985963,Male,Widowed,2905955,High,Software Engineer,Low,24,Hindi,RGN025
CUST005770,Prakash Deshpande,8365094162,Female,Married,3589341,High,Business Owner,Medium,30,Hindi,RGN001
CUST005771,Zara Hegde,9724089628,Male,Married,158355,Low,Driver,High,26,Hindi,RGN004
CUST005772,Manoj Patel,9013215667,Female,Single,169474,Low,Hardware Technician,Medium,31,Kannada,RGN022
CUST005773,Meera Bose,6191871710,Male,Widowed,4355511,High,Doctor,Low,35,Hindi,RGN009
CUST005774,Vishal Shah,8599920718,Female,Widowed,682882,Middle,Teacher,Low,48,Hindi,RGN027
CUST005775,Neha Joshi,6221318960,Female,Single,556427,Middle,Software Engineer,Low,34,Hindi,RGN044
CUST005776,Zara Chaudhary,8034611734,Female,Married,603094,Middle,Real Estate Agent,Medium,18,Hindi,RGN043
CUST005777,Divya Desai,6741465545,Female,Divorced,629062,Middle,Real Estate Agent,Medium,51,Hindi,RGN008
CUST005778,Priya Tripathi,6233559164,Male,Single,173919,Low,Front Desk Executive,Low,27,Hindi,RGN036
CUST005779,Rekha Subramanian,6566303633,Female,Married,1419897,Upper-Middle,Real Estate Agent,Medium,37,Hindi,RGN001
CUST005780,Mohit Singh,9486500744,Male,Married,863540,Upper-Middle,Business Owner,Medium,43,Hindi,RGN013
CUST005781,Kritika Kapoor,7525019165,Female,Married,2959564,High,Software Engineer,Low,40,Hindi,RGN037
CUST005782,Varun Subramanian,7647066967,Female,Divorced,307581,Middle,Hardware Technician,Medium,51,Hindi,RGN025
CUST005783,Amrita Srivastava,9813414524,Male,Married,4833947,High,Pilot,High,43,Hindi,RGN011
CUST005784,Geeta Menon,8864915350,Male,Married,202803,Low,Farmer,Medium,27,Hindi,RGN043
CUST005785,Neha Srivastava,6435184063,Male,Married,1468988,Upper-Middle,Software Engineer,Low,64,Hindi,RGN013
CUST005786,Manoj Venkatesh,7946513271,Male,Married,233658,Low,Farmer,Medium,40,Hindi,RGN043
CUST005787,Rajesh Mehta,6049912643,Female,Single,179745,Low,Driver,High,36,Hindi,RGN007
CUST005788,Sunita Rajan,8709819205,Female,Single,1699832,Upper-Middle,Software Engineer,Low,49,Hindi,RGN007
CUST005789,Poonam More,6640412107,Female,Single,658411,Middle,Software Engineer,Low,40,Hindi,RGN036
CUST005790,Poonam Sharma,7593286571,Male,Married,168279,Low,Driver,High,42,Tamil,RGN024
CUST005791,Vishal Venkatesh,6924912830,Female,Married,189576,Low,Front Desk Executive,Low,65,Hindi,RGN003
CUST005792,Shweta Saxena,6623818392,Female,Divorced,572313,Middle,Software Engineer,Low,34,Hindi,RGN034
CUST005793,Kavya Tiwari,8516791776,Female,Married,441245,Middle,Teacher,Low,34,Hindi,RGN041
CUST005794,Manoj Chaudhary,6960791172,Male,Married,2423404,High,Software Engineer,Low,39,Hindi,RGN047
CUST005795,Prakash Singh,7335913353,Female,Married,835853,Upper-Middle,Real Estate Agent,Medium,50,Hindi,RGN042
CUST005796,Ramesh Rao,6535628724,Female,Divorced,208380,Low,Driver,High,19,Hindi,RGN040
CUST005797,Sarika Pillai,8040941477,Male,Married,217983,Low,Driver,High,18,Hindi,RGN002
CUST005798,Varun Pillai,6682898218,Male,Married,1859242,Upper-Middle,Software Engineer,Low,30,Hindi,RGN025
CUST005799,Shruti Joshi,7446821636,Male,Widowed,381462,Middle,Driver,High,18,Hindi,RGN015
CUST005800,Sandeep Menon,7970386473,Female,Married,1408377,Upper-Middle,Software Engineer,Low,32,Hindi,RGN048
CUST005801,Ravi Malhotra,7232242637,Male,Married,864483,Upper-Middle,Software Engineer,Low,44,Hindi,RGN046
CUST005802,Sandeep Singh,7681254145,Male,Divorced,162224,Low,Hardware Technician,Medium,27,Hindi,RGN010
CUST005803,Aryan Iyer,7878475904,Male,Married,677053,Middle,Teacher,Low,20,Hindi,RGN047
CUST005804,Arjun Kulkarni,8741764344,Male,Single,1721407,Upper-Middle,Doctor,Low,38,Hindi,RGN012
CUST005805,Deepa Mishra,6057940652,Female,Married,2900515,High,Business Owner,Medium,48,Hindi,RGN013
CUST005806,Sapna Malhotra,8329324448,Male,Married,1244725,Upper-Middle,Software Engineer,Low,18,Hindi,RGN034
CUST005807,Anil Malhotra,7451995508,Female,Married,1624882,Upper-Middle,Software Engineer,Low,47,Hindi,RGN012
CUST005808,Santosh Mishra,9754728157,Female,Single,409536,Middle,Teacher,Low,47,Hindi,RGN011
CUST005809,Nikhil Nair,6662501622,Male,Married,2452323,High,Software Engineer,Low,49,Hindi,RGN005
CUST005810,Isha Rao,6437714948,Female,Widowed,182443,Low,Front Desk Executive,Low,52,Hindi,RGN015
CUST005811,Rohit Kapoor,9248492615,Female,Married,150918,Low,Farmer,Medium,64,Oriya,RGN032
CUST005812,Varun Mehta,7830568208,Female,Single,1773563,Upper-Middle,Software Engineer,Low,33,Telugu,RGN020
CUST005813,Kunal Joshi,6820780988,Female,Married,251054,Low,Teacher,Low,39,Hindi,RGN048
CUST005814,Shweta Hegde,7209252109,Female,Single,1702066,Upper-Middle,Software Engineer,Low,33,Hindi,RGN033
CUST005815,Pradeep Kulkarni,8235479130,Female,Divorced,3531788,High,Business Owner,Medium,38,Hindi,RGN049
CUST005816,Rekha Rajan,7792990251,Female,Married,260765,Low,Teacher,Low,56,Oriya,RGN031
CUST005817,Neha Dubey,6022798257,Male,Married,1446684,Upper-Middle,Software Engineer,Low,21,Hindi,RGN036
CUST005818,Uday Tiwari,7594326032,Female,Married,1553955,Upper-Middle,Software Engineer,Low,27,Kannada,RGN021
CUST005819,Nandini Rao,7625123115,Male,Married,1008125,Upper-Middle,Real Estate Agent,Medium,54,Hindi,RGN029
CUST005820,Siddharth Pillai,9817150685,Female,Married,1744576,Upper-Middle,Doctor,Low,50,Hindi,RGN035
CUST005821,Yash Gowda,7460888959,Female,Married,709405,Middle,Real Estate Agent,Medium,33,Hindi,RGN014
CUST005822,Pooja Kapoor,7085151228,Female,Married,4067824,High,Pilot,High,48,Hindi,RGN013
CUST005823,Aryan Mehta,9600999749,Female,Married,65647,Low,Farmer,Medium,42,Hindi,RGN040
CUST005824,Rohit Jadhav,8117159036,Male,Married,203249,Low,Driver,High,56,Kannada,RGN022
CUST005825,Santosh Mehta,8873725901,Female,Divorced,167384,Low,Farmer,Medium,38,Hindi,RGN046
CUST005826,Mohit Deshpande,7599684834,Male,Married,3406909,High,Pilot,High,50,Hindi,RGN006
CUST005827,Arjun Tiwari,7297867154,Male,Married,130705,Low,Farmer,Medium,65,Hindi,RGN044
CUST005828,Deepak Subramanian,7959957194,Male,Divorced,278014,Low,Hardware Technician,Medium,45,Hindi,RGN011
CUST005829,Sarika Tiwari,9700719103,Male,Widowed,1218452,Upper-Middle,Software Engineer,Low,38,Hindi,RGN005
CUST005830,Aarav Jadhav,,Female,Widowed,1101972,Upper-Middle,Real Estate Agent,Medium,46,Hindi,RGN007
CUST005831,Rajesh Sharma,7340515588,Male,Married,452982,Middle,Software Engineer,Low,33,Hindi,RGN040
CUST005832,Uday More,9631438706,Male,Single,175034,Low,Teacher,Low,65,Hindi,RGN014
CUST005833,Zara Venkatesh,6154211889,Male,Married,402724,Middle,Teacher,Low,40,Hindi,RGN029
CUST005834,Sandeep Dubey,8949192659,Male,Single,1880267,Upper-Middle,Software Engineer,Low,34,Hindi,RGN041
CUST005835,Rajesh Rajan,8173366648,Male,Widowed,311738,Middle,Front Desk Executive,Low,27,Hindi,RGN005
CUST005836,Anjali Kulkarni,6431374001,Male,Single,1825929,Upper-Middle,Business Owner,Medium,51,Kannada,RGN022
CUST005837,Deepa Jadhav,6110638224,Female,Married,698521,Middle,Real Estate Agent,Medium,48,Hindi,RGN040
CUST005838,Aarav Pillai,8326549518,Female,Married,3164725,High,Business Owner,Medium,32,Hindi,RGN039
CUST005839,Pradeep Krishnan,6978551791,Female,Single,170371,Low,Farmer,Medium,44,Hindi,RGN027
CUST005840,Swati Verma,8436980345,Male,Married,1073459,Upper-Middle,Software Engineer,Low,19,Telugu,RGN020
CUST005841,Tanvi Patil,8893049408,Male,Single,1753434,Upper-Middle,Software Engineer,Low,40,Tamil,RGN024
CUST005842,Karan Reddy,6910069569,Male,Single,2529255,High,Software Engineer,Low,43,Hindi,RGN037
CUST005843,Deepa Nair,6983331679,Female,Married,2856433,High,Software Engineer,Low,58,Hindi,RGN039
CUST005844,Sapna Shah,7664030750,Female,Single,1196461,Upper-Middle,Software Engineer,Low,28,Hindi,RGN008
CUST005845,Isha Kapoor,8999064081,Female,Married,300259,Middle,Teacher,Low,22,Hindi,RGN013
CUST005846,Varun Shetty,6671091796,Female,Married,861191,Upper-Middle,Business Owner,Medium,27,Hindi,RGN028
CUST005847,Uday Tiwari,8105920865,Male,Married,1579503,Upper-Middle,Software Engineer,Low,21,Telugu,RGN017
CUST005848,Deepak Patel,7749455839,Male,Married,1283071,Upper-Middle,Software Engineer,Low,54,Hindi,RGN016
CUST005849,Vijay Sharma,7185665493,Female,Married,964987,Upper-Middle,Software Engineer,Low,56,Oriya,RGN031
CUST005850,Shruti Malhotra,87812XXXXX,Male,Married,2660425,High,Software Engineer,Low,41,Hindi,RGN037
CUST005851,Swati Tripathi,6786320197,Female,Married,243778,Low,Teacher,Low,52,Tamil,RGN024
CUST005852,Siddharth Venkatesh,6307817623,Male,Married,5420332,High,Pilot,High,39,Hindi,RGN029
CUST005853,Vishal Krishnan,7558811912,Male,Single,533563,Middle,Software Engineer,Low,36,Hindi,RGN034
CUST005854,Neha More,9761518078,Male,Single,93651,Low,Farmer,Medium,34,Hindi,RGN012
CUST005855,Aditi Subramanian,8424676004,Female,Married,133262,Low,Farmer,Medium,34,Kannada,RGN021
CUST005856,Vishal Verma,7597657125,Male,Married,150658,Low,Driver,High,19,Hindi,RGN041
CUST005857,Divya Mehta,8458479519,Male,Married,1208150,Upper-Middle,Software Engineer,Low,41,Hindi,RGN041
CUST005858,Tanvi Agarwal,9149901409,Male,Married,375000,Middle,Hardware Technician,Medium,37,Hindi,RGN013
CUST005859,Gaurav Srivastava,6544496252,Male,Married,261634,Low,Real Estate Agent,Medium,46,Hindi,RGN010
CUST005860,Ramesh Sharma,6653897390,Female,Single,208583,Low,Front Desk Executive,Low,39,Hindi,RGN025
CUST005861,Uday Krishnan,9666752442,Male,Married,734532,Middle,Software Engineer,Low,36,Hindi,RGN043
CUST005862,Vikram Hegde,6315799706,Female,Married,121584,Low,Farmer,Medium,27,Hindi,RGN042
CUST005863,Arjun Krishnan,8811245077,Male,Divorced,365433,Middle,Teacher,Low,38,Hindi,RGN029
CUST005864,Nikhil Rao,7635096801,Female,Married,58477,Low,Farmer,Medium,46,Kannada,RGN022
CUST005865,Sunil Patel,7271662393,Female,Widowed,3607795,High,Pilot,High,24,Hindi,RGN037
CUST005866,Anil Kulkarni,8260177265,Female,Single,321486,Middle,Teacher,Low,39,Hindi,RGN016
CUST005867,Vishal Krishnan,8813261354,Male,Married,2296548,High,Business Owner,Medium,40,Hindi,RGN041
CUST005868,Vinod Balaji,7701823320,Female,Married,630697,Middle,Real Estate Agent,Medium,29,Oriya,RGN032
CUST005869,Santosh Krishnan,6253046740,Male,Married,454567,Middle,Software Engineer,Low,30,Hindi,RGN002
CUST005870,Shweta Verma,9185331156,Male,Married,698737,Middle,Real Estate Agent,Medium,40,Hindi,RGN040
CUST005871,Deepa Iyer,8835628753,Male,Married,1090995,Upper-Middle,Software Engineer,Low,24,Hindi,RGN034
CUST005872,Santosh Subramanian,6848336492,Male,Married,106099,Low,Driver,High,42,Hindi,RGN040
CUST005873,Ravi Rajan,6529645871,Male,Divorced,1901940,Upper-Middle,Pilot,High,27,Hindi,RGN038
CUST005874,Rekha Gowda,9639303221,Female,Married,90781,Low,Farmer,Medium,50,Hindi,RGN006
CUST005875,Amrita Tiwari,9880701821,Male,Married,1556222,Upper-Middle,Business Owner,Medium,65,Hindi,RGN008
CUST005876,Nandini Chaudhary,8574125121,Female,Married,558952,Middle,Teacher,Low,27,Telugu,RGN017
CUST005877,Sanjay Tiwari,7340179194,Male,Single,1437323,Upper-Middle,Software Engineer,Low,44,Hindi,RGN035
CUST005878,Bhavna Shah,8557669625,Female,Married,1700037,Upper-Middle,Software Engineer,Low,29,Hindi,RGN002
CUST005879,Zara Subramanian,7671171203,Male,Married,2922294,High,Doctor,Low,50,Hindi,RGN026
CUST005880,Prakash Iyer,8574175659,Male,Married,1584491,Upper-Middle,Software Engineer,Low,22,Kannada,RGN022
CUST005881,Amrita Mishra,7300224223,Female,Married,242888,Low,Farmer,Medium,43,Hindi,RGN049
CUST005882,Swati Rao,9166433351,Female,Married,460597,Middle,Software Engineer,Low,27,Telugu,RGN018
CUST005883,Rahul Agarwal,9211152927,Female,Married,595606,Middle,Software Engineer,Low,35,Hindi,RGN036
CUST005884,Aryan Agarwal,6993067642,Female,Married,1105934,Upper-Middle,Business Owner,Medium,25,Hindi,RGN049
CUST005885,Manoj Balaji,6117310109,Female,Married,1531860,Upper-Middle,Software Engineer,Low,47,Hindi,RGN042
CUST005886,Akash Menon,6046005204,Female,Married,332336,Middle,Driver,High,27,Hindi,RGN035
CUST005887,Vinod Dubey,8668651038,Female,Married,140740,Low,Driver,High,44,Tamil,RGN024
CUST005888,Yash Krishnan,8372278392,Male,Married,2938258,High,Software Engineer,Low,33,Hindi,RGN005
CUST005889,Swati Tripathi,6253244888,Female,Married,378129,Middle,Software Engineer,Low,36,Hindi,RGN010
CUST005890,Sarika Balaji,6245531290,Male,Married,191583,Low,Teacher,Low,39,Hindi,RGN012
CUST005891,Siddharth Tripathi,8395928914,Female,Married,1593087,Upper-Middle,Software Engineer,Low,28,Hindi,RGN040
CUST005892,Ananya Kumar,9312453474,Female,Married,178626,Low,Farmer,Medium,40,Hindi,RGN035
CUST005893,Lakshmi Patil,6160847818,Female,Single,1119028,Upper-Middle,Business Owner,Medium,56,Hindi,RGN015
CUST005894,Vinod Chaudhary,7223449447,Male,Divorced,485224,Middle,Teacher,Low,28,Hindi,RGN007
CUST005895,Geeta Balaji,8848569445,Male,Married,1888401,Upper-Middle,Business Owner,Medium,52,Hindi,RGN030
CUST005896,Geeta Dubey,64215XXXXX,Female,Single,1216020,Upper-Middle,Business Owner,Medium,55,Hindi,RGN011
CUST005897,Yash Desai,8260713391,Male,Married,533599,Middle,Real Estate Agent,Medium,28,Hindi,RGN040
CUST005898,Anjali Iyer,8382764612,Male,Married,796177,Middle,Software Engineer,Low,20,Hindi,RGN044
CUST005899,Sunil Chakraborty,7955452591,Female,Married,1959148,Upper-Middle,Business Owner,Medium,41,Hindi,RGN037
CUST005900,Geeta Pandey,7720677309,Male,Married,1260092,Upper-Middle,Software Engineer,Low,31,Hindi,RGN008
CUST005901,Yash Saxena,9803993468,Female,Married,226514,Low,Real Estate Agent,Medium,60,Hindi,RGN050
CUST005902,Anil More,9207539191,Male,Married,204886,Low,Teacher,Low,38,Hindi,RGN028
CUST005903,Aditi Naik,7828918350,Male,Married,167770,Low,Front Desk Executive,Low,28,Hindi,RGN016
CUST005904,Vishal Hegde,9398485505,Female,Married,890831,Upper-Middle,Business Owner,Medium,24,Hindi,RGN040
CUST005905,Bhavna Mehta,6681511462,Female,Married,448959,Middle,Teacher,Low,51,Hindi,RGN009
CUST005906,Swati Bose,9856621762,Male,Divorced,2682639,High,Business Owner,Medium,31,Hindi,RGN003
CUST005907,Siddharth Pandey,9243814456,Male,Single,616575,Middle,Software Engineer,Low,38,Hindi,RGN050
CUST005908,Isha Singh,8149975301,Male,Married,351593,Middle,Real Estate Agent,Medium,49,Hindi,RGN040
CUST005909,Anil Hegde,8463384554,Female,Married,1298422,Upper-Middle,Software Engineer,Low,32,Telugu,RGN018
CUST005910,Sandeep Jadhav,80122XXXXX,Female,Married,2766143,High,Software Engineer,Low,37,Hindi,RGN013
CUST005911,Priya Venkatesh,8813120593,Female,Married,242193,Low,Hardware Technician,Medium,37,Hindi,RGN044
CUST005912,Sandeep Mishra,6898930922,Male,Married,152400,Low,Teacher,Low,46,Hindi,RGN030
CUST005913,Sarika Gowda,7024176697,Female,Divorced,1220207,Upper-Middle,Software Engineer,Low,45,Telugu,RGN018
CUST005914,Vishal Patil,6683828266,Male,Divorced,1789694,Upper-Middle,Software Engineer,Low,35,Hindi,RGN045
CUST005915,Rohit Saxena,9400097735,Male,Divorced,1148836,Upper-Middle,Software Engineer,Low,38,Hindi,RGN041
CUST005916,Vikram Pillai,8962595901,Male,Married,386895,Middle,Teacher,Low,33,Hindi,RGN048
CUST005917,Gaurav Sharma,7135530125,Male,Married,2274527,High,Business Owner,Medium,20,Hindi,RGN028
CUST005918,Deepak Deshpande,7436466937,Female,Married,458867,Middle,Hardware Technician,Medium,41,Hindi,RGN003
CUST005919,Lakshmi Balaji,6675644031,Male,Married,2873287,High,Software Engineer,Low,60,Telugu,RGN017
CUST005920,Vijay Balaji,8822119457,Male,Married,210914,Low,Driver,High,27,Hindi,RGN030
CUST005921,Nikhil More,7055532168,Female,Single,1145552,Upper-Middle,Software Engineer,Low,28,Oriya,RGN032
CUST005922,Suresh Hegde,8550269450,Female,Single,579279,Middle,Teacher,Low,27,Hindi,RGN015
CUST005923,Anil Malhotra,8836072288,Male,Married,368151,Middle,Software Engineer,Low,46,Hindi,RGN014
CUST005924,Anil Reddy,8993928866,Female,Married,303998,Middle,Hardware Technician,Medium,43,Kannada,RGN021
CUST005925,Lakshmi Pillai,6106528544,Female,Married,1853368,Upper-Middle,Business Owner,Medium,36,Hindi,RGN035
CUST005926,Vijay Gupta,7052361416,Male,Married,2409835,High,Software Engineer,Low,26,Hindi,RGN003
CUST005927,Neha Das,7707274200,Female,Married,253435,Low,Farmer,Medium,39,Telugu,RGN019
CUST005928,Prakash Jadhav,8029407993,Male,Married,1369196,Upper-Middle,Software Engineer,Low,19,Kannada,RGN022
CUST005929,Priya Saxena,9788104859,Female,Married,327771,Middle,Real Estate Agent,Medium,39,Hindi,RGN004
CUST005930,Sarika Iyer,6590542487,Female,Married,162060,Low,Driver,High,48,Hindi,RGN003
CUST005931,Deepa Saxena,8041471408,Female,Married,1126947,Upper-Middle,Software Engineer,Low,22,Hindi,RGN050
CUST005932,Deepak Gowda,9795156992,Male,Married,894297,Upper-Middle,Real Estate Agent,Medium,19,Hindi,RGN044
CUST005933,Ramesh Kulkarni,7913790168,Male,Single,231470,Low,Farmer,Medium,56,Hindi,RGN025
CUST005934,Vishal Kapoor,8047633099,Female,Married,670131,Middle,Teacher,Low,30,Hindi,RGN035
CUST005935,Sunita More,8791415928,Male,Married,92451,Low,Farmer,Medium,51,Hindi,RGN037
CUST005936,Siddharth Hegde,8276774165,Male,Single,170633,Low,Farmer,Medium,36,Oriya,RGN031
CUST005937,Aditya Rao,7746678563,Female,Married,2289248,High,Software Engineer,Low,36,Tamil,RGN023
CUST005938,Kavya Pillai,9164361116,Female,Divorced,1103481,Upper-Middle,Software Engineer,Low,43,Hindi,RGN002
CUST005939,Pooja Verma,8952417168,Female,Married,1429879,Upper-Middle,Business Owner,Medium,27,Telugu,RGN017
CUST005940,Nandini Sharma,9478256343,Female,Married,2476110,High,Software Engineer,Low,39,Telugu,RGN019
CUST005941,Ravi Kapoor,7510110288,Male,Married,1330062,Upper-Middle,Software Engineer,Low,33,Hindi,RGN002
CUST005942,Ramesh Srivastava,7149141011,Male,Married,738294,Middle,Software Engineer,Low,22,Hindi,RGN034
CUST005943,Mohit Das,7017474815,Male,Married,2849849,High,Software Engineer,Low,42,Hindi,RGN025
CUST005944,Poonam Jadhav,9961942380,Female,Married,396609,Middle,Teacher,Low,34,Hindi,RGN002
CUST005945,Kritika Menon,7124582470,Male,Married,1471839,Upper-Middle,Software Engineer,Low,36,Hindi,RGN006
CUST005946,Isha Deshpande,6709278574,Female,Single,1125539,Upper-Middle,Software Engineer,Low,23,Hindi,RGN041
CUST005947,Pradeep Kulkarni,7642542470,Male,Married,133417,Low,Driver,High,57,Kannada,RGN022
CUST005948,Prakash More,7691546669,Male,Married,90987,Low,Farmer,Medium,48,Hindi,RGN008
CUST005949,Rekha Balaji,7072972231,Female,Married,696064,Middle,Business Owner,Medium,49,Hindi,RGN030
CUST005950,Rekha Srivastava,9086334453,Male,Divorced,161218,Low,Front Desk Executive,Low,34,Hindi,RGN036
CUST005951,Aarav Mishra,9508290385,Male,Single,1379776,Upper-Middle,Business Owner,Medium,18,Hindi,RGN041
CUST005952,Deepak Gowda,9980284402,Male,Married,2147967,High,Doctor,Low,61,Hindi,RGN040
CUST005953,Rajesh Desai,9836268494,Male,Married,157320,Low,Driver,High,37,Hindi,RGN049
CUST005954,Deepa Hegde,6479044751,Male,Married,72789,Low,Farmer,Medium,29,Hindi,RGN006
CUST005955,Isha Menon,8379260608,Female,Married,3354920,High,Business Owner,Medium,43,Telugu,RGN017
CUST005956,Kritika Chaudhary,7382000297,Male,Married,3588518,High,Business Owner,Medium,52,Tamil,RGN023
CUST005957,Kritika Saxena,,Female,Married,209860,Low,Driver,High,37,Hindi,RGN050
CUST005958,Shweta Shetty,6922221288,Male,Married,122250,Low,Front Desk Executive,Low,53,Hindi,RGN048
CUST005959,Siddharth Krishnan,6690358322,Male,Married,1472194,Upper-Middle,Doctor,Low,50,Hindi,RGN050
CUST005960,Deepa Dubey,7272344241,Male,Married,2603074,High,Software Engineer,Low,25,Hindi,RGN039
CUST005961,Tanvi Chaudhary,9083881489,Female,Divorced,1316545,Upper-Middle,Software Engineer,Low,29,Hindi,RGN036
CUST005962,Arjun Patel,8822332284,Female,Married,2516121,High,Doctor,Low,49,Hindi,RGN040
CUST005963,Sneha Chaudhary,9619997108,Male,Married,225557,Low,Front Desk Executive,Low,18,Hindi,RGN041
CUST005964,Sunil Reddy,6863213375,Female,Single,403081,Middle,Software Engineer,Low,36,Kannada,RGN022
CUST005965,Swati Rajan,7145544722,Male,Single,1863681,Upper-Middle,Business Owner,Medium,20,Hindi,RGN040
CUST005966,Sneha Shah,9004899744,Female,Single,1850883,Upper-Middle,Doctor,Low,32,Hindi,RGN016
CUST005967,Uday Verma,7259730374,Male,Single,195360,Low,Farmer,Medium,34,Hindi,RGN029
CUST005968,Zara Chaudhary,8083743200,Male,Married,1831208,Upper-Middle,Business Owner,Medium,33,Telugu,RGN017
CUST005969,Akash Dubey,9083077366,Male,Married,172972,Low,Teacher,Low,31,Hindi,RGN028
CUST005970,Rekha Kulkarni,9585987715,Female,Married,1111127,Upper-Middle,Real Estate Agent,Medium,24,Hindi,RGN041
CUST005971,Bhavna Kumar,9333538379,Female,Married,1091240,Upper-Middle,Software Engineer,Low,65,Telugu,RGN019
CUST005972,Deepak Iyer,6238940569,Male,Married,143623,Low,Front Desk Executive,Low,60,Hindi,RGN048
CUST005973,Geeta Saxena,8761927812,Male,Married,210205,Low,Farmer,Medium,24,Hindi,RGN045
CUST005974,Vishal Malhotra,6796248099,Male,Divorced,131126,Low,Farmer,Medium,56,Hindi,RGN026
CUST005975,Divya Singh,8224275617,Female,Married,1744262,Upper-Middle,Software Engineer,Low,33,Hindi,RGN009
CUST005976,Kritika Chakraborty,7720170117,Female,Single,2782939,High,Software Engineer,Low,39,Hindi,RGN033
CUST005977,Tanvi Mehta,8556774735,Female,Single,140143,Low,Farmer,Medium,37,Hindi,RGN045
CUST005978,Aryan Joshi,6067444998,Female,Married,95233,Low,Driver,High,30,Hindi,RGN030
CUST005979,Nikhil Balaji,6716778803,Female,Married,2773427,High,Software Engineer,Low,49,Hindi,RGN039
CUST005980,Nikhil Patel,6249230083,Female,Married,797742,Middle,Software Engineer,Low,39,Hindi,RGN043
CUST005981,Swati Kumar,7418715503,Female,Married,2900793,High,Software Engineer,Low,32,Hindi,RGN013
CUST005982,Mohit Gowda,7038035431,Male,Widowed,203614,Low,Teacher,Low,22,Hindi,RGN034
CUST005983,Vikram More,7731295048,Female,Married,2440434,High,Software Engineer,Low,27,Hindi,RGN035
CUST005984,Sneha Pandey,6987599732,Male,Single,461800,Middle,Real Estate Agent,Medium,18,Hindi,RGN046
CUST005985,Deepa Deshpande,7927809928,Male,Single,602855,Middle,Real Estate Agent,Medium,38,Hindi,RGN006
CUST005986,Prakash Venkatesh,7986391062,Male,Married,634007,Middle,Doctor,Low,23,Telugu,RGN018
CUST005987,Anil Dubey,6467863038,Female,Married,588096,Middle,Software Engineer,Low,34,Hindi,RGN028
CUST005988,Pooja Pandey,6691948670,Female,Married,1602741,Upper-Middle,Software Engineer,Low,54,Hindi,RGN047
CUST005989,Priya Iyer,9698644491,Female,Married,202579,Low,Front Desk Executive,Low,52,Hindi,RGN011
CUST005990,Uday Chaudhary,6851015427,Female,Divorced,4406303,High,Pilot,High,37,Hindi,RGN037
CUST005991,Ravi Iyer,7557301808,Female,Single,2655865,High,Business Owner,Medium,36,Hindi,RGN013
CUST005992,Kunal Venkatesh,9258423022,Female,Married,175531,Low,Farmer,Medium,60,Telugu,RGN018
CUST005993,Arjun Patel,9275215272,Male,Married,1428272,Upper-Middle,Software Engineer,Low,44,Hindi,RGN012
CUST005994,Pooja Gupta,7114341663,Male,Single,108464,Low,Farmer,Medium,34,Hindi,RGN001
CUST005995,Suresh Bose,7677597277,Male,Married,2628143,High,Pilot,High,20,Hindi,RGN007
CUST005996,Vishal Naik,6342773235,Female,Widowed,2336432,High,Software Engineer,Low,42,Hindi,RGN009
CUST005997,Sunil Reddy,9574096834,Male,Married,1083055,Upper-Middle,Software Engineer,Low,47,Hindi,RGN044
CUST005998,Vikram Sharma,9987164629,Male,Married,1139340,Upper-Middle,Software Engineer,Low,30,Hindi,RGN040
CUST005999,Rajesh Chaudhary,7917736053,Male,Married,238552,Low,Hardware Technician,Medium,41,Hindi,RGN046
CUST006000,Amrita Jadhav,6811000778,Female,Single,1916186,Upper-Middle,Software Engineer,Low,33,Hindi,RGN047
CUST006001,Yash Bose,7182637419,Male,Married,359757,Middle,Teacher,Low,35,Hindi,RGN043
CUST006002,Suresh Iyer,9032250819,Male,Married,1777349,Upper-Middle,Software Engineer,Low,18,Kannada,RGN021
CUST006003,Meera Mehta,7392274454,Female,Widowed,269538,Low,Hardware Technician,Medium,35,Telugu,RGN020
CUST006004,Prakash Shah,8447278792,Male,Married,555022,Middle,Software Engineer,Low,49,Hindi,RGN036
CUST006005,Tanvi Patel,8477174066,Female,Single,570515,Middle,Teacher,Low,30,Hindi,RGN009
CUST006006,Zara Kapoor,9799420613,Female,Single,1358219,Upper-Middle,Business Owner,Medium,38,Hindi,RGN005
CUST006007,Karan Hegde,9698237618,Male,Single,1677908,Upper-Middle,Software Engineer,Low,28,Hindi,RGN013
CUST006008,Yash Rajan,7593087879,Male,Single,221704,Low,Teacher,Low,42,Hindi,RGN016
CUST006009,Pooja Patel,6912812126,Male,Single,820117,Upper-Middle,Software Engineer,Low,35,Hindi,RGN040
CUST006010,Aditi Malhotra,7581567102,Male,Single,1660936,Upper-Middle,Software Engineer,Low,26,Hindi,RGN049
CUST006011,Anil Chakraborty,9225193356,Male,Married,498096,Middle,Teacher,Low,53,Hindi,RGN045
CUST006012,Ananya Srivastava,7844372828,Male,Married,277682,Low,Front Desk Executive,Low,49,Hindi,RGN029
CUST006013,Deepak More,8012520043,Male,Married,247891,Low,Front Desk Executive,Low,30,Hindi,RGN043
CUST006014,Manoj Dubey,7091828124,Male,Married,988178,Upper-Middle,Business Owner,Medium,43,Hindi,RGN045
CUST006015,Neha Jadhav,9966678303,Male,Married,390522,Middle,Software Engineer,Low,44,Hindi,RGN012
CUST006016,Suresh Patil,6729409937,Female,Married,486232,Middle,Software Engineer,Low,45,Hindi,RGN048
CUST006017,Sapna Venkatesh,8137684814,Female,Single,313410,Middle,Teacher,Low,18,Telugu,RGN018
CUST006018,Karan Srivastava,6967991845,Male,Single,1590045,Upper-Middle,Software Engineer,Low,50,Hindi,RGN014
CUST006019,Vikram Gowda,6920849653,Female,Widowed,643902,Middle,Business Owner,Medium,31,Hindi,RGN044
CUST006020,Tanvi Das,8194056845,Male,Widowed,1265529,Upper-Middle,Software Engineer,Low,33,Hindi,RGN014
CUST006021,Nikhil Rajan,7401075287,Male,Married,251428,Low,Hardware Technician,Medium,65,Tamil,RGN023
CUST006022,Shweta Pillai,6996833440,Female,Widowed,165421,Low,Driver,High,41,Hindi,RGN004
CUST006023,Nikhil Patel,7122725449,Male,Married,66778,Low,Farmer,Medium,33,Hindi,RGN026
CUST006024,Aditi Balaji,8503079582,Male,Single,128527,Low,Driver,High,18,Hindi,RGN010
CUST006025,Sunil Iyer,8467723967,Male,Married,122784,Low,Front Desk Executive,Low,54,Hindi,RGN050
CUST006026,Poonam Das,9839075163,Male,Single,262212,Low,Teacher,Low,21,Hindi,RGN042
CUST006027,Priya Kapoor,6662679409,Male,Married,406965,Middle,Teacher,Low,25,Hindi,RGN004
CUST006028,Priya Kulkarni,6737229176,Male,Single,2220657,High,Doctor,Low,34,Hindi,RGN044
CUST006029,Priya Naik,8803614544,Male,Single,342370,Middle,Real Estate Agent,Medium,54,Hindi,RGN010
CUST006030,Kunal Tripathi,6291956505,Male,Single,265772,Low,Driver,High,47,Hindi,RGN045
CUST006031,Amrita Malhotra,8841492283,Female,Married,2536849,High,Software Engineer,Low,36,Hindi,RGN033
CUST006032,Akash Kapoor,8602293511,Male,Single,690797,Middle,Business Owner,Medium,41,Hindi,RGN028
CUST006033,Poonam Gowda,9486369380,Female,Married,247654,Low,Front Desk Executive,Low,30,Hindi,RGN035
CUST006034,Lakshmi Chakraborty,8846070435,Male,Married,1334570,Upper-Middle,Doctor,Low,39,Hindi,RGN001
CUST006035,Nikhil Chakraborty,6759317261,Female,Single,1659538,Upper-Middle,Business Owner,Medium,38,Hindi,RGN036
CUST006036,Pradeep Dubey,6845631479,Female,Single,209952,Low,Teacher,Low,49,Hindi,RGN008
CUST006037,Neha Tripathi,9126508899,Female,Married,2956826,High,Doctor,Low,49,Hindi,RGN004
CUST006038,Arjun Agarwal,9558537997,Male,Single,180675,Low,Hardware Technician,Medium,43,Hindi,RGN046
CUST006039,Kritika Bose,9257721087,Male,Widowed,1023196,Upper-Middle,Software Engineer,Low,33,Hindi,RGN028
CUST006040,Sandeep Chaudhary,9447321778,Male,Married,951901,Upper-Middle,Real Estate Agent,Medium,46,Hindi,RGN047
CUST006041,Tanvi Rajan,8457477060,Male,Married,1826599,Upper-Middle,Software Engineer,Low,36,Hindi,RGN037
CUST006042,Sanjay Tripathi,8588348564,Male,Married,583488,Middle,Software Engineer,Low,25,Hindi,RGN036
CUST006043,Siddharth Venkatesh,7275411565,Female,Single,212044,Low,Teacher,Low,33,Hindi,RGN030
CUST006044,Lakshmi Das,7770156266,Male,Married,3619023,High,Doctor,Low,39,Hindi,RGN025
CUST006045,Aarav Venkatesh,6805279200,Male,Married,3862555,High,Doctor,Low,48,Hindi,RGN039
CUST006046,Aarav Mehta,8463164606,Female,Married,231392,Low,Driver,High,35,Hindi,RGN007
CUST006047,Vishal Malhotra,9493237558,Male,Married,2011037,High,Software Engineer,Low,23,Telugu,RGN017
CUST006048,Poonam Sharma,6340192936,Male,Widowed,574771,Middle,Teacher,Low,38,Hindi,RGN045
CUST006049,Ramesh Mehta,7548592820,Male,Married,93214,Low,Driver,High,39,Hindi,RGN044
CUST006050,Suresh Subramanian,9665347971,Male,Single,352194,Middle,Teacher,Low,40,Hindi,RGN008
CUST006051,Siddharth Patel,6900281000,Female,Single,117237,Low,Farmer,Medium,49,Telugu,RGN018
CUST006052,Uday Naik,7266617808,Female,Married,959110,Upper-Middle,Software Engineer,Low,50,Hindi,RGN006
CUST006053,Vijay Kulkarni,9449916277,Male,Divorced,2566118,High,Software Engineer,Low,30,Hindi,RGN039
CUST006054,Prakash Jadhav,9502942501,Male,Single,1056321,Upper-Middle,Software Engineer,Low,30,Hindi,RGN003
CUST006055,Santosh More,7291535375,Female,Widowed,2062442,High,Business Owner,Medium,25,Hindi,RGN039
CUST006056,Suresh Iyer,7719766162,Female,Single,153513,Low,Front Desk Executive,Low,46,Hindi,RGN012
CUST006057,Arjun Reddy,8293380107,Female,Single,2496273,High,Software Engineer,Low,55,Hindi,RGN001
CUST006058,Manoj Balaji,6177446083,Male,Single,417400,Middle,Teacher,Low,34,Telugu,RGN018
CUST006059,Rekha Jadhav,8864917507,Male,Single,2318153,High,Software Engineer,Low,35,Hindi,RGN049
CUST006060,Rahul Joshi,7123315349,Male,Married,1659696,Upper-Middle,Business Owner,Medium,55,Hindi,RGN026
CUST006061,Harsha Krishnan,9621741037,Male,Married,134238,Low,Farmer,Medium,44,Telugu,RGN020
CUST006062,Rekha Verma,8141648668,Male,Married,320347,Middle,Business Owner,Medium,43,Hindi,RGN016
CUST006063,Siddharth Rao,7397327860,Male,Single,898611,Upper-Middle,Real Estate Agent,Medium,23,Hindi,RGN012
CUST006064,Amrita Patil,7849635550,Male,Married,2357995,High,Software Engineer,Low,46,Hindi,RGN029
CUST006065,Geeta Nair,6219914995,Male,Married,408692,Middle,Teacher,Low,26,Hindi,RGN047
CUST006066,Vijay Iyer,7535953019,Male,Single,570113,Middle,Teacher,Low,24,Hindi,RGN007
CUST006067,Priya Agarwal,9549705944,Female,Single,822892,Upper-Middle,Real Estate Agent,Medium,33,Hindi,RGN039
CUST006068,Rohit Nair,8991452102,Male,Married,115477,Low,Farmer,Medium,30,Hindi,RGN042
CUST006069,Vikram Saxena,6388707136,Male,Married,317147,Middle,Front Desk Executive,Low,35,Hindi,RGN037
CUST006070,Gaurav Shetty,6421210046,Male,Married,349752,Middle,Teacher,Low,20,Hindi,RGN008
CUST006071,Deepak Chakraborty,9975210084,Male,Married,1787425,Upper-Middle,Software Engineer,Low,49,Hindi,RGN048
CUST006072,Nikhil Pillai,9542556862,Male,Married,2481220,High,Software Engineer,Low,51,Hindi,RGN011
CUST006073,Rekha Venkatesh,7290544171,Female,Married,691250,Middle,Software Engineer,Low,18,Hindi,RGN003
CUST006074,Swati Kumar,6567392936,Female,Single,1426506,Upper-Middle,Software Engineer,Low,49,Telugu,RGN019
CUST006075,Sandeep Bose,6706487235,Male,Married,178963,Low,Front Desk Executive,Low,28,Hindi,RGN010
CUST006076,Vikram Shetty,7895175204,Female,Single,202533,Low,Front Desk Executive,Low,48,Hindi,RGN040
CUST006077,Kritika More,9700483076,Male,Married,286985,Low,Driver,High,37,Telugu,RGN017
CUST006078,Siddharth Deshpande,7732553827,Female,Married,3231570,High,Pilot,High,38,Hindi,RGN050
CUST006079,Deepa Menon,8383262250,Female,Married,2196733,High,Doctor,Low,35,Hindi,RGN012
CUST006080,Aryan Patel,9348373230,Male,Married,1201293,Upper-Middle,Software Engineer,Low,52,Oriya,RGN031
CUST006081,Mohit Naik,6464675038,Male,Married,2013751,High,Software Engineer,Low,23,Hindi,RGN043
CUST006082,Pradeep Shah,6954185203,Male,Single,504216,Middle,Real Estate Agent,Medium,45,Kannada,RGN022
CUST006083,Mohit Kapoor,9101044330,Male,Single,184005,Low,Farmer,Medium,51,Hindi,RGN009
CUST006084,Akash Rao,8098099340,Female,Single,2351897,High,Doctor,Low,46,Hindi,RGN006
CUST006085,Sanjay Kulkarni,9008768486,Female,Widowed,2956945,High,Software Engineer,Low,65,Telugu,RGN019
CUST006086,Aditya Balaji,8584225277,Male,Married,2275966,High,Business Owner,Medium,31,Hindi,RGN040
CUST006087,Harsha Gupta,9857556442,Female,Married,2256422,High,Doctor,Low,49,Hindi,RGN049
CUST006088,Rahul Hegde,7775019325,Female,Single,226521,Low,Driver,High,36,Hindi,RGN048
CUST006089,Shruti Singh,7674942221,Female,Widowed,573776,Middle,Teacher,Low,52,Kannada,RGN021
CUST006090,Poonam Kumar,9609523814,Female,Single,1811678,Upper-Middle,Business Owner,Medium,37,Oriya,RGN032
CUST006091,Sarika Menon,9142035777,Female,Divorced,3441626,High,Business Owner,Medium,33,Tamil,RGN023
CUST006092,Varun More,7124049386,Male,Single,392391,Middle,Teacher,Low,53,Hindi,RGN026
CUST006093,Pooja Gupta,7623175533,Female,Single,972403,Upper-Middle,Software Engineer,Low,32,Kannada,RGN021
CUST006094,Rahul Pandey,9347763065,Female,Single,176321,Low,Farmer,Medium,21,Hindi,RGN001
CUST006095,Pradeep Shah,8827654699,Female,Single,4201412,High,Doctor,Low,31,Hindi,RGN007
CUST006096,Shruti Saxena,6589730378,Male,Married,1645239,Upper-Middle,Software Engineer,Low,45,Telugu,RGN017
CUST006097,Sanjay Sharma,8814429836,Male,Single,2091754,High,Business Owner,Medium,54,Kannada,RGN022
CUST006098,Harsha Saxena,9619075056,Male,Married,1562109,Upper-Middle,Business Owner,Medium,39,Hindi,RGN004
CUST006099,Kunal Patil,6155510749,Female,Single,299004,Low,Driver,High,53,Hindi,RGN039
CUST006100,Meera Subramanian,6886961158,Male,Married,374727,Middle,Software Engineer,Low,21,Hindi,RGN050
CUST006101,Nandini Iyer,6171872970,Male,Married,677694,Middle,Software Engineer,Low,32,Hindi,RGN033
CUST006102,Siddharth Iyer,6268315624,Male,Married,1675207,Upper-Middle,Business Owner,Medium,34,Hindi,RGN027
CUST006103,Lakshmi Dubey,7060511697,Male,Married,3154827,High,Doctor,Low,36,Hindi,RGN027
CUST006104,Sneha Reddy,9905435268,Female,Single,1873675,Upper-Middle,Business Owner,Medium,39,Hindi,RGN037
CUST006105,Kavya More,8563830008,Female,Married,1044541,Upper-Middle,Software Engineer,Low,46,Hindi,RGN029
CUST006106,Priya Tripathi,7710732575,Female,Married,100887,Low,Driver,High,32,Hindi,RGN004
CUST006107,Rahul Srivastava,9787956544,Male,Married,2398181,High,Software Engineer,Low,39,Hindi,RGN003
CUST006108,Aditya Desai,,Female,Married,1390174,Upper-Middle,Software Engineer,Low,37,Tamil,RGN023
CUST006109,Tanvi Mishra,8631186701,Female,Single,87314,Low,Farmer,Medium,26,Hindi,RGN015
CUST006110,Harsha Chaudhary,9835054459,Female,Married,1296128,Upper-Middle,Software Engineer,Low,36,Hindi,RGN038
CUST006111,Uday Mishra,7181312547,Female,Married,230866,Low,Driver,High,36,Hindi,RGN003
CUST006112,Deepak Desai,6997341350,Male,Married,165167,Low,Driver,High,36,Telugu,RGN019
CUST006113,Aditi Tiwari,8407647186,Male,Married,556292,Middle,Teacher,Low,38,Hindi,RGN027
CUST006114,Aditi Mehta,7943681314,Male,Married,1165132,Upper-Middle,Software Engineer,Low,38,Telugu,RGN020
CUST006115,Mohit Verma,8394807207,Male,Married,1435883,Upper-Middle,Doctor,Low,32,Telugu,RGN018
CUST006116,Nikhil Subramanian,8584584022,Female,Married,1614175,Upper-Middle,Software Engineer,Low,53,Hindi,RGN049
CUST006117,Suresh Dubey,7776021806,Female,Married,1009969,Upper-Middle,Business Owner,Medium,23,Hindi,RGN014
CUST006118,Sanjay Pillai,9725279344,Male,Single,3781031,High,Doctor,Low,29,Hindi,RGN029
CUST006119,Sunil Shetty,8519067742,Female,Single,345886,Middle,Teacher,Low,65,Kannada,RGN022
CUST006120,Ravi Nair,6083063443,Female,Married,949083,Upper-Middle,Pilot,High,25,Kannada,RGN022
CUST006121,Meera Das,9108425754,Male,Married,2621765,High,Software Engineer,Low,21,Hindi,RGN027
CUST006122,Prakash Pillai,7373534972,Male,Married,490616,Middle,Teacher,Low,46,Tamil,RGN023
CUST006123,Sapna Reddy,8868983225,Female,Married,286541,Low,Driver,High,18,Hindi,RGN049
CUST006124,Vikram Desai,7502277469,Female,Married,2884029,High,Software Engineer,Low,35,Hindi,RGN047
CUST006125,Lakshmi Tiwari,6338471370,Male,Married,157969,Low,Farmer,Medium,63,Hindi,RGN040
CUST006126,Uday Agarwal,8877522212,Female,Married,2779456,High,Doctor,Low,19,Hindi,RGN004
CUST006127,Varun Krishnan,6040234203,Male,Single,686856,Middle,Teacher,Low,18,Hindi,RGN035
CUST006128,Varun Naik,7873845350,Male,Single,1017511,Upper-Middle,Business Owner,Medium,20,Hindi,RGN037
CUST006129,Sapna Rajan,6215638366,Male,Single,226695,Low,Farmer,Medium,48,Hindi,RGN001
CUST006130,Isha Subramanian,9943658694,Male,Married,668632,Middle,Teacher,Low,51,Tamil,RGN023
CUST006131,Isha Srivastava,6997851344,Male,Single,942722,Upper-Middle,Software Engineer,Low,31,Hindi,RGN025
CUST006132,Poonam Menon,8532967737,Male,Single,168161,Low,Driver,High,46,Hindi,RGN016
CUST006133,Zara Sharma,8942831888,Male,Married,2949451,High,Software Engineer,Low,54,Hindi,RGN027
CUST006134,Sapna Subramanian,9166633428,Male,Married,1081805,Upper-Middle,Real Estate Agent,Medium,59,Hindi,RGN009
CUST006135,Mohit Pillai,6911541682,Male,Married,1066636,Upper-Middle,Software Engineer,Low,35,Oriya,RGN031
CUST006136,Anil Chakraborty,6370858783,Male,Single,240576,Low,Teacher,Low,18,Hindi,RGN004
CUST006137,Siddharth Subramanian,8065476512,Female,Married,1128484,Upper-Middle,Business Owner,Medium,28,Hindi,RGN035
CUST006138,Harsha Singh,9749075351,Male,Married,2890907,High,Software Engineer,Low,32,Hindi,RGN003
CUST006139,Rahul Chakraborty,7834562933,Male,Married,326646,Middle,Teacher,Low,34,Hindi,RGN002
CUST006140,Aditya Venkatesh,8956515822,Male,Single,238036,Low,Front Desk Executive,Low,35,Hindi,RGN025
CUST006141,Lakshmi Kapoor,7094760596,Female,Married,2454561,High,Software Engineer,Low,51,Kannada,RGN021
CUST006142,Vijay Chakraborty,9656124983,Male,Divorced,1136010,Upper-Middle,Real Estate Agent,Medium,53,Hindi,RGN027
CUST006143,Neha Chakraborty,7441467969,Male,Single,96129,Low,Farmer,Medium,35,Hindi,RGN010
CUST006144,Priya Pillai,7892529149,Female,Single,186175,Low,Driver,High,51,Kannada,RGN022
CUST006145,Amrita Gowda,7735290831,Male,Married,277557,Low,Teacher,Low,42,Hindi,RGN044
CUST006146,Aryan Kulkarni,6686744786,Female,Married,2517866,High,Doctor,Low,38,Hindi,RGN036
CUST006147,Prakash Kumar,9320718116,Female,Single,252695,Low,Driver,High,48,Hindi,RGN037
CUST006148,Arjun Gupta,8418269718,Male,Married,387843,Middle,Teacher,Low,38,Hindi,RGN012
CUST006149,Shweta Krishnan,9015398740,Male,Married,496582,Middle,Teacher,Low,62,Hindi,RGN015
CUST006150,Sapna Nair,8419199949,Male,Divorced,2840411,High,Software Engineer,Low,20,Hindi,RGN013
CUST006151,Meera Chakraborty,81174XXXXX,Male,Married,390274,Middle,Software Engineer,Low,31,Hindi,RGN036
CUST006152,Akash Verma,7740451228,Male,Married,271900,Low,Front Desk Executive,Low,36,Hindi,RGN047
CUST006153,Kunal Shah,8893708103,Male,Married,1070779,Upper-Middle,Business Owner,Medium,43,Hindi,RGN034
CUST006154,Zara Rajan,8743189100,Male,Single,1426483,Upper-Middle,Real Estate Agent,Medium,53,Hindi,RGN041
CUST006155,Arjun Nair,8924601285,Male,Married,1710856,Upper-Middle,Doctor,Low,37,Hindi,RGN008
CUST006156,Gaurav Gowda,8997263150,Male,Single,328731,Middle,Teacher,Low,20,Hindi,RGN042
CUST006157,Prakash Patil,6086670429,Female,Married,1291626,Upper-Middle,Software Engineer,Low,48,Oriya,RGN031
CUST006158,Rajesh More,8790354064,Male,Divorced,3779436,High,Business Owner,Medium,47,Oriya,RGN031
CUST006159,Mohit Patil,7823598488,Male,Single,2320830,High,Business Owner,Medium,18,Hindi,RGN028
CUST006160,Sunil Tripathi,9691864841,Male,Married,1205622,Upper-Middle,Software Engineer,Low,37,Hindi,RGN003
CUST006161,Sunil Dubey,7123496059,Female,Married,1246288,Upper-Middle,Business Owner,Medium,18,Hindi,RGN030
CUST006162,Sunil Krishnan,7706272352,Male,Single,949674,Upper-Middle,Software Engineer,Low,30,Hindi,RGN045
CUST006163,Poonam Kulkarni,9436113887,Female,Married,97651,Low,Farmer,Medium,27,Telugu,RGN020
CUST006164,Arjun Shah,6571629847,Female,Married,2772214,High,Software Engineer,Low,47,Hindi,RGN047
CUST006165,Sandeep Hegde,8487009646,Male,Married,236770,Low,Hardware Technician,Medium,39,Kannada,RGN022
CUST006166,Lakshmi Patel,6469948385,Male,Divorced,821420,Upper-Middle,Software Engineer,Low,22,Hindi,RGN039
CUST006167,Bhavna Saxena,9016685867,Female,Single,193261,Low,Teacher,Low,48,Hindi,RGN050
CUST006168,Deepa Bose,9895324975,Male,Divorced,195338,Low,Front Desk Executive,Low,20,Hindi,RGN025
CUST006169,Prakash Desai,7930361999,Male,Single,1861190,Upper-Middle,Pilot,High,41,Hindi,RGN003
CUST006170,Gaurav Pillai,7260386157,Female,Married,638041,Middle,Software Engineer,Low,28,Hindi,RGN011
CUST006171,Sanjay Joshi,8236837803,Female,Married,1011745,Upper-Middle,Software Engineer,Low,33,Hindi,RGN012
CUST006172,Vijay Naik,9171865880,Female,Married,1461615,Upper-Middle,Software Engineer,Low,44,Telugu,RGN018
CUST006173,Pooja Rajan,9461204654,Female,Married,484403,Middle,Business Owner,Medium,44,Hindi,RGN005
CUST006174,Kritika Balaji,8656636363,Male,Married,1868917,Upper-Middle,Software Engineer,Low,54,Hindi,RGN049
CUST006175,Kritika Nair,6392223042,Male,Married,215317,Low,Teacher,Low,37,Hindi,RGN044
CUST006176,Nikhil Shah,6037998204,Female,Married,2264872,High,Business Owner,Medium,41,Hindi,RGN046
CUST006177,Sandeep Chaudhary,9937012335,Female,Married,145075,Low,Farmer,Medium,32,Hindi,RGN026
CUST006178,Mohit Mishra,9937759012,Male,Single,271662,Low,Front Desk Executive,Low,40,Hindi,RGN027
CUST006179,Rekha Naik,7992920133,Male,Married,142898,Low,Farmer,Medium,43,Hindi,RGN025
CUST006180,Santosh Desai,9045740850,Female,Married,379366,Middle,Software Engineer,Low,36,Hindi,RGN028
CUST006181,Ramesh Das,9491139282,Male,Married,154905,Low,Farmer,Medium,18,Telugu,RGN017
CUST006182,Deepa Joshi,7696493826,Male,Married,3498889,High,Business Owner,Medium,41,Hindi,RGN033
CUST006183,Sunil Kulkarni,7138003383,Female,Married,2610700,High,Doctor,Low,42,Tamil,RGN023
CUST006184,Rajesh Patel,7673614047,Male,Divorced,1241637,Upper-Middle,Software Engineer,Low,29,Hindi,RGN038
CUST006185,Karan Patel,9194561581,Female,Married,1029774,Upper-Middle,Software Engineer,Low,22,Hindi,RGN010
CUST006186,Varun Kapoor,6106994292,Female,Married,208392,Low,Farmer,Medium,55,Hindi,RGN003
CUST006187,Kavya Hegde,7319789589,Female,Married,356005,Middle,Hardware Technician,Medium,43,Hindi,RGN043
CUST006188,Kavya Mehta,7201089810,Male,Single,933234,Upper-Middle,Software Engineer,Low,35,Hindi,RGN030
CUST006189,Bhavna Malhotra,9232274783,Male,Single,3542614,High,Business Owner,Medium,24,Hindi,RGN003
CUST006190,Arjun Rajan,6194410883,Male,Married,1757076,Upper-Middle,Software Engineer,Low,28,Hindi,RGN010
CUST006191,Kavya Hegde,8442537424,Male,Married,640022,Middle,Software Engineer,Low,53,Hindi,RGN047
CUST006192,Shruti Dubey,8178584770,Female,Married,107412,Low,Farmer,Medium,39,Telugu,RGN018
CUST006193,Vikram Chaudhary,7392831091,Female,Married,1015401,Upper-Middle,Real Estate Agent,Medium,31,Hindi,RGN033
CUST006194,Aditi Rajan,8719104397,Female,Divorced,309227,Middle,Hardware Technician,Medium,44,Hindi,RGN003
CUST006195,Priya Verma,7341024250,Male,Married,168612,Low,Farmer,Medium,28,Hindi,RGN002
CUST006196,Meera Desai,8963106268,Male,Married,1099064,Upper-Middle,Real Estate Agent,Medium,56,Hindi,RGN013
CUST006197,Varun Saxena,8418776896,Male,Single,1521753,Upper-Middle,Software Engineer,Low,54,Hindi,RGN027
CUST006198,Isha Subramanian,6768729620,Female,Married,2579804,High,Software Engineer,Low,32,Hindi,RGN043
CUST006199,Aditi Menon,8297581014,Female,Married,286301,Low,Front Desk Executive,Low,30,Oriya,RGN031
CUST006200,Santosh Srivastava,6008259230,Male,Married,2794717,High,Software Engineer,Low,18,Oriya,RGN031
CUST006201,Aditya Kapoor,9511768251,Male,Married,189865,Low,Teacher,Low,20,Hindi,RGN012
CUST006202,Kunal Menon,8288004960,Male,Single,1496096,Upper-Middle,Business Owner,Medium,21,Hindi,RGN048
CUST006203,Yash Chakraborty,8469050849,Male,Single,1167679,Upper-Middle,Software Engineer,Low,39,Hindi,RGN025
CUST006204,Vijay Das,8170420473,Male,Married,728562,Middle,Software Engineer,Low,34,Hindi,RGN014
CUST006205,Sandeep Shah,6878875263,Male,Single,758460,Middle,Software Engineer,Low,21,Telugu,RGN017
CUST006206,Anjali Dubey,7284413335,Male,Married,902780,Upper-Middle,Software Engineer,Low,34,Hindi,RGN035
CUST006207,Arjun Rao,6210377002,Male,Single,150408,Low,Front Desk Executive,Low,44,Oriya,RGN032
CUST006208,Santosh Menon,7358235062,Male,Single,164372,Low,Farmer,Medium,44,Hindi,RGN026
CUST006209,Santosh Kulkarni,9415708832,Female,Divorced,1441585,Upper-Middle,Software Engineer,Low,18,Telugu,RGN020
CUST006210,Sarika Iyer,9041614354,Female,Married,1438984,Upper-Middle,Business Owner,Medium,36,Tamil,RGN024
CUST006211,Pradeep Kulkarni,7491892455,Male,Married,2356569,High,Doctor,Low,21,Hindi,RGN046
CUST006212,Vishal Verma,9464333040,Female,Single,173736,Low,Front Desk Executive,Low,48,Hindi,RGN012
CUST006213,Aditya Sharma,7058181585,Male,Single,233067,Low,Hardware Technician,Medium,47,Hindi,RGN047
CUST006214,Anil Rajan,7506292580,Female,Married,204942,Low,Front Desk Executive,Low,27,Hindi,RGN025
CUST006215,Kritika Singh,8919437333,Male,Married,192344,Low,Front Desk Executive,Low,28,Hindi,RGN050
CUST006216,Manoj Rao,6293865568,Female,Single,2402722,High,Business Owner,Medium,32,Hindi,RGN049
CUST006217,Vijay Rao,8022080538,Female,Single,641240,Middle,Teacher,Low,18,Hindi,RGN001
CUST006218,Yash Shetty,8792795132,Male,Married,4481935,High,Doctor,Low,42,Oriya,RGN031
CUST006219,Siddharth Menon,8651835914,Male,Single,214689,Low,Teacher,Low,34,Hindi,RGN012
CUST006220,Suresh Rao,9120140798,Male,Married,946134,Upper-Middle,Real Estate Agent,Medium,49,Hindi,RGN035
CUST006221,Sapna Rao,7400771601,Male,Divorced,169516,Low,Front Desk Executive,Low,24,Hindi,RGN006
CUST006222,Anil Das,6831734996,Male,Married,1122260,Upper-Middle,Software Engineer,Low,30,Telugu,RGN020
CUST006223,Nandini Venkatesh,7215533975,Male,Married,942583,Upper-Middle,Software Engineer,Low,19,Hindi,RGN004
CUST006224,Santosh Sharma,7175286122,Male,Married,1313045,Upper-Middle,Real Estate Agent,Medium,25,Hindi,RGN029
CUST006225,Isha Malhotra,8000259375,Female,Married,2770204,High,Software Engineer,Low,23,Hindi,RGN001
CUST006226,Pooja Gowda,6835002287,Male,Married,66432,Low,Farmer,Medium,49,Hindi,RGN002
CUST006227,Anil Nair,8089757842,Female,Single,374647,Middle,Teacher,Low,29,Hindi,RGN038
CUST006228,Sunita Rajan,7518026421,Male,Married,939550,Upper-Middle,Software Engineer,Low,39,Telugu,RGN018
CUST006229,Pooja Joshi,8928841634,Male,Married,2170433,High,Software Engineer,Low,33,Hindi,RGN015
CUST006230,Aryan More,8779279693,Male,Single,2042584,High,Business Owner,Medium,22,Hindi,RGN035
CUST006231,Poonam Kapoor,7055157045,Female,Married,84655,Low,Farmer,Medium,35,Hindi,RGN008
CUST006232,Divya Pandey,7304349481,Male,Married,2038201,High,Software Engineer,Low,45,Hindi,RGN041
CUST006233,Deepa Menon,8988268744,Male,Married,3416355,High,Doctor,Low,23,Hindi,RGN049
CUST006234,Nandini Deshpande,7373140290,Female,Married,1717641,Upper-Middle,Software Engineer,Low,47,Hindi,RGN026
CUST006235,Aarav Pillai,7008103911,Male,Single,1554982,Upper-Middle,Software Engineer,Low,27,Hindi,RGN039
CUST006236,Geeta Kumar,6407559786,Female,Single,3164515,High,Business Owner,Medium,32,Hindi,RGN033
CUST006237,Anjali Shetty,7163484430,Female,Married,292955,Low,Driver,High,44,Hindi,RGN041
CUST006238,Santosh Mishra,8344755082,Female,Single,647245,Middle,Business Owner,Medium,30,Hindi,RGN008
CUST006239,Rahul Verma,7828881613,Female,Married,541228,Middle,Teacher,Low,38,Hindi,RGN013
CUST006240,Ravi Patil,9195880732,Female,Single,2397072,High,Software Engineer,Low,34,Hindi,RGN009
CUST006241,Deepak Saxena,9146355428,Male,Married,1759188,Upper-Middle,Doctor,Low,39,Hindi,RGN006
CUST006242,Ravi Kulkarni,8686387203,Male,Married,406671,Middle,Teacher,Low,18,Hindi,RGN040
CUST006243,Divya Shah,7383227049,Male,Single,1706972,Upper-Middle,Business Owner,Medium,18,Kannada,RGN022
CUST006244,Sunita Krishnan,8327402655,Male,Single,2887574,High,Business Owner,Medium,45,Hindi,RGN039
CUST006245,Geeta Rajan,8924580233,Female,Married,2152735,High,Software Engineer,Low,50,Hindi,RGN041
CUST006246,Anjali Desai,6081854805,Female,Married,344118,Middle,Driver,High,27,Tamil,RGN023
CUST006247,Anil Rajan,6438827374,Male,Married,283841,Low,Hardware Technician,Medium,35,Hindi,RGN038
CUST006248,Bhavna Malhotra,6994471813,Male,Single,338002,Middle,Teacher,Low,41,Hindi,RGN050
CUST006249,Varun Jadhav,7406214613,Male,Married,387622,Middle,Software Engineer,Low,46,Hindi,RGN044
CUST006250,Anjali Joshi,7547337025,Female,Married,635090,Middle,Software Engineer,Low,18,Hindi,RGN045
CUST006251,Vijay More,8563481415,Male,Married,2917837,High,Software Engineer,Low,27,Hindi,RGN029
CUST006252,Shweta Naik,9718074922,Male,Married,2306559,High,Software Engineer,Low,34,Kannada,RGN021
CUST006253,Rekha Mishra,79665XXXXX,Male,Single,1029981,Upper-Middle,Software Engineer,Low,46,Hindi,RGN013
CUST006254,Nandini Krishnan,6908274574,Female,Married,2530264,High,Software Engineer,Low,65,Hindi,RGN013
CUST006255,Arjun Venkatesh,8659925076,Female,Single,2903207,High,Pilot,High,35,Hindi,RGN035
CUST006256,Sneha Kapoor,7373643537,Male,Married,1746054,Upper-Middle,Software Engineer,Low,21,Hindi,RGN009
CUST006257,Arjun Joshi,6214630700,Female,Married,301569,Middle,Front Desk Executive,Low,42,Hindi,RGN029
CUST006258,Deepak Menon,8830428632,Female,Single,3402192,High,Business Owner,Medium,53,Hindi,RGN029
CUST006259,Isha Pillai,7102655747,Female,Married,138226,Low,Farmer,Medium,39,Hindi,RGN028
CUST006260,Ananya Patil,8493667352,Female,Single,302394,Middle,Driver,High,27,Telugu,RGN017
CUST006261,Aditi Rajan,6608340289,Male,Married,1867562,Upper-Middle,Business Owner,Medium,49,Hindi,RGN029
CUST006262,Gaurav Kumar,9409393496,Male,Married,767356,Middle,Real Estate Agent,Medium,45,Hindi,RGN036
CUST006263,Kavya Mishra,8793539562,Male,Single,1060096,Upper-Middle,Software Engineer,Low,25,Hindi,RGN036
CUST006264,Karan Naik,6542626718,Female,Married,190861,Low,Teacher,Low,42,Hindi,RGN010
CUST006265,Zara Sharma,7670136191,Male,Single,112125,Low,Hardware Technician,Medium,49,Hindi,RGN042
CUST006266,Rekha Joshi,9673221775,Male,Married,102117,Low,Farmer,Medium,52,Hindi,RGN050
CUST006267,Kavya Tiwari,8144772045,Female,Married,447038,Middle,Software Engineer,Low,37,Telugu,RGN020
CUST006268,Sandeep Patel,7376979162,Male,Married,407305,Middle,Teacher,Low,33,Kannada,RGN022
CUST006269,Karan Hegde,9624396063,Male,Married,378364,Middle,Driver,High,52,Hindi,RGN013
CUST006270,Bhavna Das,6079823389,Male,Married,300087,Middle,Front Desk Executive,Low,23,Hindi,RGN027
CUST006271,Vishal Verma,6787356392,Male,Married,857948,Upper-Middle,Real Estate Agent,Medium,43,Telugu,RGN019
CUST006272,Aditya Tripathi,6187816269,Male,Single,229089,Low,Front Desk Executive,Low,21,Hindi,RGN035
CUST006273,Deepa Deshpande,9735105973,Male,Single,93436,Low,Farmer,Medium,50,Hindi,RGN016
CUST006274,Nikhil Verma,8468500947,Male,Divorced,577984,Middle,Teacher,Low,34,Tamil,RGN023
CUST006275,Meera Dubey,8792936166,Male,Married,2313261,High,Business Owner,Medium,53,Hindi,RGN004
CUST006276,Meera Chakraborty,7908792968,Female,Married,918649,Upper-Middle,Software Engineer,Low,43,Tamil,RGN024
CUST006277,Sanjay Venkatesh,9367763966,Male,Married,686507,Middle,Software Engineer,Low,23,Hindi,RGN035
CUST006278,Sanjay Verma,7527360075,Male,Married,1272915,Upper-Middle,Software Engineer,Low,55,Hindi,RGN049
CUST006279,Meera Singh,8040841383,Male,Divorced,431086,Middle,Software Engineer,Low,56,Hindi,RGN034
CUST006280,Kritika Rajan,6117528207,Female,Married,1753753,Upper-Middle,Software Engineer,Low,48,Hindi,RGN030
CUST006281,Sneha Bose,6779886182,Male,Married,290936,Low,Hardware Technician,Medium,28,Hindi,RGN038
CUST006282,Zara Chakraborty,8616640280,Male,Married,1058487,Upper-Middle,Business Owner,Medium,34,Hindi,RGN050
CUST006283,Aryan Joshi,7802224466,Female,Married,271473,Low,Teacher,Low,39,Hindi,RGN026
CUST006284,Sandeep Das,6651758666,Female,Divorced,1346193,Upper-Middle,Software Engineer,Low,29,Hindi,RGN011
CUST006285,Lakshmi Sharma,7657043883,Male,Married,345312,Middle,Real Estate Agent,Medium,58,Hindi,RGN044
CUST006286,Tanvi Kumar,7923840991,Male,Married,1086584,Upper-Middle,Software Engineer,Low,39,Hindi,RGN025
CUST006287,Rohit Patil,7691764985,Male,Married,1400813,Upper-Middle,Pilot,High,18,Hindi,RGN038
CUST006288,Nikhil Patil,9742735984,Male,Single,632419,Middle,Teacher,Low,42,Hindi,RGN009
CUST006289,Aditi Nair,6705472092,Male,Widowed,555891,Middle,Real Estate Agent,Medium,33,Hindi,RGN015
CUST006290,Kavya Tiwari,94652XXXXX,Male,Divorced,1364001,Upper-Middle,Real Estate Agent,Medium,37,Hindi,RGN049
CUST006291,Ramesh Balaji,9189166807,Female,Married,2084585,High,Business Owner,Medium,33,Hindi,RGN047
CUST006292,Rajesh Deshpande,7100179776,Male,Married,1790188,Upper-Middle,Software Engineer,Low,47,Hindi,RGN036
CUST006293,Isha Shah,9002200364,Male,Married,134793,Low,Farmer,Medium,51,Hindi,RGN034
CUST006294,Sandeep Bose,7382235522,Male,Single,2593812,High,Doctor,Low,41,Oriya,RGN032
CUST006295,Vishal Rajan,6941245621,Female,Married,311110,Middle,Front Desk Executive,Low,33,Telugu,RGN017
CUST006296,Siddharth Chaudhary,7025409411,Female,Single,191959,Low,Front Desk Executive,Low,37,Hindi,RGN049
CUST006297,Priya Bose,7965452551,Male,Married,2715906,High,Business Owner,Medium,38,Hindi,RGN029
CUST006298,Tanvi Deshpande,9656983649,Female,Married,152416,Low,Front Desk Executive,Low,28,Hindi,RGN026
CUST006299,Divya Rao,8092628975,Female,Divorced,2089465,High,Software Engineer,Low,44,Hindi,RGN013
CUST006300,Aditya Gowda,9203143061,Male,Divorced,1508245,Upper-Middle,Software Engineer,Low,43,Hindi,RGN047
CUST006301,Gaurav More,8328858994,Male,Single,1333571,Upper-Middle,Software Engineer,Low,56,Hindi,RGN045
CUST006302,Ananya Das,9099069981,Male,Single,216932,Low,Driver,High,53,Hindi,RGN008
CUST006303,Aryan Jadhav,7371044907,Male,Single,1715398,Upper-Middle,Software Engineer,Low,29,Hindi,RGN004
CUST006304,Ravi Iyer,6136468906,Female,Married,214647,Low,Teacher,Low,47,Hindi,RGN010
CUST006305,Ananya Desai,9858039127,Female,Married,1761591,Upper-Middle,Business Owner,Medium,26,Hindi,RGN050
CUST006306,Kavya Subramanian,9905387518,Male,Married,363403,Middle,Teacher,Low,46,Hindi,RGN016
CUST006307,Isha Hegde,8342970397,Female,Married,2583014,High,Business Owner,Medium,31,Hindi,RGN015
CUST006308,Prakash Balaji,9338004143,Female,Married,1383595,Upper-Middle,Real Estate Agent,Medium,25,Hindi,RGN035
CUST006309,Kunal Gowda,7694410423,Female,Widowed,214534,Low,Driver,High,41,Telugu,RGN017
CUST006310,Rekha Dubey,7008658623,Male,Married,935862,Upper-Middle,Software Engineer,Low,18,Hindi,RGN050
CUST006311,Gaurav Verma,7487819342,Male,Single,2654103,High,Software Engineer,Low,18,Hindi,RGN025
CUST006312,Rahul Naik,6147467573,Male,Married,1709631,Upper-Middle,Software Engineer,Low,35,Oriya,RGN032
CUST006313,Deepak Kulkarni,7514156173,Female,Married,992326,Upper-Middle,Software Engineer,Low,38,Hindi,RGN026
CUST006314,Tanvi Deshpande,6243219792,Female,Married,385489,Middle,Real Estate Agent,Medium,33,Hindi,RGN026
CUST006315,Vinod Malhotra,8761740353,Female,Divorced,3875953,High,Doctor,Low,19,Hindi,RGN015
CUST006316,Geeta Mishra,6056841727,Female,Married,984120,Upper-Middle,Software Engineer,Low,28,Hindi,RGN014
CUST006317,Rajesh Agarwal,7406975413,Male,Married,2262108,High,Business Owner,Medium,42,Oriya,RGN031
CUST006318,Rahul Gupta,7630150892,Female,Widowed,1352511,Upper-Middle,Software Engineer,Low,44,Hindi,RGN041
CUST006319,Pooja Bose,7983092213,Female,Divorced,698022,Middle,Software Engineer,Low,37,Telugu,RGN018
CUST006320,Karan Nair,7704503860,Male,Divorced,2281428,High,Business Owner,Medium,51,Hindi,RGN047
CUST006321,Sunita Reddy,9294306287,Male,Single,2367553,High,Business Owner,Medium,42,Hindi,RGN016
CUST006322,Rahul Shah,7451295197,Female,Married,305206,Middle,Driver,High,29,Hindi,RGN043
CUST006323,Meera Rao,7855867931,Male,Married,175327,Low,Hardware Technician,Medium,34,Hindi,RGN004
CUST006324,Nikhil Shetty,9027863487,Male,Married,782451,Middle,Software Engineer,Low,21,Hindi,RGN006
CUST006325,Kavya Kumar,9561280695,Female,Married,2351482,High,Software Engineer,Low,36,Hindi,RGN027
CUST006326,Sunil Shah,8211095316,Male,Divorced,657518,Middle,Teacher,Low,51,Hindi,RGN005
CUST006327,Geeta Agarwal,6566785971,Male,Single,399939,Middle,Business Owner,Medium,46,Hindi,RGN028
CUST006328,Kunal Chakraborty,7411292881,Female,Married,230932,Low,Driver,High,54,Hindi,RGN007
CUST006329,Sneha Shetty,6423852479,Male,Married,137419,Low,Front Desk Executive,Low,34,Hindi,RGN048
CUST006330,Priya Agarwal,9554508554,Male,Divorced,499228,Middle,Teacher,Low,54,Hindi,RGN037
CUST006331,Varun Kapoor,8980690439,Female,Married,179321,Low,Farmer,Medium,35,Hindi,RGN014
CUST006332,Vishal Rao,9888999498,Male,Married,324113,Middle,Real Estate Agent,Medium,55,Hindi,RGN026
CUST006333,Aryan Krishnan,8406026909,Male,Single,322877,Middle,Teacher,Low,37,Telugu,RGN020
CUST006334,Sneha Naik,8940521989,Female,Single,1975553,Upper-Middle,Doctor,Low,46,Hindi,RGN046
CUST006335,Vinod Nair,6207773088,Male,Single,1909537,Upper-Middle,Business Owner,Medium,55,Hindi,RGN042
CUST006336,Anil Joshi,6530293336,Male,Single,145932,Low,Hardware Technician,Medium,35,Hindi,RGN014
CUST006337,Shruti Menon,9705297925,Male,Widowed,2461742,High,Software Engineer,Low,40,Hindi,RGN005
CUST006338,Priya Pillai,7841279132,Female,Married,469126,Middle,Teacher,Low,53,Tamil,RGN023
CUST006339,Varun Shetty,8332588840,Male,Married,154129,Low,Driver,High,36,Hindi,RGN028
CUST006340,Pooja Verma,8162742212,Female,Single,1194317,Upper-Middle,Software Engineer,Low,22,Hindi,RGN046
CUST006341,Sunil Verma,6154448502,Male,Married,3204800,High,Doctor,Low,63,Hindi,RGN007
CUST006342,Rekha Chakraborty,8610168107,Female,Married,2263865,High,Software Engineer,Low,32,Hindi,RGN039
CUST006343,Sarika Sharma,6377973095,Female,Single,69357,Low,Farmer,Medium,39,Hindi,RGN046
CUST006344,Sneha Saxena,6460737204,Female,Divorced,1028442,Upper-Middle,Software Engineer,Low,51,Hindi,RGN028
CUST006345,Shweta Saxena,6324044012,Male,Single,188397,Low,Farmer,Medium,30,Hindi,RGN037
CUST006346,Ravi Singh,6785634361,Male,Married,117054,Low,Hardware Technician,Medium,25,Hindi,RGN008
CUST006347,Arjun Chaudhary,8550129043,Male,Married,2051650,High,Software Engineer,Low,41,Hindi,RGN025
CUST006348,Aryan Dubey,6286866775,Female,Married,192498,Low,Teacher,Low,18,Hindi,RGN014
CUST006349,Bhavna Shetty,9469836332,Male,Married,1944819,Upper-Middle,Software Engineer,Low,34,Hindi,RGN037
CUST006350,Rajesh Rao,6948168531,Male,Married,519979,Middle,Software Engineer,Low,40,Hindi,RGN026
CUST006351,Aarav Shetty,6870146187,Female,Divorced,375382,Middle,Software Engineer,Low,34,Hindi,RGN042
CUST006352,Lakshmi Reddy,62739XXXXX,Female,Widowed,592408,Middle,Teacher,Low,19,Hindi,RGN007
CUST006353,Deepa Gupta,7146425088,Male,Single,561202,Middle,Software Engineer,Low,57,Kannada,RGN022
CUST006354,Rahul Patel,7324396964,Male,Married,635616,Middle,Teacher,Low,39,Hindi,RGN035
CUST006355,Shruti Chaudhary,9732372492,Female,Married,2874157,High,Software Engineer,Low,55,Oriya,RGN031
CUST006356,Sunita Chakraborty,7133240618,Male,Single,1602366,Upper-Middle,Business Owner,Medium,34,Hindi,RGN012
CUST006357,Vikram Singh,9946056927,Female,Married,4999959,High,Doctor,Low,27,Hindi,RGN001
CUST006358,Suresh Nair,8505695826,Male,Married,327444,Middle,Front Desk Executive,Low,41,Hindi,RGN025
CUST006359,Akash Chakraborty,6691343812,Male,Single,167755,Low,Farmer,Medium,35,Hindi,RGN010
CUST006360,Sneha Menon,8802562197,Female,Married,2440911,High,Pilot,High,23,Hindi,RGN038
CUST006361,Anil Venkatesh,8760440424,Female,Married,2684923,High,Software Engineer,Low,55,Hindi,RGN047
CUST006362,Rajesh Jadhav,6426562616,Female,Married,203374,Low,Hardware Technician,Medium,30,Hindi,RGN016
CUST006363,Siddharth Pillai,6464300724,Female,Widowed,1526818,Upper-Middle,Pilot,High,18,Tamil,RGN023
CUST006364,Tanvi Mishra,9660531397,Female,Single,318639,Middle,Teacher,Low,53,Hindi,RGN033
CUST006365,Rahul Krishnan,7747669377,Male,Divorced,1452021,Upper-Middle,Software Engineer,Low,31,Hindi,RGN028
CUST006366,Kunal Gupta,6697820993,Female,Married,58990,Low,Farmer,Medium,30,Hindi,RGN038
CUST006367,Yash More,7876128261,Female,Divorced,1524115,Upper-Middle,Doctor,Low,18,Hindi,RGN004
CUST006368,Varun Verma,7499877999,Male,Married,1700151,Upper-Middle,Business Owner,Medium,58,Hindi,RGN038
CUST006369,Isha Rao,8819406812,Female,Married,199845,Low,Farmer,Medium,22,Hindi,RGN029
CUST006370,Mohit Reddy,9561040867,Female,Widowed,809916,Upper-Middle,Business Owner,Medium,38,Hindi,RGN044
CUST006371,Divya Agarwal,7258684810,Female,Married,2242806,High,Doctor,Low,48,Telugu,RGN017
CUST006372,Vinod Rajan,9247165693,Female,Single,859335,Upper-Middle,Software Engineer,Low,43,Tamil,RGN024
CUST006373,Nandini Rajan,9512054152,Female,Single,143130,Low,Driver,High,37,Hindi,RGN016
CUST006374,Nikhil Singh,6786477016,Male,Single,3078690,High,Business Owner,Medium,18,Hindi,RGN011
CUST006375,Kunal Tiwari,9202336270,Female,Single,211402,Low,Teacher,Low,28,Tamil,RGN024
CUST006376,Vishal Das,9538137895,Male,Widowed,2294589,High,Doctor,Low,40,Hindi,RGN011
CUST006377,Ravi Deshpande,9235435129,Male,Divorced,2717237,High,Software Engineer,Low,28,Hindi,RGN005
CUST006378,Uday Krishnan,6458963859,Female,Married,495960,Middle,Software Engineer,Low,40,Hindi,RGN042
CUST006379,Kritika Chaudhary,8240500451,Female,Divorced,195115,Low,Farmer,Medium,46,Hindi,RGN015
CUST006380,Sarika Pandey,6666058809,Male,Widowed,224440,Low,Front Desk Executive,Low,49,Hindi,RGN013
CUST006381,Arjun Pandey,8924398158,Male,Married,246416,Low,Hardware Technician,Medium,23,Hindi,RGN025
CUST006382,Ravi Pillai,7225702116,Female,Married,622067,Middle,Teacher,Low,64,Telugu,RGN019
CUST006383,Shruti Srivastava,9602892814,Male,Widowed,1070022,Upper-Middle,Business Owner,Medium,47,Kannada,RGN022
CUST006384,Sapna Bose,9569178154,Female,Single,238078,Low,Front Desk Executive,Low,37,Hindi,RGN007
CUST006385,Poonam Pandey,7611538336,Male,Married,1624687,Upper-Middle,Doctor,Low,51,Hindi,RGN048
CUST006386,Vikram Jadhav,9449347430,Male,Married,1476521,Upper-Middle,Business Owner,Medium,65,Hindi,RGN006
CUST006387,Harsha Tripathi,7426784566,Female,Married,465625,Middle,Teacher,Low,20,Hindi,RGN035
CUST006388,Varun Pandey,6155681609,Female,Married,72545,Low,Farmer,Medium,35,Hindi,RGN010
CUST006389,Pooja Mehta,9405787660,Male,Divorced,930313,Upper-Middle,Software Engineer,Low,18,Hindi,RGN050
CUST006390,Poonam Gupta,6782961473,Female,Single,207313,Low,Front Desk Executive,Low,40,Hindi,RGN037
CUST006391,Sapna Menon,6748027972,Male,Divorced,825916,Upper-Middle,Real Estate Agent,Medium,42,Hindi,RGN011
CUST006392,Sunita Kapoor,9301996994,Male,Widowed,113273,Low,Farmer,Medium,37,Telugu,RGN017
CUST006393,Aarav Srivastava,9521745658,Male,Divorced,4373953,High,Doctor,Low,30,Hindi,RGN045
CUST006394,Sapna Singh,8386844380,Male,Married,108257,Low,Hardware Technician,Medium,18,Hindi,RGN050
CUST006395,Kritika Kumar,9841457955,Female,Married,3586493,High,Business Owner,Medium,42,Hindi,RGN001
CUST006396,Varun Deshpande,9381567997,Male,Married,644689,Middle,Teacher,Low,55,Hindi,RGN029
CUST006397,Sanjay Srivastava,7815613023,Male,Married,192576,Low,Farmer,Medium,30,Hindi,RGN047
CUST006398,Yash Tripathi,7763916949,Female,Married,265043,Low,Front Desk Executive,Low,43,Hindi,RGN011
CUST006399,Aditi Krishnan,9397687659,Male,Single,239062,Low,Teacher,Low,19,Hindi,RGN048
CUST006400,Sandeep Chaudhary,9471817534,Male,Divorced,510975,Middle,Teacher,Low,43,Hindi,RGN043
CUST006401,Sapna Pandey,6961997511,Female,Divorced,1381243,Upper-Middle,Business Owner,Medium,33,Kannada,RGN021
CUST006402,Pradeep Jadhav,9563440602,Female,Married,357595,Middle,Driver,High,28,Oriya,RGN031
CUST006403,Ramesh Mishra,6091626969,Female,Married,1323178,Upper-Middle,Business Owner,Medium,28,Hindi,RGN002
CUST006404,Aarav Rajan,9727833226,Female,Single,2490940,High,Software Engineer,Low,33,Hindi,RGN013
CUST006405,Vinod Verma,7731968243,Male,Married,105472,Low,Farmer,Medium,42,Hindi,RGN038
CUST006406,Isha Malhotra,9981200678,Male,Married,600243,Middle,Real Estate Agent,Medium,22,Hindi,RGN011
CUST006407,Neha Das,9267156914,Female,Widowed,2351045,High,Doctor,Low,33,Hindi,RGN035
CUST006408,Sarika Das,9012983945,Male,Married,762302,Middle,Software Engineer,Low,37,Hindi,RGN016
CUST006409,Suresh Gowda,81646XXXXX,Male,Single,1058730,Upper-Middle,Software Engineer,Low,24,Hindi,RGN038
CUST006410,Lakshmi Gowda,6665285300,Male,Divorced,187345,Low,Teacher,Low,59,Hindi,RGN048
CUST006411,Rajesh Deshpande,8557868592,Male,Married,146324,Low,Driver,High,27,Oriya,RGN032
CUST006412,Siddharth Patil,7220065977,Male,Divorced,1385477,Upper-Middle,Software Engineer,Low,29,Hindi,RGN003
CUST006413,Meera Rao,8144201803,Male,Married,302769,Middle,Driver,High,26,Hindi,RGN009
CUST006414,Vishal Kapoor,8206872170,Female,Married,1163587,Upper-Middle,Software Engineer,Low,59,Telugu,RGN020
CUST006415,Yash Joshi,8668708179,Female,Married,1217879,Upper-Middle,Business Owner,Medium,44,Telugu,RGN017
CUST006416,Sarika Krishnan,9211671230,Female,Married,1694607,Upper-Middle,Software Engineer,Low,26,Hindi,RGN011
CUST006417,Shweta Kulkarni,8658365998,Female,Married,1029295,Upper-Middle,Software Engineer,Low,51,Hindi,RGN004
CUST006418,Nandini Reddy,6166581366,Female,Married,3082765,High,Doctor,Low,40,Hindi,RGN041
CUST006419,Aryan Balaji,7220861021,Male,Single,495253,Middle,Business Owner,Medium,41,Oriya,RGN032
CUST006420,Sandeep Kumar,7050963994,Male,Married,395733,Middle,Hardware Technician,Medium,33,Hindi,RGN029
CUST006421,Priya Tripathi,9834881460,Other,Married,184216,Low,Driver,High,29,Hindi,RGN003
CUST006422,Kritika Dubey,7474079434,Female,Single,1449421,Upper-Middle,Software Engineer,Low,42,Hindi,RGN002
CUST006423,Arjun Nair,8417566619,Male,Married,1225161,Upper-Middle,Software Engineer,Low,31,Hindi,RGN042
CUST006424,Kunal Mehta,9213239295,Female,Divorced,746661,Middle,Software Engineer,Low,59,Hindi,RGN006
CUST006425,Bhavna Das,6197610321,Female,Married,2917749,High,Business Owner,Medium,22,Telugu,RGN019
CUST006426,Poonam Shah,9580872670,Male,Married,191118,Low,Farmer,Medium,56,Hindi,RGN045
CUST006427,Swati Joshi,8119388309,Female,Married,430580,Middle,Real Estate Agent,Medium,36,Oriya,RGN032
CUST006428,Akash Reddy,6458167291,Male,Married,1871245,Upper-Middle,Software Engineer,Low,41,Hindi,RGN047
CUST006429,Sunil Gupta,7042018590,Male,Married,307000,Middle,Real Estate Agent,Medium,47,Hindi,RGN042
CUST006430,Varun Kumar,8273118765,Male,Married,3293107,High,Business Owner,Medium,30,Oriya,RGN031
CUST006431,Karan Verma,9722412865,Female,Married,152373,Low,Driver,High,48,Hindi,RGN028
CUST006432,Poonam Tiwari,6384101959,Male,Married,933429,Upper-Middle,Software Engineer,Low,18,Hindi,RGN014
CUST006433,Sunita Tripathi,7224924440,Male,Married,1177391,Upper-Middle,Software Engineer,Low,29,Hindi,RGN042
CUST006434,Rohit Dubey,96159XXXXX,Male,Married,404900,Middle,Software Engineer,Low,26,Hindi,RGN044
CUST006435,Vikram Balaji,9648618382,Male,Married,238154,Low,Teacher,Low,22,Hindi,RGN002
CUST006436,Sarika Tripathi,8591432117,Male,Married,529314,Middle,Software Engineer,Low,35,Hindi,RGN048
CUST006437,Kritika Kumar,7456051820,Female,Married,1071016,Upper-Middle,Software Engineer,Low,42,Hindi,RGN010
CUST006438,Sneha Rajan,6861780871,Female,Widowed,2156278,High,Business Owner,Medium,46,Telugu,RGN020
CUST006439,Lakshmi Joshi,7538473242,Female,Married,1221184,Upper-Middle,Software Engineer,Low,40,Hindi,RGN012
CUST006440,Kavya Subramanian,6570365959,Male,Married,2809748,High,Software Engineer,Low,30,Hindi,RGN005
CUST006441,Zara Joshi,7570727929,Male,Married,221119,Low,Driver,High,42,Hindi,RGN044
CUST006442,Priya Rajan,6469981172,Male,Divorced,726690,Middle,Software Engineer,Low,39,Hindi,RGN026
CUST006443,Divya Rajan,6370261671,Male,Married,1677768,Upper-Middle,Software Engineer,Low,49,Telugu,RGN020
CUST006444,Sarika Shah,9727022410,Female,Single,138362,Low,Farmer,Medium,47,Tamil,RGN024
CUST006445,Shruti Kulkarni,7621083083,Male,Single,400567,Middle,Software Engineer,Low,38,Hindi,RGN040
CUST006446,Manoj Mishra,7091431938,Male,Married,398075,Middle,Teacher,Low,27,Hindi,RGN035
CUST006447,Meera Srivastava,8153118923,Female,Married,3832767,High,Business Owner,Medium,30,Hindi,RGN043
CUST006448,Sandeep Singh,6731397298,Male,Divorced,2006978,High,Software Engineer,Low,31,Hindi,RGN045
CUST006449,Ramesh Balaji,9287713042,Male,Married,1727389,Upper-Middle,Software Engineer,Low,34,Hindi,RGN049
CUST006450,Harsha Tiwari,7876809007,Male,Single,164543,Low,Driver,High,41,Hindi,RGN016
CUST006451,Vijay Singh,9964277097,Male,Married,1028691,Upper-Middle,Business Owner,Medium,46,Hindi,RGN040
CUST006452,Vishal Tripathi,8253991385,Male,Single,758190,Middle,Doctor,Low,37,Hindi,RGN016
CUST006453,Deepa Reddy,8131744851,Female,Single,671119,Middle,Software Engineer,Low,38,Hindi,RGN001
CUST006454,Sanjay Pillai,8442334402,Male,Single,57121,Low,Farmer,Medium,39,Hindi,RGN030
CUST006455,Varun Tripathi,8885510889,Male,Divorced,1501202,Upper-Middle,Doctor,Low,31,Hindi,RGN049
CUST006456,Sandeep Reddy,8611998996,Female,Married,767653,Middle,Software Engineer,Low,26,Hindi,RGN008
CUST006457,Sandeep Das,7159964608,Male,Married,891495,Upper-Middle,Software Engineer,Low,18,Hindi,RGN044
CUST006458,Suresh Das,9254777538,Female,Married,1269987,Upper-Middle,Doctor,Low,29,Hindi,RGN026
CUST006459,Shweta Desai,6768353247,Male,Married,699820,Middle,Software Engineer,Low,43,Hindi,RGN028
CUST006460,Aditya Mishra,6101621989,Male,Married,183565,Low,Front Desk Executive,Low,29,Hindi,RGN038
CUST006461,Ramesh Rajan,9446931681,Female,Married,460644,Middle,Teacher,Low,35,Telugu,RGN017
CUST006462,Bhavna Dubey,8164919070,Female,Single,159675,Low,Driver,High,43,Hindi,RGN012
CUST006463,Bhavna Subramanian,8451964923,Female,Married,922156,Upper-Middle,Software Engineer,Low,44,Hindi,RGN006
CUST006464,Arjun Verma,,Male,Married,2621436,High,Software Engineer,Low,25,Hindi,RGN047
CUST006465,Kunal Gupta,8252467193,Female,Married,311172,Middle,Teacher,Low,49,Hindi,RGN012
CUST006466,Rekha Tiwari,6647390875,Female,Married,1009527,Upper-Middle,Business Owner,Medium,51,Hindi,RGN048
CUST006467,Varun Nair,7589832435,Male,Married,2194096,High,Doctor,Low,24,Hindi,RGN040
CUST006468,Amrita Bose,8133316954,Male,Divorced,381325,Middle,Software Engineer,Low,28,Hindi,RGN046
CUST006469,Vikram Rajan,7232469355,Male,Married,622105,Middle,Teacher,Low,52,Hindi,RGN003
CUST006470,Sarika Sharma,6697883777,Male,Married,821871,Upper-Middle,Software Engineer,Low,36,Hindi,RGN034
CUST006471,Bhavna Gowda,7043971888,Female,Married,462088,Middle,Software Engineer,Low,18,Hindi,RGN042
CUST006472,Vikram Pandey,8271696564,Male,Married,209890,Low,Driver,High,21,Hindi,RGN014
CUST006473,Sanjay Kumar,8539284034,Male,Married,262111,Low,Hardware Technician,Medium,35,Hindi,RGN050
CUST006474,Deepak Venkatesh,96964XXXXX,Male,Married,2378953,High,Business Owner,Medium,24,Hindi,RGN014
CUST006475,Kavya Rao,9899425328,Male,Married,732104,Middle,Software Engineer,Low,33,Hindi,RGN036
CUST006476,Lakshmi Saxena,7693080118,Female,Married,896708,Upper-Middle,Software Engineer,Low,38,Hindi,RGN002
CUST006477,Pooja Dubey,9213983020,Male,Married,1120185,Upper-Middle,Business Owner,Medium,55,Hindi,RGN007
CUST006478,Anjali Hegde,6565723861,Female,Married,740595,Middle,Business Owner,Medium,34,Telugu,RGN017
CUST006479,Shruti Subramanian,9018619136,Male,Married,4571593,High,Doctor,Low,50,Tamil,RGN023
CUST006480,Ravi Balaji,8069580518,Male,Widowed,802827,Upper-Middle,Real Estate Agent,Medium,55,Telugu,RGN020
CUST006481,Sunita Sharma,8047735031,Female,Single,195447,Low,Teacher,Low,55,Hindi,RGN016
CUST006482,Deepak Chaudhary,8974163228,Male,Divorced,83671,Low,Farmer,Medium,41,Telugu,RGN020
CUST006483,Aditi Malhotra,8563366023,Male,Single,260128,Low,Front Desk Executive,Low,18,Hindi,RGN029
CUST006484,Vishal Gowda,8217921182,Male,Married,1501485,Upper-Middle,Software Engineer,Low,43,Hindi,RGN040
CUST006485,Sarika Naik,6305102719,Male,Married,112027,Low,Driver,High,50,Hindi,RGN026
CUST006486,Sunil Desai,6581479605,Female,Married,242601,Low,Hardware Technician,Medium,37,Hindi,RGN005
CUST006487,Anjali Joshi,9233094797,Female,Married,1674048,Upper-Middle,Pilot,High,58,Hindi,RGN046
CUST006488,Nikhil Naik,9885434645,Male,Married,263422,Low,Real Estate Agent,Medium,48,Hindi,RGN038
CUST006489,Vikram Jadhav,7954637333,Female,Married,922016,Upper-Middle,Software Engineer,Low,44,Hindi,RGN016
CUST006490,Swati Nair,6030471662,Male,Widowed,2308726,High,Software Engineer,Low,51,Hindi,RGN001
CUST006491,Vikram Agarwal,7425301281,Female,Divorced,941878,Upper-Middle,Real Estate Agent,Medium,42,Hindi,RGN007
CUST006492,Pradeep Subramanian,8001129520,Male,Married,157166,Low,Farmer,Medium,18,Hindi,RGN012
CUST006493,Pooja Singh,9818741465,Male,Single,267983,Low,Teacher,Low,32,Hindi,RGN026
CUST006494,Geeta Sharma,9637070437,Female,Married,491989,Middle,Business Owner,Medium,52,Hindi,RGN034
CUST006495,Suresh Pandey,7751435355,Female,Divorced,824947,Upper-Middle,Software Engineer,Low,28,Hindi,RGN005
CUST006496,Varun Krishnan,8622284766,Male,Married,664641,Middle,Software Engineer,Low,35,Kannada,RGN022
CUST006497,Harsha Balaji,6097490912,Male,Married,1265231,Upper-Middle,Software Engineer,Low,25,Hindi,RGN005
CUST006498,Sunil Patil,9193581514,Male,Single,1531526,Upper-Middle,Doctor,Low,59,Hindi,RGN048
CUST006499,Prakash Mehta,6859400489,Male,Single,48560,Low,Farmer,Medium,58,Telugu,RGN020
CUST006500,Pradeep Krishnan,9560846954,Male,Married,2505635,High,Software Engineer,Low,27,Hindi,RGN003
CUST006501,Rajesh Pillai,8956977556,Male,Married,545667,Middle,Real Estate Agent,Medium,39,Hindi,RGN006
CUST006502,Ravi Venkatesh,6234001522,Female,Widowed,1055120,Upper-Middle,Software Engineer,Low,29,Kannada,RGN021
CUST006503,Sunil Das,6401507629,Female,Single,145021,Low,Farmer,Medium,45,Oriya,RGN032
CUST006504,Anil Bose,8201217220,Male,Married,280447,Low,Teacher,Low,44,Hindi,RGN015
CUST006505,Ravi Subramanian,8342208241,Male,Single,500668,Middle,Teacher,Low,47,Hindi,RGN011
CUST006506,Anil Rao,8778734137,Female,Married,286051,Low,Real Estate Agent,Medium,41,Telugu,RGN018
CUST006507,Sanjay Venkatesh,7307357136,Female,Married,2669578,High,Software Engineer,Low,65,Hindi,RGN035
CUST006508,Anjali Patil,6877497895,Male,Married,1009506,Upper-Middle,Software Engineer,Low,25,Hindi,RGN001
CUST006509,Nandini Dubey,7525853559,Female,Single,2192863,High,Software Engineer,Low,18,Hindi,RGN025
CUST006510,Swati Deshpande,8154143604,Female,Married,593185,Middle,Teacher,Low,33,Hindi,RGN033
CUST006511,Shruti More,7872430884,Female,Married,1784092,Upper-Middle,Software Engineer,Low,19,Hindi,RGN030
CUST006512,Ananya Tripathi,9064144250,Male,Married,194021,Low,Driver,High,20,Telugu,RGN020
CUST006513,Pooja Das,9933757901,Female,Single,776736,Middle,Software Engineer,Low,25,Hindi,RGN040
CUST006514,Geeta Rajan,8508806395,Female,Married,400656,Middle,Teacher,Low,26,Hindi,RGN016
CUST006515,Santosh More,8545052965,Male,Married,2177450,High,Software Engineer,Low,26,Telugu,RGN017
CUST006516,Akash Deshpande,7704768098,Female,Married,2539354,High,Software Engineer,Low,44,Oriya,RGN031
CUST006517,Bhavna Dubey,8683505183,Female,Married,1119433,Upper-Middle,Software Engineer,Low,31,Kannada,RGN022
CUST006518,Poonam Venkatesh,8402755470,Female,Married,105072,Low,Farmer,Medium,35,Hindi,RGN010
CUST006519,Uday Patel,6429503369,Female,Married,241614,Low,Teacher,Low,48,Hindi,RGN006
CUST006520,Harsha Nair,7683402110,Female,Married,770264,Middle,Real Estate Agent,Medium,28,Hindi,RGN034
CUST006521,Aryan Balaji,8549804606,Male,Single,145039,Low,Farmer,Medium,34,Hindi,RGN050
CUST006522,Prakash Nair,8349309666,Female,Single,196193,Low,Farmer,Medium,42,Telugu,RGN019
CUST006523,Akash Verma,7491660557,Female,Married,2984164,High,Doctor,Low,18,Telugu,RGN019
CUST006524,Kritika Deshpande,9390455436,Male,Single,178459,Low,Farmer,Medium,18,Hindi,RGN038
CUST006525,Swati Patel,7331931210,Male,Married,2913920,High,Business Owner,Medium,42,Hindi,RGN049
CUST006526,Vinod Pillai,6103877380,Male,Single,2559749,High,Business Owner,Medium,43,Telugu,RGN017
CUST006527,Aarav Desai,6778981968,Male,Married,152253,Low,Teacher,Low,62,Telugu,RGN020
CUST006528,Rahul Hegde,9066688433,Male,Single,215087,Low,Driver,High,39,Hindi,RGN007
CUST006529,Uday Das,6650983381,Female,Single,834902,Upper-Middle,Software Engineer,Low,47,Hindi,RGN033
CUST006530,Sapna Chakraborty,7724901405,Male,Married,399101,Middle,Teacher,Low,35,Hindi,RGN034
CUST006531,Sunita Gupta,8393469898,Male,Married,1933367,Upper-Middle,Business Owner,Medium,41,Hindi,RGN014
CUST006532,Harsha Hegde,8738439537,Male,Married,707743,Middle,Software Engineer,Low,58,Hindi,RGN028
CUST006533,Manoj Kapoor,7580153584,Male,Single,368314,Middle,Software Engineer,Low,18,Hindi,RGN004
CUST006534,Sarika Kapoor,9200323020,Female,Single,270447,Low,Farmer,Medium,42,Hindi,RGN011
CUST006535,Vikram Venkatesh,6926860173,Female,Single,599742,Middle,Software Engineer,Low,63,Hindi,RGN006
CUST006536,Pradeep Mishra,8555505181,Male,Single,294050,Low,Hardware Technician,Medium,41,Hindi,RGN038
CUST006537,Kavya Patil,9614266244,Male,Widowed,1666131,Upper-Middle,Software Engineer,Low,57,Hindi,RGN002
CUST006538,Sanjay Kulkarni,7677041108,Male,Widowed,401470,Middle,Teacher,Low,30,Hindi,RGN034
CUST006539,Anil Patil,6026491359,Female,Single,2937108,High,Software Engineer,Low,37,Hindi,RGN003
CUST006540,Pooja Patel,9489564252,Male,Married,2584236,High,Software Engineer,Low,38,Hindi,RGN045
CUST006541,Anil Patil,9531779105,Female,Single,2328334,High,Software Engineer,Low,18,Hindi,RGN045
CUST006542,Pradeep Pillai,7725656337,Female,Married,1049875,Upper-Middle,Doctor,Low,23,Hindi,RGN039
CUST006543,Poonam Rajan,7434889190,Female,Married,1991542,Upper-Middle,Business Owner,Medium,24,Hindi,RGN046
CUST006544,Neha Tripathi,6002420127,Male,Single,923777,Upper-Middle,Software Engineer,Low,47,Hindi,RGN041
CUST006545,Anil Malhotra,9606625957,Male,Single,117065,Low,Hardware Technician,Medium,48,Hindi,RGN006
CUST006546,Siddharth Joshi,9441128484,Female,Married,2288470,High,Business Owner,Medium,41,Hindi,RGN014
CUST006547,Tanvi Rao,7172742194,Male,Single,660786,Middle,Software Engineer,Low,47,Hindi,RGN001
CUST006548,Anil Subramanian,6478913671,Female,Married,572910,Middle,Real Estate Agent,Medium,36,Hindi,RGN046
CUST006549,Arjun Mishra,9168498991,Female,Widowed,355443,Middle,Teacher,Low,52,Hindi,RGN050
CUST006550,Karan Das,7638279414,Male,Married,280879,Low,Teacher,Low,38,Hindi,RGN034
CUST006551,Vikram Verma,8509733309,Female,Divorced,686900,Middle,Teacher,Low,38,Tamil,RGN023
CUST006552,Rekha More,9038242985,Male,Married,186353,Low,Driver,High,34,Hindi,RGN045
CUST006553,Sanjay More,7704973444,Female,Single,2456839,High,Software Engineer,Low,46,Hindi,RGN029
CUST006554,Uday Srivastava,9346474965,Female,Single,1011057,Upper-Middle,Doctor,Low,32,Hindi,RGN008
CUST006555,Deepak Bose,6311015221,Male,Married,249553,Low,Farmer,Medium,49,Hindi,RGN039
CUST006556,Priya Singh,6595881236,Female,Widowed,1969023,Upper-Middle,Software Engineer,Low,24,Hindi,RGN049
CUST006557,Vikram Chaudhary,9608823235,Female,Married,247694,Low,Driver,High,24,Telugu,RGN019
CUST006558,Anjali Tripathi,6139522549,Male,Married,645713,Middle,Teacher,Low,46,Hindi,RGN001
CUST006559,Vinod Saxena,6234435849,Female,Married,1608090,Upper-Middle,Software Engineer,Low,36,Hindi,RGN030
CUST006560,Amrita Chaudhary,6132470730,Female,Married,1084374,Upper-Middle,Software Engineer,Low,32,Tamil,RGN023
CUST006561,Sandeep Singh,6414237574,Male,Married,662062,Middle,Real Estate Agent,Medium,48,Hindi,RGN036
CUST006562,Meera Nair,8451733016,Male,Single,2517172,High,Software Engineer,Low,30,Hindi,RGN033
CUST006563,Vijay Das,8487657815,Male,Married,98912,Low,Farmer,Medium,35,Hindi,RGN029
CUST006564,Sunil Srivastava,6665517286,Female,Widowed,1380823,Upper-Middle,Software Engineer,Low,54,Hindi,RGN036
CUST006565,Aditya Kumar,8213601714,Female,Divorced,578092,Middle,Teacher,Low,56,Hindi,RGN029
CUST006566,Pradeep Jadhav,9222945319,Male,Single,646251,Middle,Business Owner,Medium,56,Hindi,RGN026
CUST006567,Swati Menon,9516441805,Male,Married,364419,Middle,Software Engineer,Low,34,Kannada,RGN022
CUST006568,Mohit Chaudhary,8008538094,Female,Single,1822231,Upper-Middle,Software Engineer,Low,52,Hindi,RGN041
CUST006569,Lakshmi Shah,7079619909,Male,Married,453968,Middle,Teacher,Low,26,Hindi,RGN045
CUST006570,Deepa Jadhav,9989659131,Male,Married,769721,Middle,Software Engineer,Low,27,Hindi,RGN010
CUST006571,Vikram Pandey,9921499010,Male,Married,967954,Upper-Middle,Software Engineer,Low,18,Hindi,RGN030
CUST006572,Zara Verma,8916716567,Male,Widowed,1734769,Upper-Middle,Doctor,Low,58,Hindi,RGN048
CUST006573,Manoj Hegde,6986678851,Male,Married,1121634,Upper-Middle,Software Engineer,Low,27,Hindi,RGN008
CUST006574,Yash Pandey,9820385285,Male,Married,555192,Middle,Real Estate Agent,Medium,36,Hindi,RGN047
CUST006575,Suresh Kulkarni,9940154150,Female,Married,971322,Upper-Middle,Software Engineer,Low,27,Hindi,RGN026
CUST006576,Vishal Agarwal,9898511881,Male,Single,179779,Low,Teacher,Low,46,Hindi,RGN030
CUST006577,Priya Balaji,6678734808,Male,Married,406665,Middle,Business Owner,Medium,33,Hindi,RGN025
CUST006578,Sunil Kapoor,8149667571,Male,Married,286131,Low,Business Owner,Medium,22,Hindi,RGN004
CUST006579,Sandeep Nair,9954023134,Female,Married,127013,Low,Front Desk Executive,Low,43,Telugu,RGN018
CUST006580,Akash Kulkarni,7683969957,Male,Married,214632,Low,Hardware Technician,Medium,20,Hindi,RGN004
CUST006581,Divya Joshi,6395700168,Female,Widowed,4013095,High,Doctor,Low,27,Hindi,RGN039
CUST006582,Nandini Kapoor,8512240238,Male,Married,155283,Low,Front Desk Executive,Low,18,Hindi,RGN016
CUST006583,Kavya Hegde,9893038147,Male,Married,1279125,Upper-Middle,Pilot,High,20,Telugu,RGN020
CUST006584,Shweta Kapoor,9040962629,Male,Single,385874,Middle,Teacher,Low,40,Hindi,RGN002
CUST006585,Aryan Mishra,7259537621,Female,Single,2760018,High,Software Engineer,Low,18,Hindi,RGN001
CUST006586,Poonam Tiwari,6985327272,Male,Married,1238539,Upper-Middle,Business Owner,Medium,20,Hindi,RGN040
CUST006587,Pradeep Balaji,6667549059,Male,Married,260746,Low,Farmer,Medium,37,Hindi,RGN027
CUST006588,Sarika Jadhav,9303753745,Male,Married,321265,Middle,Teacher,Low,31,Hindi,RGN044
CUST006589,Vishal Gupta,6883068294,Female,Married,1551132,Upper-Middle,Software Engineer,Low,61,Hindi,RGN025
CUST006590,Deepak Krishnan,6704967294,Male,Married,935918,Upper-Middle,Software Engineer,Low,60,Hindi,RGN012
CUST006591,Ananya Bose,7791916379,Male,Single,1717965,Upper-Middle,Pilot,High,27,Hindi,RGN034
CUST006592,Deepa Venkatesh,6047202888,Female,Married,169739,Low,Driver,High,44,Hindi,RGN015
CUST006593,Yash Krishnan,7397970877,Female,Married,88775,Low,Farmer,Medium,46,Kannada,RGN022
CUST006594,Yash Saxena,6152424431,Male,Married,653410,Middle,Real Estate Agent,Medium,30,Hindi,RGN048
CUST006595,Nandini Desai,6299321036,Female,Single,924276,Upper-Middle,Business Owner,Medium,20,Hindi,RGN002
CUST006596,Anil Sharma,9400925427,Male,Married,899842,Upper-Middle,Software Engineer,Low,37,Hindi,RGN026
CUST006597,Rohit Agarwal,6983181803,Male,Married,853320,Upper-Middle,Doctor,Low,35,Hindi,RGN029
CUST006598,Harsha Venkatesh,8307148830,Male,Married,2177194,High,Doctor,Low,32,Hindi,RGN013
CUST006599,Vishal Tiwari,8450827598,Female,Married,106567,Low,Farmer,Medium,43,Hindi,RGN007
CUST006600,Pradeep Reddy,9858197488,Female,Married,548050,Middle,Software Engineer,Low,28,Telugu,RGN020
CUST006601,Harsha Srivastava,8674822328,Female,Divorced,1242905,Upper-Middle,Software Engineer,Low,24,Oriya,RGN032
CUST006602,Kritika Shetty,9425046471,Female,Single,1193215,Upper-Middle,Software Engineer,Low,39,Hindi,RGN028
CUST006603,Bhavna Srivastava,9426588406,Female,Married,2543726,High,Doctor,Low,42,Hindi,RGN038
CUST006604,Varun Kulkarni,9124501160,Female,Single,1292199,Upper-Middle,Software Engineer,Low,23,Hindi,RGN007
CUST006605,Poonam Jadhav,6241811607,Female,Widowed,311544,Middle,Front Desk Executive,Low,49,Hindi,RGN037
CUST006606,Varun Krishnan,9210969262,Female,Single,2718895,High,Pilot,High,18,Kannada,RGN021
CUST006607,Vijay Gowda,6684720206,Female,Married,262005,Low,Hardware Technician,Medium,31,Hindi,RGN037
CUST006608,Varun Malhotra,7141092443,Male,Married,2613524,High,Software Engineer,Low,34,Hindi,RGN035
CUST006609,Sunil Mehta,7954056864,Male,Married,1089835,Upper-Middle,Software Engineer,Low,30,Hindi,RGN030
CUST006610,Divya Naik,7961724727,Female,Single,637161,Middle,Software Engineer,Low,31,Telugu,RGN019
CUST006611,Pradeep Balaji,7188970604,Male,Married,117720,Low,Farmer,Medium,60,Hindi,RGN044
CUST006612,Rohit Mehta,8620374457,Female,Married,798916,Middle,Software Engineer,Low,27,Oriya,RGN031
CUST006613,Zara Shetty,6991673421,Female,Married,1614565,Upper-Middle,Doctor,Low,65,Telugu,RGN019
CUST006614,Siddharth Chaudhary,8211407813,Female,Married,2307338,High,Business Owner,Medium,43,Hindi,RGN047
CUST006615,Ravi Shetty,9649290703,Female,Divorced,1774506,Upper-Middle,Software Engineer,Low,39,Hindi,RGN015
CUST006616,Kunal Hegde,7942713424,Female,Married,849029,Upper-Middle,Real Estate Agent,Medium,43,Hindi,RGN016
CUST006617,Sanjay Joshi,9064922257,Female,Widowed,1167499,Upper-Middle,Software Engineer,Low,65,Hindi,RGN040
CUST006618,Sandeep Krishnan,6640048952,Male,Married,1416744,Upper-Middle,Real Estate Agent,Medium,26,Hindi,RGN005
CUST006619,Kavya Rajan,8143456466,Male,Married,856572,Upper-Middle,Software Engineer,Low,24,Hindi,RGN036
CUST006620,Uday Kumar,7971801206,Male,Married,160084,Low,Front Desk Executive,Low,28,Hindi,RGN002
CUST006621,Deepa Gupta,7357599794,Female,Married,572339,Middle,Teacher,Low,38,Hindi,RGN009
CUST006622,Meera Subramanian,95675XXXXX,Male,Single,54690,Low,Farmer,Medium,18,Hindi,RGN016
CUST006623,Nikhil Gupta,9674913481,Female,Married,348355,Middle,Hardware Technician,Medium,38,Hindi,RGN011
CUST006624,Bhavna Deshpande,99403XXXXX,Female,Single,115436,Low,Driver,High,58,Hindi,RGN016
CUST006625,Pooja Das,9453244214,Female,Married,1008246,Upper-Middle,Software Engineer,Low,39,Hindi,RGN046
CUST006626,Vinod Kulkarni,9100498359,Male,Married,2163508,High,Software Engineer,Low,34,Hindi,RGN013
CUST006627,Kavya Gowda,6058198365,Male,Divorced,285206,Low,Teacher,Low,30,Hindi,RGN039
CUST006628,Vijay Hegde,6469059183,Female,Married,1791477,Upper-Middle,Business Owner,Medium,48,Tamil,RGN023
CUST006629,Rahul Nair,9653979005,Male,Married,1688072,Upper-Middle,Doctor,Low,28,Hindi,RGN034
CUST006630,Aditya Pandey,9834108075,Female,Married,2116669,High,Software Engineer,Low,60,Telugu,RGN017
CUST006631,Sanjay Shetty,6950354513,Female,Married,2066706,High,Pilot,High,61,Kannada,RGN021
CUST006632,Bhavna Reddy,9402942208,Male,Married,164754,Low,Farmer,Medium,41,Hindi,RGN015
CUST006633,Manoj Tiwari,8950312155,Female,Divorced,116821,Low,Front Desk Executive,Low,37,Hindi,RGN026
CUST006634,Siddharth Tripathi,8995924197,Female,Married,1069480,Upper-Middle,Doctor,Low,50,Hindi,RGN013
CUST006635,Harsha Mehta,6665536018,Male,Single,2614324,High,Doctor,Low,51,Hindi,RGN027
CUST006636,Anil Singh,6170328032,Female,Divorced,794750,Middle,Real Estate Agent,Medium,28,Hindi,RGN003
CUST006637,Pradeep Tiwari,8383614491,Male,Widowed,1339897,Upper-Middle,Software Engineer,Low,31,Hindi,RGN038
CUST006638,Uday Gowda,9921651481,Female,Single,360891,Middle,Teacher,Low,22,Hindi,RGN049
CUST006639,Vijay Rajan,6146872611,Male,Single,709933,Middle,Software Engineer,Low,42,Oriya,RGN032
CUST006640,Suresh Malhotra,9370215384,Male,Married,143581,Low,Driver,High,45,Hindi,RGN008
CUST006641,Kavya Saxena,8035599673,Male,Married,148514,Low,Front Desk Executive,Low,21,Hindi,RGN030
CUST006642,Aarav Patel,6312131243,Male,Married,1417343,Upper-Middle,Software Engineer,Low,32,Hindi,RGN046
CUST006643,Priya Venkatesh,8666291362,Male,Single,121200,Low,Farmer,Medium,21,Kannada,RGN021
CUST006644,Yash More,65394XXXXX,Male,Married,71940,Low,Farmer,Medium,27,Hindi,RGN036
CUST006645,Shweta Subramanian,8612058498,Female,Married,333214,Middle,Teacher,Low,44,Kannada,RGN022
CUST006646,Geeta Mehta,8475393600,Female,Single,2493694,High,Software Engineer,Low,29,Hindi,RGN005
CUST006647,Varun Tripathi,9481335333,Male,Married,623029,Middle,Real Estate Agent,Medium,34,Telugu,RGN020
CUST006648,Shweta Desai,9941751800,Male,Married,143881,Low,Farmer,Medium,18,Hindi,RGN008
CUST006649,Sandeep Shah,9565825548,Male,Married,353221,Middle,Business Owner,Medium,40,Telugu,RGN020
CUST006650,Rajesh More,7868612358,Male,Single,2642570,High,Software Engineer,Low,37,Hindi,RGN043
CUST006651,Vinod Patil,9905073090,Female,Married,1737084,Upper-Middle,Software Engineer,Low,29,Hindi,RGN049
CUST006652,Deepa Menon,9294856366,Female,Married,408576,Middle,Software Engineer,Low,35,Hindi,RGN040
CUST006653,Rajesh Das,9731396286,Male,Married,84026,Low,Farmer,Medium,40,Hindi,RGN009
CUST006654,Anjali Tripathi,7389754701,Male,Single,411642,Middle,Software Engineer,Low,28,Hindi,RGN050
CUST006655,Rajesh Subramanian,6214359393,Female,Married,231326,Low,Driver,High,20,Hindi,RGN047
CUST006656,Priya Venkatesh,8272828815,Female,Married,1627843,Upper-Middle,Software Engineer,Low,59,Hindi,RGN044
CUST006657,Neha Patil,9596040287,Female,Single,243358,Low,Farmer,Medium,30,Hindi,RGN001
CUST006658,Sunil More,7718605668,Female,Married,1565174,Upper-Middle,Business Owner,Medium,36,Hindi,RGN048
CUST006659,Zara Desai,7578299244,Female,Divorced,1117903,Upper-Middle,Doctor,Low,50,Telugu,RGN020
CUST006660,Siddharth Kulkarni,7350688439,Male,Married,414846,Middle,Teacher,Low,65,Oriya,RGN031
CUST006661,Meera Jadhav,7939606263,Female,Single,579003,Middle,Real Estate Agent,Medium,23,Hindi,RGN034
CUST006662,Rekha Hegde,7391929478,Female,Married,181272,Low,Driver,High,43,Hindi,RGN016
CUST006663,Aarav Patil,9454560318,Male,Married,94514,Low,Farmer,Medium,29,Hindi,RGN012
CUST006664,Tanvi Malhotra,9865927994,Male,Married,565767,Middle,Software Engineer,Low,31,Hindi,RGN028
CUST006665,Pradeep Mehta,6296454827,Male,Single,165543,Low,Driver,High,29,Oriya,RGN031
CUST006666,Sanjay Hegde,9195911994,Other,Married,165457,Low,Driver,High,24,Hindi,RGN025
CUST006667,Shruti Kapoor,6364477291,Male,Single,454596,Middle,Teacher,Low,37,Hindi,RGN025
CUST006668,Rekha Kumar,6884401470,Male,Married,271187,Low,Farmer,Medium,20,Hindi,RGN041
CUST006669,Suresh Verma,7319617258,Female,Single,321588,Middle,Teacher,Low,49,Hindi,RGN029
CUST006670,Priya Malhotra,7844271804,Female,Married,1181345,Upper-Middle,Software Engineer,Low,38,Hindi,RGN012
CUST006671,Pradeep Saxena,8591289951,Female,Widowed,1665960,Upper-Middle,Business Owner,Medium,43,Hindi,RGN029
CUST006672,Pradeep Naik,7174475636,Male,Married,160771,Low,Teacher,Low,32,Hindi,RGN034
CUST006673,Vishal Pillai,8183704702,Female,Married,300422,Middle,Real Estate Agent,Medium,33,Hindi,RGN005
CUST006674,Shruti Mehta,7712506821,Male,Single,1548758,Upper-Middle,Software Engineer,Low,41,Hindi,RGN029
CUST006675,Akash Menon,7035813979,Male,Married,674307,Middle,Business Owner,Medium,24,Hindi,RGN026
CUST006676,Pooja Kapoor,8196245240,Male,Divorced,1698811,Upper-Middle,Business Owner,Medium,33,Hindi,RGN004
CUST006677,Nandini Iyer,8589723591,Female,Divorced,804861,Upper-Middle,Business Owner,Medium,27,Hindi,RGN026
CUST006678,Amrita Das,8522929770,Female,Married,188826,Low,Driver,High,27,Hindi,RGN037
CUST006679,Varun Chakraborty,,Male,Single,565045,Middle,Real Estate Agent,Medium,18,Hindi,RGN010
CUST006680,Suresh Mishra,7205487291,Male,Married,60801,Low,Farmer,Medium,54,Tamil,RGN024
CUST006681,Uday Tripathi,7989673353,Female,Married,538391,Middle,Teacher,Low,29,Hindi,RGN009
CUST006682,Mohit Das,9063230017,Female,Married,1508345,Upper-Middle,Software Engineer,Low,51,Hindi,RGN035
CUST006683,Sandeep Sharma,6955763295,Male,Married,101163,Low,Driver,High,50,Hindi,RGN026
CUST006684,Sandeep Deshpande,6662156748,Male,Single,1580228,Upper-Middle,Doctor,Low,22,Oriya,RGN031
CUST006685,Kavya Dubey,9374703036,Male,Married,185083,Low,Driver,High,24,Hindi,RGN028
CUST006686,Kavya Gowda,9386026871,Male,Married,1245020,Upper-Middle,Software Engineer,Low,65,Hindi,RGN038
CUST006687,Kavya More,9584053188,Female,Divorced,127277,Low,Hardware Technician,Medium,59,Hindi,RGN026
CUST006688,Prakash Das,9585228876,Female,Widowed,118916,Low,Driver,High,37,Hindi,RGN048
CUST006689,Ananya Verma,6727460034,Male,Married,132158,Low,Front Desk Executive,Low,41,Oriya,RGN032
CUST006690,Pooja More,6058828703,Male,Married,139756,Low,Farmer,Medium,30,Hindi,RGN014
CUST006691,Swati Kulkarni,8171994974,Male,Married,692650,Middle,Teacher,Low,43,Tamil,RGN023
CUST006692,Deepak Mehta,8009706440,Male,Married,1278132,Upper-Middle,Software Engineer,Low,29,Hindi,RGN034
CUST006693,Swati Tiwari,9125346115,Male,Married,1585435,Upper-Middle,Software Engineer,Low,18,Hindi,RGN039
CUST006694,Uday Chakraborty,8524027820,Female,Widowed,541349,Middle,Teacher,Low,22,Hindi,RGN015
CUST006695,Sandeep Joshi,6581130839,Female,Married,163474,Low,Farmer,Medium,38,Telugu,RGN017
CUST006696,Isha Chaudhary,8311695152,Male,Single,1183879,Upper-Middle,Doctor,Low,24,Tamil,RGN024
CUST006697,Rajesh Mishra,7345089607,Female,Married,129790,Low,Farmer,Medium,37,Hindi,RGN004
CUST006698,Gaurav Krishnan,6376670806,Female,Married,429101,Middle,Hardware Technician,Medium,25,Telugu,RGN019
CUST006699,Geeta Pillai,6605064051,Male,Married,2149323,High,Software Engineer,Low,28,Hindi,RGN049
CUST006700,Ravi Shetty,6832840144,Female,Divorced,277453,Low,Teacher,Low,48,Hindi,RGN048
CUST006701,Vishal Agarwal,6790438935,Male,Married,671855,Middle,Real Estate Agent,Medium,40,Hindi,RGN025
CUST006702,Sneha More,7173246155,Female,Married,222871,Low,Driver,High,37,Telugu,RGN020
CUST006703,Mohit Malhotra,7241134148,Male,Single,932853,Upper-Middle,Software Engineer,Low,48,Hindi,RGN010
CUST006704,Rajesh Desai,6268926583,Female,Widowed,226107,Low,Driver,High,43,Hindi,RGN037
CUST006705,Vinod Agarwal,8273839688,Female,Single,183697,Low,Front Desk Executive,Low,55,Hindi,RGN043
CUST006706,Karan Menon,8606945684,Female,Married,55507,Low,Farmer,Medium,32,Hindi,RGN040
CUST006707,Aditi Shetty,9093195799,Female,Married,2284611,High,Software Engineer,Low,32,Hindi,RGN005
CUST006708,Anil Tripathi,9591239449,Female,Single,352620,Middle,Real Estate Agent,Medium,22,Hindi,RGN008
CUST006709,Aditya Chaudhary,8930784578,Female,Single,294659,Low,Teacher,Low,32,Hindi,RGN008
CUST006710,Kavya Srivastava,8490230771,Female,Single,758788,Middle,Real Estate Agent,Medium,49,Hindi,RGN036
CUST006711,Sandeep Gowda,8650286011,Female,Married,400231,Middle,Teacher,Low,53,Hindi,RGN040
CUST006712,Uday Joshi,7769108189,Female,Married,3742896,High,Business Owner,Medium,49,Hindi,RGN003
CUST006713,Lakshmi Shetty,6378011047,Male,Married,654529,Middle,Real Estate Agent,Medium,18,Hindi,RGN049
CUST006714,Arjun Singh,6844445325,Female,Single,1957333,Upper-Middle,Software Engineer,Low,50,Kannada,RGN021
CUST006715,Vikram Kulkarni,9721195110,Male,Married,235438,Low,Teacher,Low,18,Hindi,RGN048
CUST006716,Tanvi Subramanian,8526582165,Female,Married,886416,Upper-Middle,Real Estate Agent,Medium,48,Hindi,RGN014
CUST006717,Ananya Nair,8146200088,Male,Married,2498784,High,Software Engineer,Low,33,Hindi,RGN025
CUST006718,Neha Krishnan,9641437722,Male,Single,3341248,High,Business Owner,Medium,46,Hindi,RGN009
CUST006719,Shweta Dubey,7855693149,Male,Married,2922999,High,Software Engineer,Low,22,Hindi,RGN039
CUST006720,Deepak Pillai,7548810732,Female,Married,1481104,Upper-Middle,Software Engineer,Low,52,Hindi,RGN046
CUST006721,Kritika Menon,9619903777,Male,Married,768814,Middle,Business Owner,Medium,20,Hindi,RGN010
CUST006722,Mohit Subramanian,7110253759,Female,Married,1485464,Upper-Middle,Real Estate Agent,Medium,29,Hindi,RGN047
CUST006723,Lakshmi Krishnan,7358515149,Female,Married,278948,Low,Teacher,Low,26,Hindi,RGN001
CUST006724,Ananya Hegde,8007467239,Female,Married,411816,Middle,Hardware Technician,Medium,18,Hindi,RGN005
CUST006725,Santosh Patel,9988118821,Female,Married,1359362,Upper-Middle,Software Engineer,Low,39,Hindi,RGN028
CUST006726,Nandini Kumar,6760595587,Female,Divorced,1435833,Upper-Middle,Software Engineer,Low,59,Hindi,RGN044
CUST006727,Deepak Agarwal,6425377696,Male,Married,824752,Upper-Middle,Software Engineer,Low,65,Hindi,RGN034
CUST006728,Tanvi Patel,9325496607,Female,Widowed,220449,Low,Teacher,Low,39,Hindi,RGN010
CUST006729,Akash Subramanian,6287372380,Male,Married,172261,Low,Front Desk Executive,Low,51,Hindi,RGN038
CUST006730,Gaurav Gupta,8712166296,Male,Single,1384347,Upper-Middle,Software Engineer,Low,40,Hindi,RGN026
CUST006731,Ananya Krishnan,9827342890,Female,Married,206345,Low,Real Estate Agent,Medium,43,Hindi,RGN044
CUST006732,Sunil Kumar,8268544606,Female,Single,518552,Middle,Real Estate Agent,Medium,33,Hindi,RGN028
CUST006733,Siddharth Shetty,88993XXXXX,Male,Married,237579,Low,Teacher,Low,40,Hindi,RGN008
CUST006734,Divya Kumar,7044217953,Female,Married,2629908,High,Doctor,Low,44,Tamil,RGN023
CUST006735,Sapna Venkatesh,8856450446,Female,Married,876657,Upper-Middle,Doctor,Low,31,Hindi,RGN007
CUST006736,Isha Das,7404416316,Female,Married,751272,Middle,Real Estate Agent,Medium,37,Hindi,RGN012
CUST006737,Ramesh Verma,9417000337,Female,Married,326205,Middle,Front Desk Executive,Low,37,Hindi,RGN029
CUST006738,Tanvi Nair,6474212066,Male,Married,381831,Middle,Driver,High,47,Hindi,RGN045
CUST006739,Akash Balaji,6580856902,Male,Single,3297193,High,Business Owner,Medium,25,Hindi,RGN003
CUST006740,Swati Hegde,6594747053,Male,Widowed,594744,Middle,Doctor,Low,37,Hindi,RGN042
CUST006741,Vishal Sharma,7075308772,Female,Married,404200,Middle,Teacher,Low,60,Hindi,RGN033
CUST006742,Pooja Jadhav,7696673495,Male,Divorced,3775764,High,Business Owner,Medium,51,Kannada,RGN021
CUST006743,Zara Rao,9015008585,Male,Single,713113,Middle,Business Owner,Medium,54,Hindi,RGN014
CUST006744,Sunita Gowda,8914651679,Male,Widowed,764664,Middle,Real Estate Agent,Medium,38,Kannada,RGN022
CUST006745,Anil Agarwal,6191871710,Male,Single,249990,Low,Hardware Technician,Medium,41,Kannada,RGN021
CUST006746,Santosh Pandey,9186709683,Female,Single,2946856,High,Business Owner,Medium,50,Hindi,RGN043
CUST006747,Uday Verma,9201648547,Male,Married,220009,Low,Farmer,Medium,56,Hindi,RGN035
CUST006748,Aditi Desai,6332581963,Male,Married,184293,Low,Driver,High,18,Hindi,RGN045
CUST006749,Sunil Iyer,8813004362,Female,Married,2807744,High,Software Engineer,Low,22,Hindi,RGN047
CUST006750,Pradeep Pillai,8691539305,Female,Married,224388,Low,Hardware Technician,Medium,53,Hindi,RGN044
CUST006751,Zara Shetty,6876240466,Male,Single,1108678,Upper-Middle,Software Engineer,Low,34,Hindi,RGN045
CUST006752,Sanjay Srivastava,6010619581,Female,Married,1675278,Upper-Middle,Software Engineer,Low,29,Hindi,RGN035
CUST006753,Neha Shetty,9189329865,Male,Single,723829,Middle,Software Engineer,Low,22,Hindi,RGN013
CUST006754,Akash Reddy,7661450181,Female,Married,326953,Middle,Teacher,Low,31,Hindi,RGN010
CUST006755,Sneha Das,9850374361,Male,Married,1516356,Upper-Middle,Software Engineer,Low,21,Hindi,RGN038
CUST006756,Zara Nair,7514261891,Male,Single,166653,Low,Farmer,Medium,63,Hindi,RGN050
CUST006757,Rekha Sharma,7415212193,Male,Married,1434622,Upper-Middle,Software Engineer,Low,37,Hindi,RGN016
CUST006758,Tanvi Verma,7873006032,Female,Single,480400,Middle,Hardware Technician,Medium,37,Hindi,RGN043
CUST006759,Deepak Singh,9957377564,Female,Divorced,1573973,Upper-Middle,Business Owner,Medium,45,Hindi,RGN048
CUST006760,Aditya Agarwal,6089452072,Male,Single,977046,Upper-Middle,Real Estate Agent,Medium,49,Hindi,RGN007
CUST006761,Anjali Tripathi,8940376494,Female,Married,398505,Middle,Software Engineer,Low,49,Hindi,RGN050
CUST006762,Rohit Shah,6330984552,Male,Single,930114,Upper-Middle,Software Engineer,Low,50,Hindi,RGN042
CUST006763,Zara Bose,7554942285,Female,Divorced,178378,Low,Driver,High,30,Hindi,RGN034
CUST006764,Anil Malhotra,6413632558,Female,Married,1803442,Upper-Middle,Business Owner,Medium,34,Telugu,RGN019
CUST006765,Nandini Agarwal,9133330561,Female,Married,417239,Middle,Teacher,Low,47,Oriya,RGN032
CUST006766,Kritika Das,7111372367,Male,Married,677825,Middle,Software Engineer,Low,31,Hindi,RGN045
CUST006767,Isha Gowda,6821352211,Female,Married,148277,Low,Hardware Technician,Medium,37,Hindi,RGN012
CUST006768,Rajesh Verma,6189098308,Male,Divorced,413028,Middle,Teacher,Low,42,Hindi,RGN002
CUST006769,Priya Singh,99933XXXXX,Male,Single,401373,Middle,Teacher,Low,47,Hindi,RGN008
CUST006770,Vijay Bose,6986020828,Male,Single,5262147,High,Pilot,High,18,Hindi,RGN025
CUST006771,Neha Subramanian,9818143358,Female,Married,1371989,Upper-Middle,Software Engineer,Low,46,Tamil,RGN023
CUST006772,Manoj Kapoor,9283588058,Male,Married,1633894,Upper-Middle,Doctor,Low,35,Oriya,RGN032
CUST006773,Swati Krishnan,9796807687,Male,Single,1090608,Upper-Middle,Software Engineer,Low,46,Hindi,RGN030
CUST006774,Kavya Tripathi,6244644235,Male,Divorced,1419846,Upper-Middle,Software Engineer,Low,47,Hindi,RGN034
CUST006775,Vinod Desai,9484092702,Male,Single,5561710,High,Pilot,High,57,Hindi,RGN029
CUST006776,Lakshmi Krishnan,6754224898,Male,Married,1395627,Upper-Middle,Business Owner,Medium,54,Hindi,RGN038
CUST006777,Sunil More,6147689836,Female,Married,548985,Middle,Software Engineer,Low,54,Hindi,RGN006
CUST006778,Shweta Agarwal,7915965866,Male,Married,145206,Low,Farmer,Medium,55,Hindi,RGN012
CUST006779,Vijay Hegde,6403484545,Female,Married,120330,Low,Front Desk Executive,Low,41,Hindi,RGN016
CUST006780,Priya Singh,7679326334,Male,Married,690649,Middle,Software Engineer,Low,38,Hindi,RGN044
CUST006781,Mohit Bose,8708117596,Female,Married,915628,Upper-Middle,Software Engineer,Low,48,Hindi,RGN038
CUST006782,Bhavna Malhotra,9144665849,Female,Married,801078,Upper-Middle,Business Owner,Medium,46,Hindi,RGN028
CUST006783,Pooja Subramanian,6895710706,Female,Married,169849,Low,Teacher,Low,34,Hindi,RGN026
CUST006784,Bhavna Nair,6140223596,Male,Married,1008087,Upper-Middle,Software Engineer,Low,42,Hindi,RGN046
CUST006785,Siddharth Patel,6658552295,Male,Single,70281,Low,Farmer,Medium,37,Kannada,RGN022
CUST006786,Sarika Saxena,6944360488,Male,Single,156184,Low,Teacher,Low,27,Hindi,RGN008
CUST006787,Uday Dubey,8861817457,Male,Married,286410,Low,Driver,High,53,Hindi,RGN027
CUST006788,Isha Saxena,8768263690,Female,Single,1294691,Upper-Middle,Software Engineer,Low,38,Hindi,RGN034
CUST006789,Varun Gupta,6897303659,Male,Married,70867,Low,Farmer,Medium,62,Hindi,RGN038
CUST006790,Sunita Pandey,6774674334,Male,Married,425447,Middle,Teacher,Low,18,Hindi,RGN033
CUST006791,Divya Tiwari,6970555013,Female,Single,532357,Middle,Real Estate Agent,Medium,31,Hindi,RGN014
CUST006792,Uday Kumar,7343172749,Male,Single,157795,Low,Front Desk Executive,Low,38,Hindi,RGN042
CUST006793,Kavya Pandey,9318853402,Male,Married,116971,Low,Hardware Technician,Medium,51,Hindi,RGN012
CUST006794,Santosh Kulkarni,9101585263,Male,Married,1061298,Upper-Middle,Software Engineer,Low,42,Hindi,RGN013
CUST006795,Lakshmi Deshpande,7310785778,Female,Married,200289,Low,Driver,High,41,Hindi,RGN014
CUST006796,Sanjay Venkatesh,8620542011,Male,Married,1302393,Upper-Middle,Business Owner,Medium,24,Hindi,RGN046
CUST006797,Divya Patel,9682726340,Female,Married,428968,Middle,Software Engineer,Low,24,Telugu,RGN018
CUST006798,Uday Reddy,6881497741,Female,Single,54386,Low,Farmer,Medium,41,Hindi,RGN026
CUST006799,Amrita Mishra,6827151319,Male,Single,1921213,Upper-Middle,Software Engineer,Low,21,Hindi,RGN013
CUST006800,Nandini Desai,8828827634,Male,Single,2492612,High,Software Engineer,Low,31,Hindi,RGN029
CUST006801,Geeta Malhotra,7946357188,Male,Single,514461,Middle,Teacher,Low,44,Hindi,RGN039
CUST006802,Nandini Tiwari,9835473745,Male,Married,3581552,High,Pilot,High,26,Hindi,RGN012
CUST006803,Rajesh Patel,9147274793,Female,Married,1574519,Upper-Middle,Software Engineer,Low,57,Hindi,RGN007
CUST006804,Nikhil Pillai,6980712336,Male,Divorced,1881560,Upper-Middle,Business Owner,Medium,52,Hindi,RGN025
CUST006805,Geeta Malhotra,9812155423,Male,Married,1903884,Upper-Middle,Software Engineer,Low,19,Hindi,RGN033
CUST006806,Sunil Patel,9399770414,Female,Single,118936,Low,Driver,High,26,Hindi,RGN046
CUST006807,Kritika Saxena,8886136432,Male,Single,75538,Low,Farmer,Medium,18,Hindi,RGN042
CUST006808,Vijay Reddy,7590632877,Male,Married,1076208,Upper-Middle,Software Engineer,Low,28,Telugu,RGN018
CUST006809,Kunal Joshi,8548400421,Female,Married,1534021,Upper-Middle,Software Engineer,Low,47,Hindi,RGN012
CUST006810,Zara Deshpande,6997988576,Female,Married,198139,Low,Driver,High,33,Hindi,RGN007
CUST006811,Karan Srivastava,6196667939,Female,Single,364644,Middle,Teacher,Low,43,Hindi,RGN043
CUST006812,Pooja Deshpande,7783607989,Female,Married,336983,Middle,Teacher,Low,19,Hindi,RGN005
CUST006813,Arjun Subramanian,6978920798,Male,Married,2127589,High,Software Engineer,Low,47,Oriya,RGN031
CUST006814,Amrita Mishra,7381013624,Male,Single,1247677,Upper-Middle,Software Engineer,Low,31,Hindi,RGN007
CUST006815,Aarav Saxena,6831952646,Male,Divorced,341988,Middle,Front Desk Executive,Low,38,Hindi,RGN027
CUST006816,Zara Sharma,9445632250,Male,Married,287307,Low,Teacher,Low,36,Hindi,RGN010
CUST006817,Shweta Shetty,8467884880,Female,Married,1713629,Upper-Middle,Doctor,Low,22,Hindi,RGN007
CUST006818,Mohit Jadhav,8954742002,Male,Married,241321,Low,Hardware Technician,Medium,24,Hindi,RGN047
CUST006819,Sarika Chakraborty,7343714243,Male,Married,664346,Middle,Software Engineer,Low,49,Hindi,RGN001
CUST006820,Zara Venkatesh,6137249288,Male,Married,423141,Middle,Software Engineer,Low,42,Tamil,RGN024
CUST006821,Tanvi Krishnan,8096965738,Male,Married,248354,Low,Hardware Technician,Medium,50,Oriya,RGN031
CUST006822,Sapna Dubey,8375122072,Male,Divorced,788132,Middle,Software Engineer,Low,41,Hindi,RGN015
CUST006823,Anjali Das,6598056022,Female,Married,2841136,High,Software Engineer,Low,39,Hindi,RGN033
CUST006824,Aryan Malhotra,7470321337,Male,Divorced,135931,Low,Farmer,Medium,18,Hindi,RGN034
CUST006825,Amrita Rajan,6068409642,Male,Divorced,1374464,Upper-Middle,Software Engineer,Low,34,Telugu,RGN017
CUST006826,Sandeep Joshi,7855507932,Female,Single,127473,Low,Driver,High,37,Hindi,RGN046
CUST006827,Deepak Reddy,6082244913,Male,Married,192264,Low,Farmer,Medium,61,Oriya,RGN031
CUST006828,Kunal Naik,6610855704,Female,Single,173484,Low,Farmer,Medium,46,Telugu,RGN018
CUST006829,Arjun Pandey,6936406415,Female,Single,1584032,Upper-Middle,Business Owner,Medium,56,Hindi,RGN012
CUST006830,Rekha Mishra,6182224132,Female,Married,1238025,Upper-Middle,Software Engineer,Low,45,Hindi,RGN050
CUST006831,Vikram Tiwari,8010232321,Female,Married,60509,Low,Farmer,Medium,29,Hindi,RGN044
CUST006832,Vishal Jadhav,7992858142,Male,Married,593011,Middle,Software Engineer,Low,39,Hindi,RGN030
CUST006833,Siddharth Krishnan,9350221491,Female,Married,242116,Low,Hardware Technician,Medium,40,Hindi,RGN042
CUST006834,Isha Subramanian,9101995321,Male,Married,1650541,Upper-Middle,Software Engineer,Low,26,Hindi,RGN016
CUST006835,Varun Chaudhary,6597842814,Female,Married,2055183,High,Doctor,Low,33,Kannada,RGN021
CUST006836,Prakash Subramanian,7519419979,Female,Married,937472,Upper-Middle,Software Engineer,Low,35,Hindi,RGN038
CUST006837,Vishal Rao,6763019115,Female,Married,512464,Middle,Software Engineer,Low,57,Hindi,RGN010
CUST006838,Rekha Desai,8316701410,Female,Married,241932,Low,Farmer,Medium,18,Hindi,RGN039
CUST006839,Siddharth Naik,8882064562,Male,Married,122018,Low,Driver,High,52,Hindi,RGN034
CUST006840,Swati Gowda,6098327365,Female,Married,193832,Low,Teacher,Low,26,Hindi,RGN010
CUST006841,Ramesh Venkatesh,7939725205,Male,Married,675595,Middle,Real Estate Agent,Medium,21,Kannada,RGN021
CUST006842,Harsha Gowda,9567916712,Male,Single,361017,Middle,Real Estate Agent,Medium,52,Hindi,RGN008
CUST006843,Deepa Kumar,9944013059,Female,Married,2012402,High,Doctor,Low,46,Hindi,RGN010
CUST006844,Deepak Saxena,9253324970,Male,Married,413100,Middle,Hardware Technician,Medium,53,Hindi,RGN035
CUST006845,Sunita Iyer,93068XXXXX,Male,Married,356405,Middle,Hardware Technician,Medium,47,Hindi,RGN027
CUST006846,Amrita Bose,9192022854,Female,Married,99557,Low,Driver,High,62,Hindi,RGN002
CUST006847,Bhavna Desai,6402616684,Male,Married,164299,Low,Front Desk Executive,Low,44,Hindi,RGN030
CUST006848,Uday Hegde,8015622584,Male,Married,438997,Middle,Real Estate Agent,Medium,36,Hindi,RGN014
CUST006849,Vijay Mehta,6906045982,Female,Married,360148,Middle,Real Estate Agent,Medium,42,Hindi,RGN050
CUST006850,Gaurav Jadhav,9814705649,Other,Married,187946,Low,Front Desk Executive,Low,52,Telugu,RGN019
CUST006851,Santosh Saxena,9172912698,Female,Divorced,93645,Low,Driver,High,28,Hindi,RGN002
CUST006852,Varun Patel,6533453384,Female,Married,171858,Low,Front Desk Executive,Low,30,Hindi,RGN048
CUST006853,Vijay Dubey,7092697883,Male,Single,2885743,High,Software Engineer,Low,34,Hindi,RGN027
CUST006854,Kunal Kumar,7102085205,Male,Married,828955,Upper-Middle,Real Estate Agent,Medium,18,Oriya,RGN032
CUST006855,Suresh Krishnan,9459803440,Female,Married,841796,Upper-Middle,Software Engineer,Low,39,Hindi,RGN039
CUST006856,Rohit Tiwari,8856595197,Female,Married,2437098,High,Doctor,Low,18,Telugu,RGN018
CUST006857,Geeta Naik,8395044492,Male,Married,779409,Middle,Doctor,Low,38,Hindi,RGN004
CUST006858,Anjali Tiwari,6954554912,Male,Married,164382,Low,Farmer,Medium,48,Tamil,RGN024
CUST006859,Arjun Sharma,7117949442,Male,Married,1358346,Upper-Middle,Software Engineer,Low,32,Hindi,RGN043
CUST006860,Sanjay Bose,7832995874,Male,Married,678360,Middle,Real Estate Agent,Medium,58,Hindi,RGN028
CUST006861,Tanvi Reddy,7796304955,Female,Married,195944,Low,Real Estate Agent,Medium,20,Hindi,RGN010
CUST006862,Shweta Chakraborty,6947864163,Female,Married,2343995,High,Software Engineer,Low,52,Hindi,RGN003
CUST006863,Sunil Venkatesh,,Male,Married,196983,Low,Front Desk Executive,Low,46,Hindi,RGN040
CUST006864,Sapna Tripathi,6189462311,Female,Married,1667216,Upper-Middle,Software Engineer,Low,18,Hindi,RGN049
CUST006865,Prakash Mishra,9655636300,Female,Single,153946,Low,Front Desk Executive,Low,65,Telugu,RGN020
CUST006866,Anjali Shetty,8335901564,Female,Single,60764,Low,Farmer,Medium,37,Hindi,RGN030
CUST006867,Rahul Kulkarni,6755694146,Female,Married,260886,Low,Farmer,Medium,27,Tamil,RGN023
CUST006868,Amrita Rajan,9359283962,Male,Married,2490135,High,Doctor,Low,21,Hindi,RGN010
CUST006869,Poonam Joshi,8774161656,Female,Married,319521,Middle,Driver,High,35,Hindi,RGN047
CUST006870,Pooja Chaudhary,9576406336,Male,Single,1178149,Upper-Middle,Software Engineer,Low,36,Tamil,RGN023
CUST006871,Divya Singh,8586171106,Male,Married,2435783,High,Software Engineer,Low,39,Hindi,RGN035
CUST006872,Poonam Mehta,9796939249,Other,Divorced,727873,Middle,Real Estate Agent,Medium,34,Hindi,RGN048
CUST006873,Ananya Singh,9234436928,Male,Married,2361673,High,Software Engineer,Low,45,Hindi,RGN035
CUST006874,Rahul Jadhav,8156283794,Female,Married,2764857,High,Doctor,Low,33,Hindi,RGN048
CUST006875,Vishal Shah,9741733360,Male,Divorced,1970595,Upper-Middle,Software Engineer,Low,18,Oriya,RGN031
CUST006876,Divya Menon,6078676053,Male,Married,1971705,Upper-Middle,Software Engineer,Low,36,Hindi,RGN039
CUST006877,Lakshmi Joshi,8503581654,Male,Married,445383,Middle,Teacher,Low,18,Hindi,RGN033
CUST006878,Shruti Bose,6618464876,Male,Single,155965,Low,Driver,High,42,Kannada,RGN021
CUST006879,Nandini Dubey,6857646036,Female,Divorced,2054451,High,Business Owner,Medium,26,Kannada,RGN022
CUST006880,Akash Gupta,7242866227,Male,Married,1653914,Upper-Middle,Software Engineer,Low,39,Hindi,RGN001
CUST006881,Siddharth Jadhav,6921736656,Female,Widowed,1380096,Upper-Middle,Real Estate Agent,Medium,53,Oriya,RGN031
CUST006882,Sapna Desai,9739060727,Female,Married,429535,Middle,Teacher,Low,26,Hindi,RGN007
CUST006883,Suresh Gupta,9236576147,Male,Single,139734,Low,Driver,High,50,Hindi,RGN048
CUST006884,Aryan Dubey,9657164022,Male,Married,2405371,High,Doctor,Low,32,Hindi,RGN002
CUST006885,Sandeep Mishra,9123494572,Male,Married,1140728,Upper-Middle,Real Estate Agent,Medium,59,Hindi,RGN049
CUST006886,Nandini Kumar,8491764826,Male,Married,1494329,Upper-Middle,Doctor,Low,33,Telugu,RGN020
CUST006887,Priya Sharma,6481099578,Female,Single,2911701,High,Software Engineer,Low,27,Hindi,RGN011
CUST006888,Varun Shah,6833807033,Female,Single,1151671,Upper-Middle,Software Engineer,Low,46,Hindi,RGN048
CUST006889,Nandini Sharma,6566705330,Female,Single,1490806,Upper-Middle,Software Engineer,Low,32,Hindi,RGN036
CUST006890,Divya Patel,8198386069,Female,Single,1280133,Upper-Middle,Software Engineer,Low,27,Hindi,RGN006
CUST006891,Vishal Pandey,9249895691,Male,Married,307697,Middle,Driver,High,32,Hindi,RGN045
CUST006892,Varun Patel,6030897586,Female,Married,686162,Middle,Software Engineer,Low,37,Oriya,RGN032
CUST006893,Kunal Joshi,7804044161,Male,Married,1557885,Upper-Middle,Software Engineer,Low,54,Kannada,RGN022
CUST006894,Ananya Srivastava,9613063548,Male,Single,174121,Low,Front Desk Executive,Low,18,Hindi,RGN042
CUST006895,Geeta Saxena,8396104808,Female,Married,817228,Upper-Middle,Software Engineer,Low,38,Hindi,RGN047
CUST006896,Aarav Saxena,6574987584,Female,Single,142674,Low,Farmer,Medium,45,Hindi,RGN006
CUST006897,Vijay Naik,6249387138,Male,Married,2515045,High,Software Engineer,Low,40,Telugu,RGN017
CUST006898,Swati Gupta,7793544458,Female,Married,154836,Low,Teacher,Low,53,Hindi,RGN010
CUST006899,Suresh Chakraborty,6573019952,Female,Married,355573,Middle,Hardware Technician,Medium,37,Hindi,RGN007
CUST006900,Uday Reddy,9145782456,Male,Single,367182,Middle,Teacher,Low,35,Hindi,RGN044
CUST006901,Sapna Gupta,9363051281,Male,Single,118507,Low,Front Desk Executive,Low,45,Hindi,RGN006
CUST006902,Akash Venkatesh,9379963173,Female,Married,363009,Middle,Teacher,Low,39,Hindi,RGN030
CUST006903,Sarika Shetty,7385683695,Male,Married,1718194,Upper-Middle,Software Engineer,Low,33,Hindi,RGN016
CUST006904,Vijay Venkatesh,9001503431,Female,Married,282910,Low,Teacher,Low,44,Hindi,RGN010
CUST006905,Suresh Agarwal,9292356213,Male,Married,217527,Low,Hardware Technician,Medium,30,Hindi,RGN038
CUST006906,Poonam Singh,8335712057,Male,Married,655532,Middle,Software Engineer,Low,30,Telugu,RGN019
CUST006907,Kritika Subramanian,8921386068,Female,Married,427519,Middle,Teacher,Low,31,Hindi,RGN049
CUST006908,Suresh Krishnan,7897287024,Female,Single,400597,Middle,Software Engineer,Low,54,Hindi,RGN050
CUST006909,Mohit Dubey,8645310769,Male,Single,637095,Middle,Real Estate Agent,Medium,18,Hindi,RGN008
CUST006910,Kunal Patel,6700960896,Male,Single,216639,Low,Teacher,Low,42,Hindi,RGN042
CUST006911,Uday Balaji,9443593457,Female,Married,277466,Low,Hardware Technician,Medium,38,Hindi,RGN012
CUST006912,Uday Joshi,6615633606,Female,Single,399990,Middle,Teacher,Low,18,Hindi,RGN015
CUST006913,Suresh Gupta,6013231230,Male,Married,1344268,Upper-Middle,Doctor,Low,41,Hindi,RGN012
CUST006914,Ravi Kapoor,7672684730,Male,Married,1745908,Upper-Middle,Business Owner,Medium,43,Hindi,RGN030
CUST006915,Vikram Subramanian,6690350342,Female,Single,1539849,Upper-Middle,Software Engineer,Low,45,Hindi,RGN030
CUST006916,Santosh Chakraborty,6628958042,Male,Divorced,190735,Low,Front Desk Executive,Low,18,Hindi,RGN050
CUST006917,Sarika Iyer,8851168839,Male,Married,3650147,High,Business Owner,Medium,54,Hindi,RGN037
CUST006918,Deepak Gowda,7114367858,Male,Widowed,156982,Low,Driver,High,29,Hindi,RGN033
CUST006919,Arjun Gupta,9334667668,Male,Married,827527,Upper-Middle,Business Owner,Medium,46,Telugu,RGN020
CUST006920,Anjali Shah,7930073703,Male,Divorced,2860220,High,Software Engineer,Low,46,Hindi,RGN039
CUST006921,Akash Srivastava,9746438508,Male,Married,86087,Low,Farmer,Medium,27,Hindi,RGN008
CUST006922,Zara Patel,7570445542,Male,Single,2778094,High,Software Engineer,Low,45,Oriya,RGN031
CUST006923,Aditi Deshpande,7588742109,Female,Widowed,1784470,Upper-Middle,Software Engineer,Low,33,Hindi,RGN029
CUST006924,Akash Das,8380547948,Male,Married,2526266,High,Doctor,Low,18,Hindi,RGN038
CUST006925,Isha Mishra,7018608075,Female,Married,2012350,High,Business Owner,Medium,52,Hindi,RGN006
CUST006926,Nikhil Mehta,7939856760,Female,Married,739727,Middle,Business Owner,Medium,28,Kannada,RGN021
CUST006927,Varun Kapoor,6427098396,Male,Married,321889,Middle,Driver,High,27,Hindi,RGN047
CUST006928,Lakshmi Kulkarni,8489433805,Female,Widowed,380537,Middle,Teacher,Low,33,Hindi,RGN034
CUST006929,Suresh Chaudhary,7634716780,Male,Single,160098,Low,Farmer,Medium,41,Hindi,RGN009
CUST006930,Sanjay Rao,8780544529,Male,Married,968211,Upper-Middle,Business Owner,Medium,37,Hindi,RGN046
CUST006931,Aditi Das,7582491480,Male,Married,1310685,Upper-Middle,Software Engineer,Low,44,Hindi,RGN029
CUST006932,Rahul Mehta,9459218931,Female,Single,2247074,High,Business Owner,Medium,21,Oriya,RGN032
CUST006933,Sapna Kulkarni,6587686946,Female,Married,1934985,Upper-Middle,Business Owner,Medium,29,Hindi,RGN042
CUST006934,Varun Verma,6841657141,Male,Married,1791679,Upper-Middle,Software Engineer,Low,36,Hindi,RGN030
CUST006935,Aditi Tiwari,9874105663,Male,Single,116718,Low,Farmer,Medium,60,Hindi,RGN026
CUST006936,Priya Chaudhary,7624630257,Female,Married,201045,Low,Front Desk Executive,Low,36,Hindi,RGN050
CUST006937,Rekha Malhotra,9535786667,Female,Single,740411,Middle,Software Engineer,Low,51,Hindi,RGN048
CUST006938,Gaurav Saxena,7603211245,Male,Single,284664,Low,Front Desk Executive,Low,38,Oriya,RGN031
CUST006939,Sapna Nair,,Male,Married,320860,Middle,Real Estate Agent,Medium,32,Hindi,RGN036
CUST006940,Kunal Sharma,6851996832,Male,Married,239540,Low,Driver,High,35,Telugu,RGN018
CUST006941,Harsha Deshpande,9628908237,Female,Married,1317400,Upper-Middle,Software Engineer,Low,35,Hindi,RGN040
CUST006942,Pooja Rajan,6059602339,Female,Widowed,232454,Low,Hardware Technician,Medium,45,Hindi,RGN034
CUST006943,Vikram Chakraborty,6473272243,Male,Married,864310,Upper-Middle,Software Engineer,Low,54,Hindi,RGN050
CUST006944,Geeta Pandey,9581162596,Male,Widowed,3041389,High,Doctor,Low,42,Hindi,RGN039
CUST006945,Rajesh Agarwal,9185114777,Female,Single,1017882,Upper-Middle,Software Engineer,Low,52,Hindi,RGN002
CUST006946,Prakash Shetty,6631593809,Female,Married,98883,Low,Driver,High,26,Hindi,RGN040
CUST006947,Vijay Dubey,9278611891,Male,Married,212045,Low,Driver,High,33,Hindi,RGN002
CUST006948,Kunal Rao,7834402608,Male,Married,555547,Middle,Business Owner,Medium,29,Hindi,RGN015
CUST006949,Pradeep Malhotra,7588974354,Male,Married,144547,Low,Farmer,Medium,41,Telugu,RGN020
CUST006950,Aarav More,6858420495,Female,Single,185022,Low,Teacher,Low,33,Oriya,RGN032
CUST006951,Deepak Rajan,8928767567,Female,Married,305109,Middle,Teacher,Low,46,Hindi,RGN040
CUST006952,Amrita Krishnan,8386688145,Female,Single,2386286,High,Software Engineer,Low,26,Hindi,RGN001
CUST006953,Kritika Deshpande,7924133733,Female,Divorced,248454,Low,Teacher,Low,38,Hindi,RGN008
CUST006954,Nandini Joshi,7640819444,Male,Married,685017,Middle,Teacher,Low,46,Hindi,RGN029
CUST006955,Gaurav Gupta,6208427359,Male,Single,540432,Middle,Teacher,Low,18,Hindi,RGN047
CUST006956,Manoj Venkatesh,6921578644,Male,Married,165228,Low,Farmer,Medium,63,Hindi,RGN009
CUST006957,Vikram Tiwari,7961205287,Female,Divorced,253566,Low,Teacher,Low,34,Hindi,RGN027
CUST006958,Pooja Hegde,6019062465,Female,Widowed,807939,Upper-Middle,Software Engineer,Low,18,Hindi,RGN015
CUST006959,Sandeep Dubey,7122562443,Female,Married,539399,Middle,Software Engineer,Low,39,Oriya,RGN032
CUST006960,Amrita Shetty,9629206654,Male,Married,683614,Middle,Software Engineer,Low,38,Hindi,RGN050
CUST006961,Lakshmi Chakraborty,8667037070,Female,Widowed,996293,Upper-Middle,Software Engineer,Low,37,Kannada,RGN022
CUST006962,Sarika Mishra,6095575388,Male,Married,1224393,Upper-Middle,Software Engineer,Low,49,Hindi,RGN027
CUST006963,Aarav Saxena,7578437117,Male,Married,941730,Upper-Middle,Business Owner,Medium,46,Hindi,RGN007
CUST006964,Bhavna Saxena,6856911781,Female,Married,187700,Low,Farmer,Medium,41,Hindi,RGN039
CUST006965,Priya Pandey,9581589186,Female,Married,279165,Low,Driver,High,43,Hindi,RGN049
CUST006966,Anil Pillai,7393784087,Male,Single,191581,Low,Front Desk Executive,Low,36,Hindi,RGN010
CUST006967,Pooja Pillai,6957156210,Male,Married,1547504,Upper-Middle,Software Engineer,Low,59,Hindi,RGN045
CUST006968,Isha Pandey,6047194065,Female,Married,3249886,High,Business Owner,Medium,20,Hindi,RGN027
CUST006969,Varun Balaji,9859003708,Male,Married,224599,Low,Teacher,Low,39,Hindi,RGN030
CUST006970,Vishal Kumar,9146391027,Male,Married,190269,Low,Hardware Technician,Medium,38,Hindi,RGN030
CUST006971,Sanjay Hegde,8237837623,Female,Single,749829,Middle,Software Engineer,Low,47,Hindi,RGN012
CUST006972,Kritika Deshpande,6470126056,Male,Married,54797,Low,Farmer,Medium,27,Hindi,RGN038
CUST006973,Aryan Singh,7926692362,Male,Married,631009,Middle,Software Engineer,Low,18,Hindi,RGN014
CUST006974,Kavya More,6134214876,Female,Single,2735432,High,Software Engineer,Low,39,Hindi,RGN025
CUST006975,Sanjay Kumar,7029862811,Male,Divorced,481506,Middle,Teacher,Low,41,Hindi,RGN033
CUST006976,Sapna Hegde,6319688535,Male,Married,2483353,High,Software Engineer,Low,55,Hindi,RGN037
CUST006977,Pooja Saxena,6358263747,Female,Divorced,643618,Middle,Software Engineer,Low,22,Hindi,RGN008
CUST006978,Sneha Shetty,7459198781,Female,Married,847055,Upper-Middle,Business Owner,Medium,51,Hindi,RGN007
CUST006979,Priya Balaji,7391723288,Male,Single,613368,Middle,Software Engineer,Low,65,Hindi,RGN035
CUST006980,Shweta Tiwari,7392754138,Female,Married,2910748,High,Doctor,Low,33,Hindi,RGN042
CUST006981,Manoj Gupta,9055440547,Female,Married,1566278,Upper-Middle,Software Engineer,Low,22,Kannada,RGN021
CUST006982,Priya Kapoor,8532413690,Female,Single,1884331,Upper-Middle,Business Owner,Medium,33,Hindi,RGN004
CUST006983,Isha Singh,9024991410,Male,Single,371309,Middle,Teacher,Low,38,Hindi,RGN010
CUST006984,Sapna Pandey,9178789675,Male,Married,188010,Low,Hardware Technician,Medium,44,Hindi,RGN038
CUST006985,Rohit Das,7600454579,Female,Married,209187,Low,Front Desk Executive,Low,30,Telugu,RGN019
CUST006986,Yash Rao,8275373732,Male,Married,2361354,High,Software Engineer,Low,56,Hindi,RGN047
CUST006987,Vijay Desai,9953724449,Male,Widowed,2502893,High,Software Engineer,Low,24,Telugu,RGN019
CUST006988,Shruti Rao,9122695143,Female,Married,234417,Low,Hardware Technician,Medium,18,Hindi,RGN029
CUST006989,Sandeep Patel,9920091258,Female,Married,1058723,Upper-Middle,Software Engineer,Low,51,Hindi,RGN027
CUST006990,Vishal Rajan,8340297089,Male,Single,422132,Middle,Software Engineer,Low,18,Tamil,RGN024
CUST006991,Sunita Tripathi,8389706401,Male,Married,1569183,Upper-Middle,Business Owner,Medium,35,Hindi,RGN044
CUST006992,Sarika Menon,7748967826,Female,Single,711246,Middle,Software Engineer,Low,65,Hindi,RGN004
CUST006993,Poonam Jadhav,7769246105,Male,Married,208333,Low,Teacher,Low,37,Hindi,RGN026
CUST006994,Karan Agarwal,7180447940,Female,Married,1159345,Upper-Middle,Doctor,Low,24,Hindi,RGN049
CUST006995,Lakshmi Rao,8051594906,Male,Married,1496698,Upper-Middle,Business Owner,Medium,37,Telugu,RGN020
CUST006996,Gaurav Reddy,6356270610,Female,Married,179431,Low,Hardware Technician,Medium,37,Telugu,RGN020
CUST006997,Sandeep Rao,8009171953,Male,Single,392369,Middle,Teacher,Low,39,Hindi,RGN001
CUST006998,Arjun Venkatesh,9281774089,Male,Married,459173,Middle,Business Owner,Medium,45,Hindi,RGN008
CUST006999,Kunal Chaudhary,8797531154,Female,Divorced,237616,Low,Teacher,Low,25,Hindi,RGN014
CUST007000,Sneha Nair,8164339828,Male,Married,776064,Middle,Software Engineer,Low,58,Hindi,RGN025
CUST007001,Kunal Mehta,7670097418,Male,Widowed,1497198,Upper-Middle,Software Engineer,Low,40,Telugu,RGN020
CUST007002,Vikram Chaudhary,9828757198,Female,Widowed,2500765,High,Software Engineer,Low,46,Hindi,RGN033
CUST007003,Sanjay Pandey,9230755786,Female,Single,1053715,Upper-Middle,Software Engineer,Low,30,Oriya,RGN032
CUST007004,Yash Verma,6658413009,Female,Married,283359,Low,Driver,High,53,Hindi,RGN041
CUST007005,Sandeep Mishra,7220646206,Female,Divorced,253712,Low,Farmer,Medium,34,Hindi,RGN025
CUST007006,Nandini Iyer,9729836194,Male,Divorced,1294533,Upper-Middle,Software Engineer,Low,41,Hindi,RGN004
CUST007007,Vijay Deshpande,6028296380,Male,Married,115348,Low,Farmer,Medium,26,Kannada,RGN021
CUST007008,Anjali Dubey,7649280315,Female,Married,169747,Low,Front Desk Executive,Low,26,Hindi,RGN028
CUST007009,Ramesh Saxena,6226581772,Other,Married,1431322,Upper-Middle,Software Engineer,Low,46,Kannada,RGN021
CUST007010,Sanjay Kumar,7578363681,Male,Single,278409,Low,Front Desk Executive,Low,32,Kannada,RGN021
CUST007011,Nikhil Mishra,7305325260,Female,Married,1874955,Upper-Middle,Doctor,Low,27,Hindi,RGN048
CUST007012,Swati Krishnan,6118123073,Male,Married,1241998,Upper-Middle,Software Engineer,Low,30,Hindi,RGN048
CUST007013,Rahul More,6122124365,Female,Divorced,566607,Middle,Software Engineer,Low,46,Hindi,RGN034
CUST007014,Gaurav Chakraborty,71010XXXXX,Female,Married,251095,Low,Farmer,Medium,30,Hindi,RGN025
CUST007015,Sandeep Subramanian,8009911971,Male,Married,690957,Middle,Business Owner,Medium,36,Hindi,RGN005
CUST007016,Divya Chaudhary,8808511150,Male,Married,978232,Upper-Middle,Business Owner,Medium,38,Hindi,RGN014
CUST007017,Anil Reddy,8122501128,Female,Married,1514105,Upper-Middle,Software Engineer,Low,18,Hindi,RGN028
CUST007018,Nikhil Tiwari,9508267039,Female,Widowed,1035867,Upper-Middle,Software Engineer,Low,20,Telugu,RGN020
CUST007019,Priya Malhotra,6973807991,Male,Single,396381,Middle,Teacher,Low,42,Tamil,RGN024
CUST007020,Vinod Patil,8937191045,Male,Married,2492665,High,Software Engineer,Low,29,Hindi,RGN011
CUST007021,Prakash Kapoor,6414688175,Male,Married,1534534,Upper-Middle,Business Owner,Medium,50,Hindi,RGN008
CUST007022,Sandeep Shah,9109583483,Female,Single,131647,Low,Hardware Technician,Medium,49,Hindi,RGN050
CUST007023,Pooja Verma,8912753624,Other,Married,1487609,Upper-Middle,Software Engineer,Low,46,Telugu,RGN017
CUST007024,Amrita Srivastava,9990523347,Female,Married,540189,Middle,Business Owner,Medium,59,Hindi,RGN004
CUST007025,Sandeep Kumar,8091783563,Male,Married,500633,Middle,Teacher,Low,37,Hindi,RGN037
CUST007026,Sanjay Singh,9405858811,Male,Married,178647,Low,Hardware Technician,Medium,45,Hindi,RGN034
CUST007027,Shruti Shetty,8577170775,Female,Single,1820344,Upper-Middle,Software Engineer,Low,30,Telugu,RGN019
CUST007028,Nandini Mehta,9662710610,Male,Single,278822,Low,Teacher,Low,65,Hindi,RGN008
CUST007029,Mohit Rajan,8203073538,Female,Married,1298499,Upper-Middle,Software Engineer,Low,61,Hindi,RGN045
CUST007030,Siddharth Saxena,9828159780,Female,Single,2611072,High,Business Owner,Medium,38,Hindi,RGN039
CUST007031,Rekha Mehta,6786169008,Male,Single,152082,Low,Front Desk Executive,Low,42,Hindi,RGN030
CUST007032,Shweta Bose,8347550748,Female,Divorced,1571405,Upper-Middle,Business Owner,Medium,54,Hindi,RGN050
CUST007033,Santosh Pandey,6444394469,Male,Married,2948060,High,Doctor,Low,36,Hindi,RGN044
CUST007034,Sneha Mehta,7662639519,Other,Single,183343,Low,Farmer,Medium,30,Hindi,RGN025
CUST007035,Rekha Mishra,6383349415,Female,Single,90422,Low,Farmer,Medium,48,Hindi,RGN009
CUST007036,Vikram Malhotra,8299277771,Male,Married,412799,Middle,Teacher,Low,38,Hindi,RGN036
CUST007037,Sneha Jadhav,7589961600,Male,Married,90972,Low,Farmer,Medium,40,Hindi,RGN027
CUST007038,Arjun Pillai,6311378718,Male,Married,155029,Low,Hardware Technician,Medium,27,Hindi,RGN012
CUST007039,Mohit Jadhav,9978929309,Male,Married,235496,Low,Hardware Technician,Medium,18,Hindi,RGN006
CUST007040,Swati Kulkarni,6772584009,Female,Married,1995659,Upper-Middle,Software Engineer,Low,40,Hindi,RGN039
CUST007041,Deepa Rajan,,Female,Married,597998,Middle,Business Owner,Medium,48,Kannada,RGN022
CUST007042,Priya Balaji,6506890255,Male,Single,231358,Low,Farmer,Medium,35,Tamil,RGN023
CUST007043,Isha Hegde,7889737840,Female,Married,1586629,Upper-Middle,Business Owner,Medium,55,Kannada,RGN022
CUST007044,Rohit Pillai,9041902416,Male,Married,227467,Low,Driver,High,29,Hindi,RGN027
CUST007045,Pooja Mishra,6772379730,Male,Married,1564746,Upper-Middle,Software Engineer,Low,25,Hindi,RGN036
CUST007046,Aditya Iyer,6533019251,Female,Married,770613,Middle,Software Engineer,Low,37,Hindi,RGN049
CUST007047,Uday Chaudhary,9470485502,Male,Single,693863,Middle,Software Engineer,Low,37,Kannada,RGN021
CUST007048,Priya Gupta,7137447156,Male,Single,167280,Low,Teacher,Low,47,Hindi,RGN012
CUST007049,Siddharth Kapoor,8037150074,Female,Married,1717561,Upper-Middle,Doctor,Low,28,Kannada,RGN021
CUST007050,Kunal Gowda,7826820120,Female,Widowed,83028,Low,Farmer,Medium,54,Hindi,RGN012
CUST007051,Neha Sharma,7152620767,Female,Single,431185,Middle,Business Owner,Medium,61,Hindi,RGN015
CUST007052,Mohit Verma,8757186972,Female,Married,2224263,High,Software Engineer,Low,37,Hindi,RGN047
CUST007053,Aditi Menon,8006973658,Male,Married,203078,Low,Front Desk Executive,Low,52,Hindi,RGN026
CUST007054,Karan Agarwal,9949231511,Male,Married,332473,Middle,Teacher,Low,25,Hindi,RGN042
CUST007055,Lakshmi Kumar,6817831357,Female,Single,875088,Upper-Middle,Software Engineer,Low,50,Hindi,RGN002
CUST007056,Aryan Joshi,6909366176,Male,Married,2912839,High,Business Owner,Medium,50,Hindi,RGN009
CUST007057,Gaurav Patil,8881883760,Other,Married,226135,Low,Farmer,Medium,48,Hindi,RGN043
CUST007058,Kavya Pillai,9171255075,Male,Married,595405,Middle,Software Engineer,Low,37,Telugu,RGN020
CUST007059,Sandeep Jadhav,8939178264,Male,Married,97823,Low,Farmer,Medium,18,Hindi,RGN034
CUST007060,Akash Jadhav,6834443402,Female,Married,236003,Low,Front Desk Executive,Low,30,Hindi,RGN049
CUST007061,Manoj Shetty,8599108771,Male,Married,2232141,High,Software Engineer,Low,30,Hindi,RGN033
CUST007062,Rahul Mishra,9566357903,Male,Married,405131,Middle,Hardware Technician,Medium,26,Hindi,RGN033
CUST007063,Pooja Krishnan,6868320073,Female,Married,730431,Middle,Business Owner,Medium,39,Hindi,RGN034
CUST007064,Neha Patil,9543701126,Female,Married,156419,Low,Teacher,Low,32,Hindi,RGN044
CUST007065,Akash Singh,7897224976,Male,Widowed,131356,Low,Front Desk Executive,Low,28,Hindi,RGN048
CUST007066,Isha Pandey,6934877601,Male,Married,214807,Low,Hardware Technician,Medium,25,Hindi,RGN047
CUST007067,Zara Tripathi,7109862453,Male,Single,80164,Low,Farmer,Medium,29,Tamil,RGN023
CUST007068,Nikhil Pillai,6157182652,Female,Married,2387657,High,Business Owner,Medium,51,Hindi,RGN004
CUST007069,Kritika Iyer,7710684666,Female,Married,320808,Middle,Hardware Technician,Medium,30,Hindi,RGN045
CUST007070,Kritika Menon,8658404291,Female,Married,490810,Middle,Software Engineer,Low,31,Hindi,RGN004
CUST007071,Kritika Chaudhary,6374973645,Female,Married,116583,Low,Farmer,Medium,32,Telugu,RGN018
CUST007072,Swati Singh,97121XXXXX,Male,Married,799008,Middle,Real Estate Agent,Medium,42,Hindi,RGN038
CUST007073,Shweta Pillai,9415572131,Female,Married,236825,Low,Farmer,Medium,43,Telugu,RGN019
CUST007074,Vijay Rajan,6396839028,Male,Widowed,462640,Middle,Real Estate Agent,Medium,18,Hindi,RGN038
CUST007075,Sandeep Kapoor,7976722071,Female,Married,3494698,High,Business Owner,Medium,50,Hindi,RGN027
CUST007076,Santosh Patel,6350336689,Other,Single,1207066,Upper-Middle,Software Engineer,Low,55,Hindi,RGN034
CUST007077,Anjali Krishnan,6565723861,Male,Married,323591,Middle,Teacher,Low,25,Kannada,RGN022
CUST007078,Vishal Joshi,9447324571,Female,Married,189817,Low,Teacher,Low,26,Hindi,RGN004
CUST007079,Manoj Pandey,8549684727,Male,Married,1590457,Upper-Middle,Software Engineer,Low,32,Tamil,RGN024
CUST007080,Poonam Bose,9041281771,Female,Single,150236,Low,Teacher,Low,28,Oriya,RGN032
CUST007081,Prakash Gowda,9169944428,Female,Single,511351,Middle,Software Engineer,Low,40,Hindi,RGN006
CUST007082,Anil Rao,7963247004,Female,Married,3593633,High,Doctor,Low,18,Hindi,RGN049
CUST007083,Divya Saxena,7955471200,Female,Married,733108,Middle,Business Owner,Medium,24,Hindi,RGN003
CUST007084,Zara Rajan,9316808068,Male,Single,309024,Middle,Teacher,Low,56,Tamil,RGN024
CUST007085,Zara Reddy,7423997767,Male,Married,239587,Low,Driver,High,26,Hindi,RGN016
CUST007086,Pooja Reddy,8329998391,Male,Single,400488,Middle,Teacher,Low,52,Hindi,RGN044
CUST007087,Aarav Balaji,9599058841,Male,Married,154423,Low,Farmer,Medium,42,Kannada,RGN021
CUST007088,Rahul Shah,8824641188,Female,Married,229897,Low,Farmer,Medium,18,Oriya,RGN031
CUST007089,Kunal Das,6346700616,Female,Divorced,1670002,Upper-Middle,Software Engineer,Low,45,Hindi,RGN042
CUST007090,Ramesh Menon,7847381063,Male,Single,1544748,Upper-Middle,Software Engineer,Low,36,Hindi,RGN034
CUST007091,Meera Das,9072185082,Male,Married,2308961,High,Doctor,Low,32,Hindi,RGN002
CUST007092,Aditya Deshpande,7616340546,Male,Married,408216,Middle,Software Engineer,Low,40,Hindi,RGN012
CUST007093,Pradeep Rajan,8985901752,Male,Married,551173,Middle,Teacher,Low,43,Hindi,RGN007
CUST007094,Ramesh More,8001755049,Male,Married,169221,Low,Front Desk Executive,Low,46,Hindi,RGN040
CUST007095,Anil Rajan,7578141277,Male,Widowed,413239,Middle,Teacher,Low,52,Hindi,RGN027
CUST007096,Sunil Venkatesh,6153387928,Male,Single,2414199,High,Business Owner,Medium,42,Hindi,RGN015
CUST007097,Kunal Balaji,7929123811,Female,Single,2328438,High,Business Owner,Medium,21,Hindi,RGN037
CUST007098,Rohit Chakraborty,9400743262,Female,Married,458245,Middle,Teacher,Low,32,Hindi,RGN007
CUST007099,Kunal Verma,8323760356,Male,Married,134694,Low,Hardware Technician,Medium,65,Hindi,RGN006
CUST007100,Geeta More,9294424722,Female,Single,843222,Upper-Middle,Real Estate Agent,Medium,46,Telugu,RGN018
CUST007101,Yash Malhotra,7647283334,Male,Married,1950726,Upper-Middle,Business Owner,Medium,65,Hindi,RGN002
CUST007102,Aditya Srivastava,7260322275,Female,Divorced,1622469,Upper-Middle,Software Engineer,Low,54,Hindi,RGN009
CUST007103,Aditi Kapoor,9175834417,Female,Single,1788849,Upper-Middle,Software Engineer,Low,40,Hindi,RGN037
CUST007104,Vishal Deshpande,7098181924,Female,Married,178329,Low,Front Desk Executive,Low,41,Hindi,RGN016
CUST007105,Santosh Joshi,7412963597,Male,Married,231977,Low,Driver,High,37,Kannada,RGN021
CUST007106,Tanvi Kulkarni,8228832093,Female,Married,765022,Middle,Business Owner,Medium,18,Hindi,RGN041
CUST007107,Meera Kulkarni,9498009293,Female,Widowed,95506,Low,Driver,High,38,Hindi,RGN036
CUST007108,Anjali Kapoor,9778514554,Male,Divorced,114742,Low,Farmer,Medium,52,Hindi,RGN025
CUST007109,Isha Mehta,8444297372,Male,Single,2813739,High,Doctor,Low,30,Telugu,RGN019
CUST007110,Rohit Bose,9832334833,Female,Married,518230,Middle,Software Engineer,Low,42,Telugu,RGN018
CUST007111,Sandeep Venkatesh,9557378513,Female,Married,475059,Middle,Hardware Technician,Medium,48,Hindi,RGN049
CUST007112,Bhavna Subramanian,7116531264,Male,Single,1141984,Upper-Middle,Real Estate Agent,Medium,27,Hindi,RGN013
CUST007113,Sneha Hegde,8696757057,Female,Widowed,839552,Upper-Middle,Software Engineer,Low,32,Hindi,RGN002
CUST007114,Anil Gupta,6715918333,Female,Married,131950,Low,Farmer,Medium,25,Hindi,RGN043
CUST007115,Ravi Desai,7562550135,Female,Married,1552630,Upper-Middle,Software Engineer,Low,28,Telugu,RGN017
CUST007116,Lakshmi Dubey,8103411373,Female,Married,344753,Middle,Real Estate Agent,Medium,22,Kannada,RGN021
CUST007117,Deepa Agarwal,7022017382,Male,Widowed,2153932,High,Pilot,High,27,Hindi,RGN005
CUST007118,Tanvi Shetty,7606868663,Male,Single,1789831,Upper-Middle,Pilot,High,55,Hindi,RGN042
CUST007119,Aarav Patil,6709964886,Male,Divorced,446591,Middle,Hardware Technician,Medium,27,Hindi,RGN013
CUST007120,Shruti Gowda,7998756819,Female,Married,466161,Middle,Software Engineer,Low,39,Hindi,RGN046
CUST007121,Yash Balaji,7995911029,Female,Married,2728203,High,Business Owner,Medium,31,Hindi,RGN011
CUST007122,Zara Dubey,8938350932,Female,Married,827832,Upper-Middle,Business Owner,Medium,52,Hindi,RGN049
CUST007123,Geeta Joshi,9532969486,Female,Single,446483,Middle,Teacher,Low,53,Hindi,RGN043
CUST007124,Divya Sharma,7201306533,Female,Single,274007,Low,Front Desk Executive,Low,48,Telugu,RGN019
CUST007125,Priya Chakraborty,7396911866,Male,Widowed,452290,Middle,Hardware Technician,Medium,41,Hindi,RGN033
CUST007126,Prakash Shah,8115164465,Male,Divorced,1755905,Upper-Middle,Pilot,High,35,Hindi,RGN038
CUST007127,Pooja Jadhav,7396597826,Male,Divorced,676426,Middle,Software Engineer,Low,23,Hindi,RGN046
CUST007128,Vikram Pandey,6080047032,Male,Single,1726415,Upper-Middle,Doctor,Low,61,Hindi,RGN011
CUST007129,Meera Tripathi,7600888439,Female,Married,471942,Middle,Real Estate Agent,Medium,28,Hindi,RGN041
CUST007130,Priya Saxena,6349731053,Male,Married,776100,Middle,Business Owner,Medium,45,Hindi,RGN003
CUST007131,Rahul Kumar,7129044282,Female,Married,1787481,Upper-Middle,Software Engineer,Low,50,Hindi,RGN030
CUST007132,Ananya Jadhav,7616010972,Female,Married,163195,Low,Teacher,Low,31,Hindi,RGN016
CUST007133,Gaurav Verma,7821210151,Male,Married,1008278,Upper-Middle,Business Owner,Medium,50,Hindi,RGN038
CUST007134,Anjali Srivastava,6609784970,Female,Divorced,728933,Middle,Software Engineer,Low,47,Hindi,RGN009
CUST007135,Rohit Verma,8209776631,Female,Married,2438758,High,Software Engineer,Low,58,Hindi,RGN003
CUST007136,Aarav Sharma,6094531942,Male,Married,594994,Middle,Teacher,Low,32,Hindi,RGN045
CUST007137,Rajesh Balaji,7365327147,Male,Married,245686,Low,Farmer,Medium,22,Hindi,RGN049
CUST007138,Sarika Sharma,7507623327,Female,Married,273779,Low,Farmer,Medium,31,Hindi,RGN029
CUST007139,Amrita Rao,8094448317,Female,Married,228600,Low,Front Desk Executive,Low,40,Hindi,RGN005
CUST007140,Poonam Srivastava,8936016168,Female,Married,3262899,High,Pilot,High,38,Hindi,RGN002
CUST007141,Deepak Reddy,9630737225,Female,Single,329738,Middle,Teacher,Low,33,Hindi,RGN040
CUST007142,Zara Patel,9584836391,Male,Married,1315318,Upper-Middle,Doctor,Low,18,Hindi,RGN016
CUST007143,Aryan Subramanian,9013898810,Female,Single,546559,Middle,Software Engineer,Low,43,Hindi,RGN036
CUST007144,Aarav Subramanian,7957882233,Male,Single,4549068,High,Doctor,Low,61,Hindi,RGN015
CUST007145,Swati Rao,8862342234,Female,Single,392091,Middle,Teacher,Low,43,Hindi,RGN044
CUST007146,Pooja Gowda,7264101442,Female,Single,368016,Middle,Driver,High,45,Hindi,RGN041
CUST007147,Rajesh Patil,7056657760,Male,Single,994095,Upper-Middle,Real Estate Agent,Medium,44,Hindi,RGN007
CUST007148,Ramesh Srivastava,9125174342,Male,Married,174343,Low,Farmer,Medium,42,Hindi,RGN026
CUST007149,Meera Desai,6084398893,Male,Single,189957,Low,Teacher,Low,49,Hindi,RGN014
CUST007150,Shruti Verma,6316964668,Female,Married,1420053,Upper-Middle,Software Engineer,Low,42,Hindi,RGN027
CUST007151,Rekha Shah,6268748511,Female,Married,938269,Upper-Middle,Software Engineer,Low,34,Hindi,RGN048
CUST007152,Priya Gupta,7530955877,Male,Married,789356,Middle,Real Estate Agent,Medium,28,Hindi,RGN044
CUST007153,Neha Singh,9664692659,Male,Divorced,911019,Upper-Middle,Software Engineer,Low,35,Hindi,RGN050
CUST007154,Sunita Patil,6282774694,Female,Married,869189,Upper-Middle,Software Engineer,Low,41,Hindi,RGN004
CUST007155,Poonam Patil,7545763447,Male,Widowed,1315098,Upper-Middle,Real Estate Agent,Medium,34,Hindi,RGN003
CUST007156,Rohit Balaji,7001376835,Male,Married,1972614,Upper-Middle,Doctor,Low,41,Hindi,RGN041
CUST007157,Vishal Tiwari,7813724204,Female,Single,1422380,Upper-Middle,Software Engineer,Low,43,Hindi,RGN050
CUST007158,Amrita Shah,9535217057,Male,Married,224463,Low,Driver,High,47,Hindi,RGN005
CUST007159,Rahul Joshi,7677983002,Female,Married,111505,Low,Driver,High,53,Hindi,RGN028
CUST007160,Sandeep More,6304330779,Female,Married,155704,Low,Farmer,Medium,38,Hindi,RGN014
CUST007161,Aryan Naik,6012153238,Male,Married,734386,Middle,Real Estate Agent,Medium,22,Hindi,RGN038
CUST007162,Sunita Patel,8099555062,Female,Married,2815545,High,Business Owner,Medium,33,Hindi,RGN003
CUST007163,Zara Sharma,9181063198,Male,Divorced,435757,Middle,Teacher,Low,38,Hindi,RGN037
CUST007164,Isha Kapoor,8448066764,Male,Married,929589,Upper-Middle,Business Owner,Medium,18,Hindi,RGN049
CUST007165,Anjali Jadhav,9290651651,Male,Married,4960911,High,Pilot,High,54,Hindi,RGN043
CUST007166,Mohit Bose,7654737042,Male,Married,166261,Low,Front Desk Executive,Low,39,Hindi,RGN048
CUST007167,Deepa Naik,6415238778,Male,Married,156367,Low,Farmer,Medium,42,Hindi,RGN050
CUST007168,Rekha Tripathi,9000985450,Male,Married,2374745,High,Software Engineer,Low,54,Hindi,RGN041
CUST007169,Nikhil Menon,9935763381,Male,Divorced,2910921,High,Doctor,Low,30,Tamil,RGN024
CUST007170,Kritika Balaji,7354336062,Male,Divorced,129528,Low,Farmer,Medium,44,Hindi,RGN004
CUST007171,Pradeep Rao,6376020707,Male,Married,715808,Middle,Real Estate Agent,Medium,36,Hindi,RGN045
CUST007172,Poonam Chakraborty,7736680316,Male,Married,123646,Low,Front Desk Executive,Low,35,Hindi,RGN010
CUST007173,Sunil Balaji,9607904660,Female,Single,2275172,High,Software Engineer,Low,28,Hindi,RGN043
CUST007174,Aryan Rajan,6559319949,Female,Married,193991,Low,Driver,High,57,Hindi,RGN029
CUST007175,Nandini Saxena,7449916159,Female,Married,2659611,High,Pilot,High,33,Hindi,RGN042
CUST007176,Manoj Rajan,6287982622,Male,Married,2536223,High,Software Engineer,Low,46,Telugu,RGN019
CUST007177,Neha Das,8557419450,Male,Single,879016,Upper-Middle,Software Engineer,Low,18,Hindi,RGN008
CUST007178,Pradeep Mehta,6660363409,Female,Single,1100611,Upper-Middle,Software Engineer,Low,52,Hindi,RGN046
CUST007179,Sarika Nair,6616931333,Female,Married,707433,Middle,Software Engineer,Low,50,Hindi,RGN042
CUST007180,Zara Rao,9345280433,Female,Married,1754122,Upper-Middle,Software Engineer,Low,39,Hindi,RGN012
CUST007181,Karan Shetty,7644458164,Female,Married,939729,Upper-Middle,Software Engineer,Low,35,Telugu,RGN018
CUST007182,Aarav Deshpande,8615286815,Female,Married,430602,Middle,Real Estate Agent,Medium,42,Hindi,RGN002
CUST007183,Aryan Patil,6567407949,Male,Married,1994181,Upper-Middle,Doctor,Low,65,Hindi,RGN047
CUST007184,Tanvi Gowda,6790608125,Female,Married,1592481,Upper-Middle,Software Engineer,Low,18,Hindi,RGN026
CUST007185,Vinod Pandey,8875256048,Male,Married,344284,Middle,Teacher,Low,47,Hindi,RGN012
CUST007186,Deepak Verma,9147067596,Male,Single,2003927,High,Software Engineer,Low,27,Hindi,RGN007
CUST007187,Aarav Srivastava,8000219797,Female,Single,2660896,High,Software Engineer,Low,37,Oriya,RGN031
CUST007188,Geeta Menon,9470486016,Female,Single,86045,Low,Farmer,Medium,35,Hindi,RGN004
CUST007189,Deepak Kulkarni,8612466256,Male,Married,362881,Middle,Real Estate Agent,Medium,32,Hindi,RGN016
CUST007190,Aditi Kumar,8125162802,Female,Divorced,260079,Low,Hardware Technician,Medium,37,Telugu,RGN020
CUST007191,Gaurav Jadhav,9142284746,Female,Married,220255,Low,Front Desk Executive,Low,24,Hindi,RGN009
CUST007192,Kavya Kumar,9851368194,Male,Married,3512484,High,Business Owner,Medium,50,Hindi,RGN027
CUST007193,Kavya Patel,6446358002,Female,Married,3585543,High,Pilot,High,18,Hindi,RGN014
CUST007194,Rekha Das,9291714112,Male,Single,1327601,Upper-Middle,Real Estate Agent,Medium,44,Hindi,RGN003
CUST007195,Santosh Kumar,6290588841,Female,Divorced,241320,Low,Teacher,Low,34,Hindi,RGN028
CUST007196,Rajesh Bose,7626313494,Female,Married,104397,Low,Farmer,Medium,23,Hindi,RGN010
CUST007197,Geeta Subramanian,9078182952,Male,Single,195115,Low,Front Desk Executive,Low,40,Hindi,RGN014
CUST007198,Zara Dubey,6938522293,Male,Single,1569326,Upper-Middle,Software Engineer,Low,19,Hindi,RGN012
CUST007199,Ramesh Bose,8918514756,Male,Married,1034473,Upper-Middle,Software Engineer,Low,38,Hindi,RGN026
CUST007200,Aryan More,9049988312,Female,Divorced,1150738,Upper-Middle,Software Engineer,Low,20,Hindi,RGN012
CUST007201,Santosh Rajan,6605395432,Male,Married,841893,Upper-Middle,Software Engineer,Low,43,Hindi,RGN008
CUST007202,Rajesh Bose,8512993878,Female,Married,311369,Middle,Teacher,Low,26,Hindi,RGN003
CUST007203,Sandeep Bose,8310749148,Female,Single,1589756,Upper-Middle,Business Owner,Medium,32,Hindi,RGN004
CUST007204,Sneha Iyer,9642730092,Male,Married,111598,Low,Front Desk Executive,Low,41,Hindi,RGN006
CUST007205,Pooja Patel,9542884637,Female,Married,166926,Low,Farmer,Medium,28,Hindi,RGN006
CUST007206,Varun Mishra,7924011628,Male,Single,656593,Middle,Software Engineer,Low,37,Hindi,RGN050
CUST007207,Ananya Mehta,6168073281,Female,Married,244896,Low,Teacher,Low,19,Tamil,RGN024
CUST007208,Vishal Dubey,9507721889,Male,Single,287613,Low,Teacher,Low,45,Hindi,RGN047
CUST007209,Suresh Verma,6665056553,Female,Married,1709035,Upper-Middle,Business Owner,Medium,59,Hindi,RGN041
CUST007210,Deepa Nair,8002671617,Female,Single,279399,Low,Hardware Technician,Medium,65,Hindi,RGN050
CUST007211,Ravi Srivastava,7775399543,Female,Divorced,109860,Low,Front Desk Executive,Low,39,Hindi,RGN050
CUST007212,Varun Sharma,6611869814,Male,Married,4760194,High,Doctor,Low,47,Hindi,RGN003
CUST007213,Tanvi Chakraborty,7185929300,Male,Single,110755,Low,Farmer,Medium,18,Hindi,RGN034
CUST007214,Aarav Srivastava,8492294689,Male,Married,463014,Middle,Teacher,Low,56,Kannada,RGN021
CUST007215,Yash Bose,9616611857,Female,Divorced,286338,Low,Teacher,Low,47,Hindi,RGN014
CUST007216,Sandeep Jadhav,6010920737,Male,Married,272793,Low,Teacher,Low,32,Hindi,RGN008
CUST007217,Isha Pillai,9655719557,Female,Married,1191550,Upper-Middle,Software Engineer,Low,52,Hindi,RGN036
CUST007218,Kunal Agarwal,7903413865,Female,Single,641488,Middle,Software Engineer,Low,34,Hindi,RGN026
CUST007219,Karan Tiwari,6767372725,Female,Single,1277972,Upper-Middle,Software Engineer,Low,32,Hindi,RGN049
CUST007220,Rajesh Patil,6635931215,Female,Single,822631,Upper-Middle,Software Engineer,Low,43,Oriya,RGN032
CUST007221,Pradeep Joshi,6009991299,Female,Married,4800365,High,Doctor,Low,25,Hindi,RGN041
CUST007222,Ravi Pandey,7486131103,Male,Married,524403,Middle,Software Engineer,Low,50,Hindi,RGN050
CUST007223,Deepa Shah,8807710912,Male,Married,1485661,Upper-Middle,Software Engineer,Low,25,Hindi,RGN030
CUST007224,Sandeep Jadhav,6459387959,Male,Married,3210097,High,Business Owner,Medium,25,Hindi,RGN035
CUST007225,Divya Patil,9384535468,Other,Married,572971,Middle,Software Engineer,Low,27,Hindi,RGN048
CUST007226,Yash Shah,6966230037,Male,Widowed,1096863,Upper-Middle,Real Estate Agent,Medium,47,Hindi,RGN029
CUST007227,Ravi Bose,7637570815,Male,Married,82012,Low,Farmer,Medium,30,Hindi,RGN002
CUST007228,Aditya Chaudhary,6807783368,Male,Single,206791,Low,Farmer,Medium,21,Hindi,RGN027
CUST007229,Arjun Pillai,7614464557,Male,Married,158929,Low,Driver,High,30,Hindi,RGN036
CUST007230,Rahul Krishnan,9723399076,Female,Married,72107,Low,Farmer,Medium,37,Kannada,RGN022
CUST007231,Sanjay Kulkarni,9427571489,Male,Married,223638,Low,Driver,High,23,Hindi,RGN046
CUST007232,Sunil Malhotra,6255291653,Male,Married,525883,Middle,Software Engineer,Low,24,Hindi,RGN012
CUST007233,Ananya Iyer,9944740158,Male,Divorced,2441560,High,Doctor,Low,63,Hindi,RGN045
CUST007234,Divya Patel,9684927254,Male,Single,2696146,High,Software Engineer,Low,27,Hindi,RGN039
CUST007235,Sandeep Venkatesh,8283240230,Male,Single,255096,Low,Teacher,Low,34,Tamil,RGN024
CUST007236,Divya Agarwal,6229439715,Male,Single,279568,Low,Driver,High,33,Hindi,RGN029
CUST007237,Lakshmi Pandey,6102394142,Male,Married,796343,Middle,Business Owner,Medium,32,Hindi,RGN049
CUST007238,Rohit Kumar,6094017749,Male,Married,1328867,Upper-Middle,Software Engineer,Low,45,Hindi,RGN001
CUST007239,Vijay Shetty,6928324951,Female,Divorced,156642,Low,Front Desk Executive,Low,49,Hindi,RGN008
CUST007240,Suresh Hegde,6096702491,Male,Married,1500627,Upper-Middle,Software Engineer,Low,34,Hindi,RGN036
CUST007241,Sarika Das,66993XXXXX,Other,Divorced,316734,Middle,Front Desk Executive,Low,23,Telugu,RGN017
CUST007242,Ananya Tiwari,,Male,Married,619891,Middle,Software Engineer,Low,53,Hindi,RGN026
CUST007243,Isha Pillai,9217821927,Male,Single,1666929,Upper-Middle,Software Engineer,Low,36,Hindi,RGN050
CUST007244,Harsha Menon,6068464287,Male,Married,1617715,Upper-Middle,Software Engineer,Low,58,Hindi,RGN002
CUST007245,Poonam Dubey,7457635873,Female,Married,173094,Low,Driver,High,18,Hindi,RGN015
CUST007246,Siddharth Gupta,6113549258,Male,Married,2164704,High,Software Engineer,Low,40,Hindi,RGN033
CUST007247,Anil Balaji,9745644313,Female,Married,105821,Low,Farmer,Medium,61,Hindi,RGN029
CUST007248,Suresh Rao,7815613682,Male,Married,784613,Middle,Software Engineer,Low,33,Hindi,RGN046
CUST007249,Siddharth Menon,7329046084,Male,Single,2407495,High,Software Engineer,Low,35,Hindi,RGN015
CUST007250,Deepa Chakraborty,9740724801,Male,Married,1050490,Upper-Middle,Software Engineer,Low,41,Hindi,RGN001
CUST007251,Ramesh Jadhav,9999717908,Male,Married,298788,Low,Teacher,Low,31,Hindi,RGN009
CUST007252,Sunil Reddy,8815277115,Female,Widowed,2064935,High,Software Engineer,Low,34,Oriya,RGN031
CUST007253,Priya Joshi,6959737253,Male,Single,2067063,High,Business Owner,Medium,33,Hindi,RGN035
CUST007254,Ramesh Chaudhary,,Male,Married,497923,Middle,Hardware Technician,Medium,30,Hindi,RGN033
CUST007255,Vinod Jadhav,6979911130,Female,Single,495815,Middle,Hardware Technician,Medium,52,Hindi,RGN007
CUST007256,Meera Das,9366196719,Female,Single,3949086,High,Doctor,Low,43,Telugu,RGN019
CUST007257,Kavya Agarwal,9969781626,Male,Married,272974,Low,Teacher,Low,41,Hindi,RGN038
CUST007258,Ravi Tiwari,9714168265,Female,Single,112101,Low,Front Desk Executive,Low,47,Hindi,RGN026
CUST007259,Poonam Naik,9007321271,Female,Single,1145341,Upper-Middle,Business Owner,Medium,34,Hindi,RGN030
CUST007260,Ananya Venkatesh,7151970962,Male,Married,2800907,High,Business Owner,Medium,28,Tamil,RGN023
CUST007261,Nikhil Pandey,9316734992,Male,Married,104325,Low,Driver,High,30,Hindi,RGN010
CUST007262,Divya Hegde,8267861784,Female,Single,104699,Low,Farmer,Medium,38,Hindi,RGN002
CUST007263,Harsha Balaji,65485XXXXX,Female,Married,4720425,High,Doctor,Low,25,Hindi,RGN045
CUST007264,Rahul Gowda,7687370144,Male,Married,1669614,Upper-Middle,Software Engineer,Low,31,Hindi,RGN030
CUST007265,Geeta Krishnan,9715892781,Female,Married,2540359,High,Doctor,Low,31,Hindi,RGN035
CUST007266,Ravi Pillai,7598339919,Female,Married,797133,Middle,Software Engineer,Low,63,Hindi,RGN037
CUST007267,Aarav Sharma,9936864215,Female,Divorced,1577931,Upper-Middle,Business Owner,Medium,18,Hindi,RGN016
CUST007268,Vikram Sharma,6126109128,Female,Married,3823406,High,Business Owner,Medium,35,Oriya,RGN031
CUST007269,Kavya Shetty,7775653998,Female,Married,158686,Low,Driver,High,58,Oriya,RGN031
CUST007270,Sneha Singh,9911633194,Male,Married,1096831,Upper-Middle,Software Engineer,Low,39,Hindi,RGN010
CUST007271,Bhavna Rajan,9773014235,Female,Single,998892,Upper-Middle,Software Engineer,Low,47,Tamil,RGN024
CUST007272,Kritika Iyer,7794340716,Male,Married,4670314,High,Doctor,Low,39,Hindi,RGN043
CUST007273,Priya Verma,7766478486,Female,Single,1883468,Upper-Middle,Business Owner,Medium,29,Hindi,RGN003
CUST007274,Karan Kulkarni,6564131066,Male,Married,1451473,Upper-Middle,Software Engineer,Low,18,Tamil,RGN024
CUST007275,Sneha Patel,9029729451,Male,Divorced,277310,Low,Farmer,Medium,40,Kannada,RGN021
CUST007276,Sneha Pillai,7560990148,Male,Married,3829106,High,Business Owner,Medium,28,Hindi,RGN037
CUST007277,Nikhil Srivastava,6681065950,Male,Widowed,172954,Low,Front Desk Executive,Low,28,Hindi,RGN038
CUST007278,Prakash Shetty,7632623750,Female,Married,621803,Middle,Real Estate Agent,Medium,32,Telugu,RGN020
CUST007279,Deepak Pandey,8432260278,Female,Married,631936,Middle,Real Estate Agent,Medium,58,Hindi,RGN042
CUST007280,Yash Chakraborty,8624068375,Male,Married,285634,Low,Business Owner,Medium,65,Hindi,RGN040
CUST007281,Shruti Sharma,8587023071,Male,Married,2352699,High,Software Engineer,Low,40,Hindi,RGN003
CUST007282,Aditi Pandey,6564006741,Female,Single,213145,Low,Driver,High,32,Hindi,RGN037
CUST007283,Siddharth Jadhav,8867952408,Male,Widowed,2040443,High,Software Engineer,Low,23,Hindi,RGN003
CUST007284,Rekha Iyer,9415507576,Male,Single,934412,Upper-Middle,Software Engineer,Low,43,Hindi,RGN042
CUST007285,Rohit Kapoor,8496392148,Female,Married,2094082,High,Business Owner,Medium,59,Hindi,RGN008
CUST007286,Sandeep Chaudhary,6964240436,Male,Married,1756383,Upper-Middle,Software Engineer,Low,35,Hindi,RGN034
CUST007287,Deepak Kapoor,8451916002,Female,Single,923913,Upper-Middle,Business Owner,Medium,18,Hindi,RGN045
CUST007288,Akash Sharma,7265679926,Male,Single,265922,Low,Farmer,Medium,46,Hindi,RGN041
CUST007289,Isha Srivastava,9243417814,Male,Widowed,134261,Low,Hardware Technician,Medium,49,Hindi,RGN036
CUST007290,Vishal Tripathi,6896586146,Female,Single,2870981,High,Software Engineer,Low,18,Tamil,RGN023
CUST007291,Aditya Krishnan,7119368757,Male,Divorced,518462,Middle,Teacher,Low,40,Oriya,RGN031
CUST007292,Kunal Naik,8122876704,Male,Widowed,636274,Middle,Software Engineer,Low,43,Hindi,RGN049
CUST007293,Harsha Patil,8471869413,Male,Single,1515775,Upper-Middle,Software Engineer,Low,37,Hindi,RGN040
CUST007294,Ananya Pillai,6408086283,Male,Married,141625,Low,Farmer,Medium,28,Hindi,RGN046
CUST007295,Uday Srivastava,8571427093,Female,Single,331591,Middle,Hardware Technician,Medium,50,Hindi,RGN013
CUST007296,Sunita Chakraborty,6912125953,Female,Single,1109834,Upper-Middle,Real Estate Agent,Medium,33,Tamil,RGN023
CUST007297,Rajesh Joshi,8324126662,Female,Single,565301,Middle,Teacher,Low,20,Hindi,RGN049
CUST007298,Shruti Gupta,6685660902,Female,Divorced,851133,Upper-Middle,Business Owner,Medium,18,Telugu,RGN018
CUST007299,Rajesh Subramanian,8411112015,Female,Widowed,96783,Low,Farmer,Medium,53,Telugu,RGN018
CUST007300,Shruti Shetty,6261554277,Male,Married,215672,Low,Front Desk Executive,Low,45,Telugu,RGN017
CUST007301,Aditya Malhotra,6410452887,Male,Married,542527,Middle,Teacher,Low,39,Hindi,RGN011
CUST007302,Sarika Nair,9468809049,Female,Married,198372,Low,Teacher,Low,32,Hindi,RGN028
CUST007303,Anil Srivastava,8260518546,Female,Married,278790,Low,Teacher,Low,31,Hindi,RGN003
CUST007304,Sanjay Srivastava,8137281122,Male,Married,77512,Low,Farmer,Medium,25,Hindi,RGN044
CUST007305,Bhavna Krishnan,7144886366,Male,Married,96741,Low,Driver,High,32,Hindi,RGN002
CUST007306,Vikram Mishra,6295548599,Male,Single,900598,Upper-Middle,Business Owner,Medium,18,Hindi,RGN048
CUST007307,Poonam Venkatesh,7835699971,Female,Single,1529377,Upper-Middle,Software Engineer,Low,29,Hindi,RGN010
CUST007308,Kunal Kapoor,7844329081,Male,Single,2985749,High,Software Engineer,Low,34,Hindi,RGN003
CUST007309,Amrita Kumar,6609629395,Female,Married,129345,Low,Front Desk Executive,Low,45,Hindi,RGN002
CUST007310,Deepa More,9136151003,Male,Married,380775,Middle,Teacher,Low,37,Hindi,RGN041
CUST007311,Sneha Naik,9492120969,Male,Single,103982,Low,Farmer,Medium,47,Hindi,RGN010
CUST007312,Priya Kumar,9007757155,Male,Married,860961,Upper-Middle,Real Estate Agent,Medium,54,Hindi,RGN050
CUST007313,Divya Rao,6762484337,Male,Married,132073,Low,Hardware Technician,Medium,50,Hindi,RGN030
CUST007314,Deepak Mehta,6457859095,Female,Married,131695,Low,Front Desk Executive,Low,43,Kannada,RGN022
CUST007315,Sanjay Chaudhary,6980959905,Male,Married,716662,Middle,Real Estate Agent,Medium,38,Hindi,RGN026
CUST007316,Arjun Joshi,9032662510,Female,Married,1684606,Upper-Middle,Software Engineer,Low,26,Hindi,RGN028
CUST007317,Ananya Nair,7153087033,Female,Married,889491,Upper-Middle,Doctor,Low,46,Tamil,RGN024
CUST007318,Kritika Tripathi,6246776968,Male,Divorced,972585,Upper-Middle,Business Owner,Medium,58,Hindi,RGN044
CUST007319,Ravi Patil,9064108091,Male,Married,2118063,High,Software Engineer,Low,42,Hindi,RGN049
CUST007320,Vikram Rao,6729967224,Female,Married,459499,Middle,Business Owner,Medium,61,Hindi,RGN014
CUST007321,Siddharth Kapoor,8515703434,Female,Single,1329269,Upper-Middle,Software Engineer,Low,19,Hindi,RGN007
CUST007322,Karan Tiwari,6710035705,Male,Married,633204,Middle,Doctor,Low,24,Hindi,RGN012
CUST007323,Mohit Tripathi,7349437475,Male,Married,179701,Low,Farmer,Medium,48,Telugu,RGN018
CUST007324,Siddharth Tripathi,6636853992,Male,Married,1620052,Upper-Middle,Software Engineer,Low,41,Hindi,RGN030
CUST007325,Vishal Shah,9369341152,Female,Married,449156,Middle,Hardware Technician,Medium,53,Hindi,RGN007
CUST007326,Anjali Reddy,8641650643,Female,Married,250787,Low,Farmer,Medium,37,Hindi,RGN039
CUST007327,Rekha More,7054069651,Male,Married,581398,Middle,Real Estate Agent,Medium,27,Hindi,RGN042
CUST007328,Anjali Iyer,8826827256,Female,Married,249055,Low,Front Desk Executive,Low,35,Hindi,RGN025
CUST007329,Vinod Reddy,7930092241,Male,Married,171383,Low,Farmer,Medium,19,Hindi,RGN044
CUST007330,Yash Iyer,6771553673,Female,Divorced,272502,Low,Driver,High,24,Telugu,RGN019
CUST007331,Rohit Naik,6742115219,Female,Married,681576,Middle,Software Engineer,Low,49,Hindi,RGN026
CUST007332,Sarika Gowda,7693609970,Female,Married,437071,Middle,Business Owner,Medium,48,Hindi,RGN050
CUST007333,Sanjay Gowda,9399551310,Female,Married,366718,Middle,Teacher,Low,42,Hindi,RGN036
CUST007334,Pooja Subramanian,7986886359,Male,Married,2255722,High,Business Owner,Medium,18,Hindi,RGN029
CUST007335,Aarav Saxena,8123075674,Female,Married,1110489,Upper-Middle,Software Engineer,Low,33,Telugu,RGN019
CUST007336,Siddharth Mehta,8377096422,Male,Single,340105,Middle,Teacher,Low,23,Hindi,RGN026
CUST007337,Bhavna Kapoor,8638516031,Female,Married,273476,Low,Teacher,Low,52,Hindi,RGN002
CUST007338,Gaurav Joshi,7191442381,Female,Married,405881,Middle,Business Owner,Medium,30,Hindi,RGN048
CUST007339,Siddharth Krishnan,6399783874,Female,Married,281910,Low,Teacher,Low,24,Hindi,RGN013
CUST007340,Siddharth Rao,8642255922,Male,Married,1552173,Upper-Middle,Business Owner,Medium,38,Hindi,RGN014
CUST007341,Aditi Pillai,9192074411,Female,Married,1157735,Upper-Middle,Software Engineer,Low,30,Hindi,RGN002
CUST007342,Aarav Chakraborty,8862978328,Male,Single,345009,Middle,Front Desk Executive,Low,55,Hindi,RGN011
CUST007343,Vijay Bose,8538129166,Female,Single,1225911,Upper-Middle,Software Engineer,Low,29,Telugu,RGN018
CUST007344,Meera Rao,6400989368,Female,Single,303977,Middle,Front Desk Executive,Low,21,Hindi,RGN009
CUST007345,Rekha Shetty,9017215184,Female,Married,427315,Middle,Teacher,Low,18,Hindi,RGN011
CUST007346,Sandeep Singh,9440005431,Female,Married,668471,Middle,Real Estate Agent,Medium,37,Hindi,RGN025
CUST007347,Deepak Mehta,7226492327,Male,Married,1049097,Upper-Middle,Software Engineer,Low,31,Hindi,RGN038
CUST007348,Manoj Deshpande,7445038934,Male,Single,280694,Low,Teacher,Low,20,Hindi,RGN005
CUST007349,Sunil Malhotra,9649952325,Male,Married,96063,Low,Farmer,Medium,52,Hindi,RGN025
CUST007350,Nandini Rao,7774226716,Female,Single,203775,Low,Driver,High,46,Oriya,RGN032
CUST007351,Vikram Mehta,8843514546,Female,Married,2044358,High,Software Engineer,Low,37,Hindi,RGN033
CUST007352,Varun Menon,7605538555,Female,Married,181586,Low,Driver,High,54,Kannada,RGN021
CUST007353,Mohit Patel,8991890347,Female,Married,2181190,High,Software Engineer,Low,45,Hindi,RGN039
CUST007354,Isha Tiwari,9449958539,Female,Married,2580209,High,Software Engineer,Low,28,Hindi,RGN049
CUST007355,Prakash Srivastava,7760644134,Male,Married,1204423,Upper-Middle,Software Engineer,Low,25,Tamil,RGN024
CUST007356,Mohit Krishnan,6617625197,Male,Married,1782067,Upper-Middle,Business Owner,Medium,47,Hindi,RGN050
CUST007357,Ananya Jadhav,7102983312,Male,Married,172249,Low,Farmer,Medium,42,Hindi,RGN002
CUST007358,Siddharth Patel,9528100749,Male,Married,351346,Middle,Teacher,Low,40,Hindi,RGN040
CUST007359,Anjali Menon,9105484043,Female,Married,1368336,Upper-Middle,Real Estate Agent,Medium,27,Oriya,RGN031
CUST007360,Uday Shetty,6086665815,Female,Married,1334071,Upper-Middle,Software Engineer,Low,45,Hindi,RGN035
CUST007361,Sunita Shetty,7936223393,Female,Single,1989831,Upper-Middle,Software Engineer,Low,28,Hindi,RGN037
CUST007362,Sarika Singh,9469549465,Female,Married,158650,Low,Front Desk Executive,Low,36,Tamil,RGN024
CUST007363,Nikhil Nair,7054888507,Male,Divorced,956820,Upper-Middle,Business Owner,Medium,55,Tamil,RGN023
CUST007364,Aditya Shetty,7257916290,Male,Married,343138,Middle,Front Desk Executive,Low,30,Hindi,RGN029
CUST007365,Sneha Patil,9726925232,Male,Single,859963,Upper-Middle,Business Owner,Medium,19,Hindi,RGN045
CUST007366,Deepa Krishnan,6996627250,Female,Married,562518,Middle,Real Estate Agent,Medium,25,Hindi,RGN029
CUST007367,Sandeep Shah,9012008407,Female,Married,588581,Middle,Software Engineer,Low,49,Kannada,RGN022
CUST007368,Suresh Nair,8882227248,Male,Married,2033835,High,Software Engineer,Low,41,Hindi,RGN037
CUST007369,Geeta Sharma,8993178587,Male,Married,2482351,High,Software Engineer,Low,36,Hindi,RGN011
CUST007370,Rajesh Venkatesh,9340538676,Male,Married,1783596,Upper-Middle,Software Engineer,Low,31,Hindi,RGN012
CUST007371,Pradeep Kapoor,9703737967,Female,Married,139029,Low,Driver,High,43,Hindi,RGN026
CUST007372,Sapna Krishnan,7803671999,Male,Married,869429,Upper-Middle,Business Owner,Medium,27,Hindi,RGN002
CUST007373,Sapna Joshi,8650123578,Female,Married,181552,Low,Teacher,Low,41,Hindi,RGN036
CUST007374,Pooja Jadhav,7239497083,Male,Single,206985,Low,Driver,High,29,Hindi,RGN033
CUST007375,Vijay Kumar,8062629536,Female,Widowed,189794,Low,Teacher,Low,27,Hindi,RGN042
CUST007376,Sunil Menon,8414877745,Female,Single,236119,Low,Front Desk Executive,Low,30,Hindi,RGN043
CUST007377,Kritika Kulkarni,8188368089,Female,Married,1041718,Upper-Middle,Doctor,Low,33,Hindi,RGN028
CUST007378,Rekha Shah,6932079644,Male,Single,165185,Low,Teacher,Low,37,Telugu,RGN018
CUST007379,Pooja Sharma,6755253912,Male,Married,314242,Middle,Teacher,Low,40,Hindi,RGN001
CUST007380,Kritika Tiwari,8525003089,Female,Married,1690096,Upper-Middle,Software Engineer,Low,18,Hindi,RGN012
CUST007381,Nikhil Pandey,9376027870,Female,Single,245109,Low,Teacher,Low,28,Hindi,RGN040
CUST007382,Arjun Venkatesh,7321583630,Male,Married,2053844,High,Software Engineer,Low,33,Hindi,RGN033
CUST007383,Rahul Dubey,7928586743,Female,Married,5963587,High,Pilot,High,56,Hindi,RGN043
CUST007384,Vijay Das,9048988336,Female,Widowed,688901,Middle,Software Engineer,Low,25,Hindi,RGN036
CUST007385,Siddharth Patel,7817506094,Female,Married,156762,Low,Driver,High,39,Hindi,RGN029
CUST007386,Sapna Shah,9188806951,Female,Single,4427262,High,Doctor,Low,55,Hindi,RGN039
CUST007387,Anjali More,7191429673,Male,Single,216676,Low,Driver,High,22,Oriya,RGN032
CUST007388,Siddharth Dubey,6746863864,Male,Married,114182,Low,Farmer,Medium,42,Hindi,RGN034
CUST007389,Anil Malhotra,9107812779,Male,Single,2349832,High,Business Owner,Medium,28,Kannada,RGN022
CUST007390,Shweta More,8917655898,Female,Married,2205784,High,Business Owner,Medium,31,Hindi,RGN014
CUST007391,Sunita Reddy,7391627049,Male,Married,484396,Middle,Business Owner,Medium,28,Tamil,RGN023
CUST007392,Tanvi Das,6418562333,Male,Married,2676039,High,Business Owner,Medium,29,Hindi,RGN047
CUST007393,Anjali Gupta,7167290037,Female,Single,1716532,Upper-Middle,Business Owner,Medium,65,Hindi,RGN039
CUST007394,Bhavna Rajan,6268130783,Female,Married,176679,Low,Hardware Technician,Medium,48,Hindi,RGN008
CUST007395,Rohit Kumar,7074552900,Male,Married,319493,Middle,Teacher,Low,51,Hindi,RGN001
CUST007396,Sapna Kumar,7592057083,Female,Married,1525568,Upper-Middle,Software Engineer,Low,43,Tamil,RGN023
CUST007397,Uday Tiwari,7263030783,Male,Married,1446147,Upper-Middle,Software Engineer,Low,18,Hindi,RGN006
CUST007398,Vijay Kapoor,9164294612,Female,Widowed,322396,Middle,Front Desk Executive,Low,42,Hindi,RGN009
CUST007399,Nikhil Sharma,8798123316,Male,Married,428634,Middle,Teacher,Low,50,Hindi,RGN049
CUST007400,Ravi Balaji,6308992563,Male,Married,1055060,Upper-Middle,Software Engineer,Low,27,Hindi,RGN014
CUST007401,Vishal Das,6140215308,Female,Married,2403699,High,Software Engineer,Low,49,Oriya,RGN031
CUST007402,Lakshmi Deshpande,6402761778,Male,Single,173658,Low,Driver,High,46,Hindi,RGN050
CUST007403,Rajesh Balaji,6289332345,Female,Single,357546,Middle,Hardware Technician,Medium,60,Telugu,RGN017
CUST007404,Isha Sharma,8223177816,Male,Single,761235,Middle,Doctor,Low,32,Hindi,RGN050
CUST007405,Anil Agarwal,7142765657,Female,Married,927449,Upper-Middle,Software Engineer,Low,24,Hindi,RGN034
CUST007406,Arjun Tripathi,6762141635,Other,Single,297033,Low,Front Desk Executive,Low,33,Hindi,RGN045
CUST007407,Nandini Mishra,6214210611,Male,Divorced,656971,Middle,Real Estate Agent,Medium,55,Telugu,RGN020
CUST007408,Bhavna Gowda,8106455820,Female,Married,282981,Low,Real Estate Agent,Medium,18,Oriya,RGN032
CUST007409,Aditya Tiwari,6941244516,Female,Married,1616812,Upper-Middle,Doctor,Low,18,Telugu,RGN018
CUST007410,Karan Tiwari,6946537092,Female,Married,690364,Middle,Software Engineer,Low,39,Hindi,RGN045
CUST007411,Anjali Mehta,7879832323,Female,Married,1783387,Upper-Middle,Business Owner,Medium,32,Hindi,RGN016
CUST007412,Lakshmi Menon,9770989534,Male,Divorced,2183925,High,Software Engineer,Low,38,Hindi,RGN013
CUST007413,Sunil Hegde,7517013588,Male,Single,337905,Middle,Teacher,Low,49,Hindi,RGN027
CUST007414,Kavya Tiwari,6215552489,Female,Married,906316,Upper-Middle,Software Engineer,Low,31,Hindi,RGN042
CUST007415,Akash Balaji,7087130161,Male,Married,207592,Low,Teacher,Low,18,Telugu,RGN020
CUST007416,Yash Pandey,6411212610,Male,Single,773688,Middle,Software Engineer,Low,62,Hindi,RGN046
CUST007417,Santosh Nair,6610296746,Male,Divorced,2449246,High,Pilot,High,26,Hindi,RGN050
CUST007418,Priya Rao,9780349316,Male,Single,398395,Middle,Driver,High,25,Hindi,RGN005
CUST007419,Uday Tiwari,7934835574,Male,Married,161893,Low,Farmer,Medium,51,Telugu,RGN020
CUST007420,Aarav Reddy,6857471771,Male,Married,1380926,Upper-Middle,Software Engineer,Low,33,Kannada,RGN021
CUST007421,Sneha Reddy,8564896432,Female,Divorced,249052,Low,Farmer,Medium,37,Hindi,RGN029
CUST007422,Meera Gowda,7469631815,Male,Married,110470,Low,Front Desk Executive,Low,43,Kannada,RGN022
CUST007423,Ravi Joshi,9099326343,Female,Divorced,1052850,Upper-Middle,Software Engineer,Low,51,Hindi,RGN030
CUST007424,Vinod Shah,6926204824,Female,Single,2322016,High,Software Engineer,Low,33,Oriya,RGN031
CUST007425,Yash Dubey,6152173810,Male,Married,2456377,High,Software Engineer,Low,56,Hindi,RGN037
CUST007426,Zara Reddy,6897332471,Female,Married,158301,Low,Front Desk Executive,Low,18,Oriya,RGN032
CUST007427,Nandini Rajan,8258999673,Male,Married,2482931,High,Doctor,Low,47,Hindi,RGN015
CUST007428,Prakash Joshi,6316972818,Male,Married,2241223,High,Software Engineer,Low,27,Hindi,RGN035
CUST007429,Isha Shah,8840734319,Female,Married,3856288,High,Doctor,Low,54,Hindi,RGN007
CUST007430,Sunil Kapoor,6857346986,Female,Married,111581,Low,Farmer,Medium,39,Hindi,RGN006
CUST007431,Ananya Malhotra,9589701542,Male,Married,184980,Low,Real Estate Agent,Medium,29,Hindi,RGN006
CUST007432,Neha Mehta,7709557720,Male,Divorced,2829345,High,Business Owner,Medium,45,Hindi,RGN033
CUST007433,Pradeep Srivastava,6536889089,Male,Married,3769126,High,Business Owner,Medium,48,Hindi,RGN043
CUST007434,Isha Krishnan,9435382018,Female,Single,1520174,Upper-Middle,Doctor,Low,45,Tamil,RGN024
CUST007435,Ravi Rajan,9767129441,Male,Married,1899320,Upper-Middle,Software Engineer,Low,25,Hindi,RGN041
CUST007436,Sarika Reddy,6530912707,Male,Single,2642921,High,Software Engineer,Low,32,Hindi,RGN007
CUST007437,Poonam Iyer,7662062724,Female,Married,2140333,High,Software Engineer,Low,37,Hindi,RGN005
CUST007438,Uday Shah,8709967450,Female,Married,298339,Low,Front Desk Executive,Low,37,Hindi,RGN049
CUST007439,Siddharth Pillai,7620555562,Male,Married,1533805,Upper-Middle,Software Engineer,Low,46,Hindi,RGN038
CUST007440,Anil Bose,8557576811,Male,Single,2956866,High,Doctor,Low,18,Hindi,RGN050
CUST007441,Amrita Venkatesh,7005655530,Male,Single,973117,Upper-Middle,Software Engineer,Low,42,Hindi,RGN009
CUST007442,Sneha Desai,8074393872,Female,Married,82818,Low,Farmer,Medium,34,Hindi,RGN010
CUST007443,Geeta Venkatesh,9075933592,Female,Married,232961,Low,Farmer,Medium,27,Hindi,RGN045
CUST007444,Sanjay Patil,8238448232,Female,Single,777447,Middle,Software Engineer,Low,29,Hindi,RGN006
CUST007445,Vinod Saxena,6171063781,Male,Married,195673,Low,Front Desk Executive,Low,35,Telugu,RGN018
CUST007446,Harsha Patil,6868938395,Male,Married,109869,Low,Hardware Technician,Medium,18,Hindi,RGN046
CUST007447,Sapna Reddy,8345712840,Female,Married,686571,Middle,Business Owner,Medium,29,Hindi,RGN043
CUST007448,Rekha Patel,7840588704,Female,Married,272400,Low,Hardware Technician,Medium,27,Hindi,RGN042
CUST007449,Vijay Pandey,6931873233,Female,Married,1070789,Upper-Middle,Business Owner,Medium,44,Hindi,RGN012
CUST007450,Vishal Rao,8195096233,Male,Widowed,335735,Middle,Front Desk Executive,Low,28,Hindi,RGN001
CUST007451,Isha Chakraborty,8405938983,Male,Married,2008946,High,Software Engineer,Low,35,Hindi,RGN045
CUST007452,Anil Kumar,7337873358,Female,Married,337875,Middle,Teacher,Low,56,Hindi,RGN005
CUST007453,,6582998959,Male,Single,381906,Middle,Hardware Technician,Medium,49,Hindi,RGN005
CUST007454,Zara Naik,6488059515,Female,Married,132007,Low,Farmer,Medium,48,Tamil,RGN023
CUST007455,Santosh Bose,8674642273,Male,Married,496699,Middle,Real Estate Agent,Medium,32,Hindi,RGN049
CUST007456,Karan Shetty,6063647048,Female,Married,2078843,High,Software Engineer,Low,44,Hindi,RGN043
CUST007457,Zara Tripathi,9042804891,Female,Married,150547,Low,Front Desk Executive,Low,35,Hindi,RGN034
CUST007458,Vijay Balaji,7944763377,Female,Married,124134,Low,Farmer,Medium,35,Hindi,RGN030
CUST007459,Deepak Deshpande,7804701303,Male,Married,205755,Low,Front Desk Executive,Low,42,Hindi,RGN013
CUST007460,Akash Krishnan,9604919179,Male,Single,309097,Middle,Teacher,Low,30,Hindi,RGN040
CUST007461,Isha Tiwari,9057973108,Male,Single,1970220,Upper-Middle,Business Owner,Medium,55,Hindi,RGN049
CUST007462,Suresh Iyer,6271362255,Male,Single,565418,Middle,Teacher,Low,36,Hindi,RGN009
CUST007463,Vijay Malhotra,9841903222,Male,Married,3213185,High,Doctor,Low,45,Hindi,RGN015
CUST007464,Nandini Bose,6138869186,Male,Married,353234,Middle,Driver,High,55,Hindi,RGN007
CUST007465,Sandeep Rajan,9070941957,Female,Married,1406435,Upper-Middle,Software Engineer,Low,50,Hindi,RGN030
CUST007466,Anil Das,7416858453,Female,Married,831997,Upper-Middle,Doctor,Low,21,Tamil,RGN023
CUST007467,Anil Shah,9981053405,Female,Married,251520,Low,Teacher,Low,43,Hindi,RGN012
CUST007468,Ananya Rajan,7474923081,Male,Married,338375,Middle,Teacher,Low,48,Hindi,RGN002
CUST007469,Shweta Krishnan,6799345651,Male,Married,3640096,High,Business Owner,Medium,48,Hindi,RGN045
CUST007470,Rohit Hegde,7907267453,Male,Married,152473,Low,Front Desk Executive,Low,24,Hindi,RGN048
CUST007471,Ramesh Chakraborty,7962599917,Male,Married,366841,Middle,Business Owner,Medium,30,Telugu,RGN018
CUST007472,Neha Srivastava,6271522737,Male,Married,474430,Middle,Real Estate Agent,Medium,49,Hindi,RGN038
CUST007473,Poonam Menon,7263861716,Female,Single,366762,Middle,Teacher,Low,28,Oriya,RGN032
CUST007474,Karan Dubey,6383581781,Female,Divorced,1784046,Upper-Middle,Software Engineer,Low,34,Hindi,RGN028
CUST007475,Ravi Gupta,6524503578,Male,Married,172117,Low,Farmer,Medium,56,Hindi,RGN034
CUST007476,Ramesh Malhotra,7542113579,Male,Married,307033,Middle,Real Estate Agent,Medium,37,Hindi,RGN010
CUST007477,Geeta Nair,9144400579,Female,Married,60798,Low,Farmer,Medium,29,Hindi,RGN050
CUST007478,Karan Subramanian,9984315227,Female,Single,288910,Low,Teacher,Low,27,Hindi,RGN011
CUST007479,Ramesh Patil,6107465506,Male,Married,1039180,Upper-Middle,Software Engineer,Low,41,Telugu,RGN018
CUST007480,Prakash Saxena,8302006865,Female,Married,181038,Low,Front Desk Executive,Low,22,Telugu,RGN019
CUST007481,Aarav Reddy,7320420422,Male,Single,774132,Middle,Business Owner,Medium,35,Oriya,RGN032
CUST007482,Nikhil Hegde,8704284850,Female,Married,285604,Low,Front Desk Executive,Low,41,Telugu,RGN017
CUST007483,Lakshmi Mehta,6367245089,Female,Married,290604,Low,Front Desk Executive,Low,53,Hindi,RGN005
CUST007484,Sanjay Desai,7200858752,Male,Single,263550,Low,Teacher,Low,46,Hindi,RGN050
CUST007485,Vikram Subramanian,6932694464,Female,Married,1698154,Upper-Middle,Pilot,High,29,Hindi,RGN044
CUST007486,Ravi Shah,7102912097,Female,Married,1349316,Upper-Middle,Software Engineer,Low,52,Hindi,RGN045
CUST007487,Poonam Bose,9583571786,Female,Married,2070725,High,Software Engineer,Low,34,Hindi,RGN007
CUST007488,Arjun Rajan,7089279979,Female,Married,217830,Low,Front Desk Executive,Low,23,Hindi,RGN007
CUST007489,Kritika Shah,7483294807,Female,Married,174230,Low,Hardware Technician,Medium,35,Hindi,RGN026
CUST007490,Aditi Patil,8268901750,Male,Widowed,999395,Upper-Middle,Software Engineer,Low,55,Hindi,RGN043
CUST007491,Geeta Krishnan,6775475031,Female,Married,593608,Middle,Software Engineer,Low,39,Telugu,RGN020
CUST007492,Tanvi Shetty,9815736640,Female,Married,218582,Low,Farmer,Medium,38,Hindi,RGN007
CUST007493,Priya Gowda,9801200390,Female,Married,314121,Middle,Real Estate Agent,Medium,57,Hindi,RGN013
CUST007494,Vijay Kulkarni,6970476595,Female,Married,1092394,Upper-Middle,Real Estate Agent,Medium,20,Hindi,RGN003
CUST007495,Santosh Kulkarni,8408888503,Male,Married,1221662,Upper-Middle,Software Engineer,Low,22,Hindi,RGN007
CUST007496,Vikram Kulkarni,9219304180,Male,Married,258987,Low,Teacher,Low,18,Tamil,RGN024
CUST007497,Swati Mehta,8829604620,Female,Married,1461664,Upper-Middle,Software Engineer,Low,42,Kannada,RGN022
CUST007498,Aryan Deshpande,9384322156,Male,Married,2171482,High,Doctor,Low,39,Hindi,RGN046
CUST007499,Sarika Rajan,7439768252,Female,Married,1857826,Upper-Middle,Business Owner,Medium,56,Hindi,RGN008
CUST007500,Pradeep Patil,7815474329,Female,Married,199200,Low,Driver,High,40,Hindi,RGN005
CUST007501,Manoj Balaji,8575538350,Female,Married,813832,Upper-Middle,Software Engineer,Low,33,Hindi,RGN039
CUST007502,Nandini Chakraborty,9541390744,Female,Single,1611181,Upper-Middle,Software Engineer,Low,38,Kannada,RGN022
CUST007503,Bhavna Pandey,9910708611,Male,Married,2796205,High,Doctor,Low,39,Telugu,RGN018
CUST007504,Santosh Chaudhary,6237032288,Female,Married,151299,Low,Farmer,Medium,18,Hindi,RGN027
CUST007505,Nikhil Deshpande,9026005206,Male,Single,592039,Middle,Real Estate Agent,Medium,65,Hindi,RGN036
CUST007506,Zara Bose,6084106977,Male,Single,2410363,High,Business Owner,Medium,44,Oriya,RGN031
CUST007507,Vinod Patel,9532386377,Male,Married,499653,Middle,Hardware Technician,Medium,40,Hindi,RGN049
CUST007508,Sapna Tiwari,7642178572,Female,Single,2325425,High,Software Engineer,Low,45,Hindi,RGN049
CUST007509,Shweta Dubey,78043XXXXX,Male,Single,1547048,Upper-Middle,Pilot,High,46,Hindi,RGN016
CUST007510,Nandini Pandey,7380869191,Male,Single,2997360,High,Software Engineer,Low,36,Hindi,RGN041
CUST007511,Gaurav Iyer,6981745527,Male,Married,1063682,Upper-Middle,Software Engineer,Low,30,Tamil,RGN024
CUST007512,Sanjay Verma,8370041023,Male,Married,3996090,High,Business Owner,Medium,45,Tamil,RGN023
CUST007513,Rajesh Das,7628641169,Male,Married,1066492,Upper-Middle,Business Owner,Medium,42,Hindi,RGN049
CUST007514,Vinod Kapoor,7770389313,Female,Single,682401,Middle,Software Engineer,Low,28,Hindi,RGN050
CUST007515,Divya Srivastava,94903XXXXX,Male,Married,271778,Low,Teacher,Low,55,Hindi,RGN030
CUST007516,Varun Gupta,9293190101,Male,Married,709020,Middle,Business Owner,Medium,41,Hindi,RGN048
CUST007517,Sunil Kapoor,8540574487,Male,Single,784875,Middle,Software Engineer,Low,46,Hindi,RGN027
CUST007518,Lakshmi Srivastava,6381717474,Female,Married,184665,Low,Teacher,Low,54,Hindi,RGN012
CUST007519,Priya Pillai,6792328533,Male,Married,2869874,High,Software Engineer,Low,38,Hindi,RGN007
CUST007520,Aditya Desai,9362305762,Male,Divorced,119565,Low,Driver,High,41,Hindi,RGN044
CUST007521,Vishal Rao,6726693185,Female,Married,950203,Upper-Middle,Real Estate Agent,Medium,47,Telugu,RGN017
CUST007522,Rohit Rajan,8218625395,Female,Single,501668,Middle,Teacher,Low,29,Hindi,RGN003
CUST007523,Pradeep Nair,9394874224,Female,Married,1466034,Upper-Middle,Software Engineer,Low,38,Hindi,RGN006
CUST007524,Aditya Sharma,8620175370,Male,Single,1344075,Upper-Middle,Software Engineer,Low,39,Hindi,RGN004
CUST007525,Rekha Agarwal,7634448304,Male,Married,2447838,High,Software Engineer,Low,26,Hindi,RGN041
CUST007526,Nandini Krishnan,6054589601,Female,Married,448772,Middle,Hardware Technician,Medium,65,Hindi,RGN025
CUST007527,Pooja Kapoor,7772867566,Female,Single,496111,Middle,Teacher,Low,21,Hindi,RGN015
CUST007528,Tanvi Patil,6734571071,Male,Married,205268,Low,Driver,High,22,Hindi,RGN042
CUST007529,Kritika Pillai,9806550264,Male,Married,486477,Middle,Teacher,Low,53,Hindi,RGN003
CUST007530,Suresh Gowda,9223146420,Male,Married,506025,Middle,Business Owner,Medium,46,Hindi,RGN042
CUST007531,Meera More,7076579667,Male,Single,418504,Middle,Teacher,Low,25,Kannada,RGN022
CUST007532,Geeta Kapoor,8813434477,Male,Single,384174,Middle,Teacher,Low,45,Hindi,RGN030
CUST007533,Kritika Venkatesh,9236966378,Male,Married,1660116,Upper-Middle,Doctor,Low,55,Hindi,RGN009
CUST007534,Rekha Das,9120459776,Female,Married,212491,Low,Teacher,Low,37,Oriya,RGN032
CUST007535,Swati Chakraborty,9404950692,Male,Widowed,646196,Middle,Software Engineer,Low,65,Hindi,RGN039
CUST007536,Swati Shah,8191155652,Female,Married,472239,Middle,Hardware Technician,Medium,18,Hindi,RGN011
CUST007537,Santosh Desai,7781362480,Female,Married,1469184,Upper-Middle,Real Estate Agent,Medium,46,Hindi,RGN035
CUST007538,Akash Desai,8677933839,Female,Single,492172,Middle,Teacher,Low,51,Hindi,RGN033
CUST007539,Meera Srivastava,8027862631,Female,Married,2886752,High,Pilot,High,48,Hindi,RGN028
CUST007540,Kunal Tripathi,8135039785,Male,Married,596805,Middle,Teacher,Low,35,Hindi,RGN003
CUST007541,Rohit Das,6412011906,Male,Married,171022,Low,Farmer,Medium,34,Hindi,RGN042
CUST007542,Varun Gupta,9736852374,Female,Married,2187436,High,Doctor,Low,43,Hindi,RGN038
CUST007543,Aryan Reddy,9611558497,Female,Single,1044633,Upper-Middle,Software Engineer,Low,47,Hindi,RGN014
CUST007544,Kritika Pandey,7840081105,Other,Single,2440654,High,Doctor,Low,45,Hindi,RGN003
CUST007545,Ramesh Balaji,7124076678,Male,Married,1052686,Upper-Middle,Software Engineer,Low,50,Hindi,RGN027
CUST007546,Kunal Subramanian,9198664533,Male,Married,363899,Middle,Teacher,Low,25,Tamil,RGN023
CUST007547,Rahul Desai,7733107476,Male,Single,1270605,Upper-Middle,Software Engineer,Low,35,Telugu,RGN018
CUST007548,Kritika Rao,6310777353,Female,Married,1763664,Upper-Middle,Doctor,Low,26,Hindi,RGN042
CUST007549,Yash Gupta,7964144127,Female,Married,2684402,High,Business Owner,Medium,33,Hindi,RGN039
CUST007550,Gaurav Gupta,8798802720,Female,Married,2798881,High,Business Owner,Medium,50,Hindi,RGN039
CUST007551,Rekha Deshpande,7525120987,Male,Married,3251988,High,Business Owner,Medium,39,Hindi,RGN027
CUST007552,Neha Krishnan,8546700475,Female,Divorced,186675,Low,Front Desk Executive,Low,65,Hindi,RGN005
CUST007553,Sanjay Mehta,9012808703,Female,Married,497537,Middle,Software Engineer,Low,40,Hindi,RGN006
CUST007554,Sunil Malhotra,8116386101,Male,Married,200466,Low,Driver,High,38,Hindi,RGN014
CUST007555,Deepa Agarwal,6830153527,Male,Married,537995,Middle,Teacher,Low,39,Hindi,RGN027
CUST007556,Akash Kapoor,6056088638,Male,Divorced,202658,Low,Hardware Technician,Medium,30,Hindi,RGN049
CUST007557,Uday Dubey,8196284194,Female,Married,695604,Middle,Teacher,Low,37,Hindi,RGN037
CUST007558,Kunal Tripathi,8746905792,Male,Married,2263583,High,Software Engineer,Low,51,Telugu,RGN017
CUST007559,Uday Nair,7218395768,Male,Single,137409,Low,Driver,High,39,Hindi,RGN016
CUST007560,Suresh Joshi,9598897865,Female,Single,131553,Low,Hardware Technician,Medium,28,Hindi,RGN048
CUST007561,Anil Agarwal,6951786318,Male,Married,2748016,High,Software Engineer,Low,26,Telugu,RGN019
CUST007562,Sanjay Reddy,7786985687,Male,Single,1132134,Upper-Middle,Software Engineer,Low,32,Hindi,RGN030
CUST007563,Deepa Reddy,9737995688,Female,Divorced,233641,Low,Teacher,Low,38,Hindi,RGN044
CUST007564,Anil Chakraborty,6859665216,Female,Married,580797,Middle,Software Engineer,Low,52,Hindi,RGN010
CUST007565,Karan Gowda,7487864801,Male,Married,3680037,High,Business Owner,Medium,21,Hindi,RGN027
CUST007566,Vishal Shetty,6511842641,Male,Married,415196,Middle,Teacher,Low,34,Hindi,RGN040
CUST007567,Santosh Patil,6220583595,Female,Married,328637,Middle,Teacher,Low,39,Hindi,RGN005
CUST007568,Pradeep Agarwal,9880835262,Female,Divorced,2408970,High,Business Owner,Medium,18,Hindi,RGN003
CUST007569,Ravi Agarwal,9382760670,Male,Single,1389444,Upper-Middle,Software Engineer,Low,27,Hindi,RGN010
CUST007570,Shruti Nair,9250917926,Female,Single,483366,Middle,Teacher,Low,29,Hindi,RGN009
CUST007571,Sanjay Pillai,6198095606,Male,Single,183308,Low,Farmer,Medium,28,Hindi,RGN035
CUST007572,Aditi Rajan,7232367365,Female,Married,1278370,Upper-Middle,Software Engineer,Low,40,Hindi,RGN048
CUST007573,Rajesh Patil,8019731112,Female,Single,201816,Low,Farmer,Medium,36,Hindi,RGN015
CUST007574,Arjun More,6272216317,Male,Single,307569,Middle,Teacher,Low,31,Hindi,RGN046
CUST007575,Yash Deshpande,8199389273,Female,Married,379537,Middle,Business Owner,Medium,43,Tamil,RGN024
CUST007576,Ravi Mishra,7409586354,Female,Married,1429384,Upper-Middle,Business Owner,Medium,58,Hindi,RGN026
CUST007577,Sapna Kulkarni,9923266242,Male,Divorced,913630,Upper-Middle,Software Engineer,Low,57,Hindi,RGN010
CUST007578,Divya Joshi,9639074266,Male,Single,111996,Low,Front Desk Executive,Low,18,Hindi,RGN042
CUST007579,Tanvi Singh,7389122800,Female,Single,111425,Low,Farmer,Medium,44,Hindi,RGN042
CUST007580,Mohit Gowda,7370609314,Female,Single,1775607,Upper-Middle,Software Engineer,Low,35,Telugu,RGN019
CUST007581,Aditi Naik,6733612393,Male,Divorced,243300,Low,Teacher,Low,39,Hindi,RGN002
CUST007582,Vishal Menon,7818945497,Male,Married,2073091,High,Business Owner,Medium,33,Hindi,RGN012
CUST007583,Vishal Subramanian,8152385897,Male,Married,454190,Middle,Teacher,Low,39,Hindi,RGN009
CUST007584,Tanvi Mishra,7506713223,Male,Married,1516569,Upper-Middle,Software Engineer,Low,39,Tamil,RGN024
CUST007585,Karan Bose,9090313464,Female,Married,260241,Low,Teacher,Low,31,Hindi,RGN016
CUST007586,Sunita Das,8390153395,Male,Single,199747,Low,Farmer,Medium,27,Telugu,RGN017
CUST007587,Deepa Shetty,7326509012,Male,Single,280733,Low,Front Desk Executive,Low,32,Hindi,RGN043
CUST007588,Shweta Pandey,6848936459,Female,Married,280701,Low,Hardware Technician,Medium,40,Hindi,RGN047
CUST007589,Vinod Hegde,6300679913,Female,Married,2383273,High,Software Engineer,Low,45,Hindi,RGN049
CUST007590,Neha Das,8680606561,Female,Single,1375404,Upper-Middle,Software Engineer,Low,48,Hindi,RGN048
CUST007591,Siddharth Tiwari,7174726723,Male,Single,677429,Middle,Real Estate Agent,Medium,32,Hindi,RGN011
CUST007592,Tanvi Mehta,8068877275,Male,Married,786036,Middle,Software Engineer,Low,41,Hindi,RGN014
CUST007593,Siddharth Menon,7866897073,Female,Married,3946269,High,Pilot,High,49,Hindi,RGN005
CUST007594,Rahul Jadhav,8218089316,Male,Married,254461,Low,Teacher,Low,51,Hindi,RGN011
CUST007595,Shweta Mehta,7379953420,Female,Married,2435105,High,Software Engineer,Low,37,Hindi,RGN015
CUST007596,Ravi Kulkarni,8668073526,Female,Single,700381,Middle,Software Engineer,Low,35,Hindi,RGN010
CUST007597,Priya Joshi,9565298053,Male,Single,2650488,High,Doctor,Low,40,Hindi,RGN034
CUST007598,Varun Deshpande,6361004605,Male,Married,852125,Upper-Middle,Software Engineer,Low,24,Oriya,RGN032
CUST007599,Anil Kapoor,6001995009,Female,Married,406224,Middle,Real Estate Agent,Medium,35,Hindi,RGN045
CUST007600,Ravi Mishra,9264627167,Male,Married,890944,Upper-Middle,Business Owner,Medium,46,Hindi,RGN003
CUST007601,Rahul Mishra,8205935415,Female,Single,3634875,High,Business Owner,Medium,45,Hindi,RGN013
CUST007602,Kavya Sharma,9239742474,Male,Married,1456710,Upper-Middle,Software Engineer,Low,34,Tamil,RGN023
CUST007603,Ravi More,7589199597,Male,Single,1884359,Upper-Middle,Software Engineer,Low,40,Hindi,RGN049
CUST007604,Bhavna Malhotra,8651984656,Male,Single,259681,Low,Hardware Technician,Medium,28,Hindi,RGN034
CUST007605,Arjun Nair,7160328889,Male,Married,169294,Low,Hardware Technician,Medium,46,Telugu,RGN020
CUST007606,Pooja Mishra,8897894172,Female,Married,1711458,Upper-Middle,Software Engineer,Low,37,Hindi,RGN010
CUST007607,Neha Gupta,9352882808,Male,Married,1483909,Upper-Middle,Business Owner,Medium,34,Kannada,RGN022
CUST007608,Neha Menon,7314302520,Female,Married,116696,Low,Farmer,Medium,33,Hindi,RGN046
CUST007609,Mohit Shah,6298904269,Male,Married,3628098,High,Business Owner,Medium,37,Hindi,RGN041
CUST007610,Shweta Singh,6878253467,Female,Married,61181,Low,Farmer,Medium,32,Hindi,RGN028
CUST007611,Anjali Hegde,6997850616,Female,Single,160976,Low,Driver,High,45,Hindi,RGN003
CUST007612,Kavya Bose,6312178888,Male,Single,495575,Middle,Hardware Technician,Medium,33,Tamil,RGN023
CUST007613,Gaurav Kumar,6626669874,Male,Married,810697,Upper-Middle,Software Engineer,Low,57,Hindi,RGN028
CUST007614,Amrita Gowda,9637958187,Female,Single,152255,Low,Farmer,Medium,55,Hindi,RGN035
CUST007615,Vijay Nair,6795495711,Female,Single,710029,Middle,Software Engineer,Low,27,Telugu,RGN017
CUST007616,Vinod Mehta,9049441536,Male,Married,2163212,High,Software Engineer,Low,38,Hindi,RGN001
CUST007617,Aarav Subramanian,6451831321,Female,Married,248884,Low,Farmer,Medium,30,Hindi,RGN043
CUST007618,Swati Menon,6670491561,Female,Divorced,1825540,Upper-Middle,Software Engineer,Low,34,Kannada,RGN021
CUST007619,Zara Jadhav,6072607685,Male,Widowed,1468060,Upper-Middle,Real Estate Agent,Medium,62,Hindi,RGN015
CUST007620,Ravi Iyer,6640640058,Male,Divorced,4755672,High,Doctor,Low,34,Hindi,RGN045
CUST007621,Prakash Pillai,8451282729,Male,Married,644126,Middle,Teacher,Low,42,Hindi,RGN025
CUST007622,Siddharth Pillai,8289811664,Male,Married,893332,Upper-Middle,Software Engineer,Low,44,Hindi,RGN035
CUST007623,Sarika Kumar,9248325957,Female,Single,202753,Low,Front Desk Executive,Low,25,Telugu,RGN017
CUST007624,Sunil Chakraborty,8859133759,Male,Single,1783134,Upper-Middle,Software Engineer,Low,27,Hindi,RGN016
CUST007625,Vinod Singh,7345823881,Female,Married,414990,Middle,Hardware Technician,Medium,23,Hindi,RGN027
CUST007626,Arjun Shah,9169467568,Female,Married,438868,Middle,Software Engineer,Low,27,Hindi,RGN002
CUST007627,Uday Pandey,7924768072,Female,Married,2203555,High,Business Owner,Medium,18,Hindi,RGN034
CUST007628,Uday Saxena,8719104397,Female,Single,850532,Upper-Middle,Real Estate Agent,Medium,44,Hindi,RGN016
CUST007629,Sapna Sharma,9367621360,Male,Married,389300,Middle,Teacher,Low,62,Hindi,RGN014
CUST007630,Ravi Reddy,9294944727,Female,Married,162525,Low,Hardware Technician,Medium,39,Oriya,RGN032
CUST007631,Sarika Das,7455769998,Female,Married,4123034,High,Doctor,Low,21,Hindi,RGN033
CUST007632,Ravi Verma,9511948933,Female,Married,1319611,Upper-Middle,Business Owner,Medium,30,Hindi,RGN048
CUST007633,Aditya Agarwal,7639960144,Male,Single,2641401,High,Software Engineer,Low,32,Hindi,RGN039
CUST007634,Anjali Dubey,9159977194,Female,Married,1554082,Upper-Middle,Business Owner,Medium,25,Hindi,RGN014
CUST007635,Bhavna Gupta,8595961409,Male,Married,133306,Low,Front Desk Executive,Low,48,Tamil,RGN024
CUST007636,Prakash Agarwal,9741841264,Female,Single,211854,Low,Driver,High,47,Hindi,RGN044
CUST007637,Karan Shetty,6535293227,Female,Married,377598,Middle,Teacher,Low,24,Kannada,RGN022
CUST007638,Sandeep Verma,9973057218,Male,Divorced,896506,Upper-Middle,Real Estate Agent,Medium,46,Oriya,RGN032
CUST007639,Bhavna Reddy,7626313494,Male,Married,130738,Low,Driver,High,56,Kannada,RGN022
CUST007640,Kunal Joshi,9499394522,Female,Single,335650,Middle,Driver,High,60,Hindi,RGN003
CUST007641,Varun Krishnan,9918055470,Female,Married,1513025,Upper-Middle,Software Engineer,Low,65,Hindi,RGN041
CUST007642,Deepa Kulkarni,6688730296,Male,Single,100514,Low,Farmer,Medium,27,Hindi,RGN029
CUST007643,Pradeep Joshi,7056336409,Male,Married,309828,Middle,Teacher,Low,65,Hindi,RGN043
CUST007644,Vijay Tiwari,9628271288,Female,Single,1234596,Upper-Middle,Software Engineer,Low,33,Hindi,RGN006
CUST007645,Neha Kapoor,7631096872,Female,Married,1058127,Upper-Middle,Software Engineer,Low,30,Tamil,RGN024
CUST007646,Rohit Patel,8407748816,Male,Married,166333,Low,Hardware Technician,Medium,41,Tamil,RGN024
CUST007647,Bhavna Rajan,7043281277,Male,Married,997287,Upper-Middle,Software Engineer,Low,31,Hindi,RGN030
CUST007648,Vishal Chaudhary,7177427894,Male,Married,1275932,Upper-Middle,Real Estate Agent,Medium,42,Hindi,RGN035
CUST007649,Shruti Mishra,7788724275,Male,Single,521798,Middle,Software Engineer,Low,22,Hindi,RGN050
CUST007650,Kunal Balaji,6460356089,Male,Married,2854143,High,Software Engineer,Low,35,Hindi,RGN027
CUST007651,Uday Mishra,8316470594,Male,Single,2612688,High,Business Owner,Medium,53,Hindi,RGN011
CUST007652,Divya Desai,9534073284,Male,Divorced,1413147,Upper-Middle,Doctor,Low,37,Hindi,RGN012
CUST007653,Rekha Balaji,8688932281,Female,Widowed,929651,Upper-Middle,Real Estate Agent,Medium,39,Hindi,RGN045
CUST007654,Manoj Dubey,9108228194,Male,Married,357326,Middle,Driver,High,43,Hindi,RGN005
CUST007655,Anil Deshpande,6334977593,Male,Married,399064,Middle,Real Estate Agent,Medium,52,Hindi,RGN015
CUST007656,Rekha Hegde,7678358845,Female,Married,568512,Middle,Software Engineer,Low,18,Hindi,RGN036
CUST007657,Akash Verma,8908678138,Female,Married,5054712,High,Pilot,High,45,Oriya,RGN031
CUST007658,Akash Singh,7311967647,Female,Married,91647,Low,Farmer,Medium,34,Oriya,RGN032
CUST007659,Manoj Singh,8833566388,Female,Single,1098789,Upper-Middle,Software Engineer,Low,39,Oriya,RGN032
CUST007660,Kunal Malhotra,7822706977,Male,Married,849901,Upper-Middle,Business Owner,Medium,50,Hindi,RGN039
CUST007661,Isha Das,9730842985,Male,Divorced,549910,Middle,Teacher,Low,23,Telugu,RGN017
CUST007662,Vijay Gupta,6770236810,Male,Single,232892,Low,Farmer,Medium,25,Hindi,RGN049
CUST007663,Sarika Joshi,8636320154,Male,Married,1498482,Upper-Middle,Software Engineer,Low,18,Hindi,RGN035
CUST007664,Arjun Jadhav,9121491228,Male,Single,292630,Low,Front Desk Executive,Low,31,Hindi,RGN049
CUST007665,Manoj Deshpande,9731941949,Female,Married,1670172,Upper-Middle,Business Owner,Medium,53,Hindi,RGN006
CUST007666,Priya Desai,7651185802,Male,Single,523405,Middle,Business Owner,Medium,36,Hindi,RGN043
CUST007667,Mohit Venkatesh,6231521809,Male,Married,458877,Middle,Hardware Technician,Medium,21,Hindi,RGN007
CUST007668,Pradeep Menon,9124920184,Female,Married,645201,Middle,Software Engineer,Low,32,Hindi,RGN046
CUST007669,Kavya Mishra,7597309806,Female,Married,4719283,High,Doctor,Low,20,Hindi,RGN039
CUST007670,Sandeep Jadhav,8727380165,Female,Single,99690,Low,Farmer,Medium,24,Hindi,RGN050
CUST007671,Karan Tripathi,8563245405,Male,Married,341240,Middle,Driver,High,42,Hindi,RGN033
CUST007672,Pooja Kumar,7606568154,Female,Single,160697,Low,Hardware Technician,Medium,23,Telugu,RGN018
CUST007673,Arjun Gowda,6985217729,Male,Divorced,212177,Low,Driver,High,51,Hindi,RGN042
CUST007674,Harsha Srivastava,9229234671,Male,Married,570573,Middle,Software Engineer,Low,37,Hindi,RGN038
CUST007675,Anjali Naik,8461732743,Female,Single,93385,Low,Driver,High,39,Telugu,RGN020
CUST007676,Lakshmi Shah,7972048730,Male,Married,910768,Upper-Middle,Doctor,Low,34,Hindi,RGN046
CUST007677,Rajesh Pillai,8766995359,Male,Divorced,480156,Middle,Hardware Technician,Medium,47,Hindi,RGN035
CUST007678,Swati Venkatesh,9071240847,Female,Married,181029,Low,Farmer,Medium,47,Tamil,RGN023
CUST007679,Kritika Reddy,9520562247,Female,Married,548647,Middle,Real Estate Agent,Medium,42,Hindi,RGN025
CUST007680,Sarika Nair,6803881437,Male,Married,223509,Low,Teacher,Low,44,Telugu,RGN020
CUST007681,Rohit Rajan,6045826096,Male,Married,1692366,Upper-Middle,Business Owner,Medium,35,Hindi,RGN046
CUST007682,Arjun Sharma,6075079752,Male,Married,357651,Middle,Driver,High,44,Hindi,RGN005
CUST007683,Poonam Singh,7178066774,Female,Single,424464,Middle,Teacher,Low,33,Hindi,RGN003
CUST007684,Aditya Malhotra,6893016368,Female,Single,616721,Middle,Software Engineer,Low,38,Hindi,RGN047
CUST007685,Sapna Singh,8263361891,Male,Single,759997,Middle,Software Engineer,Low,34,Hindi,RGN014
CUST007686,Karan Shetty,7559657272,Female,Single,454058,Middle,Real Estate Agent,Medium,32,Hindi,RGN026
CUST007687,Ananya Mehta,9818414762,Male,Married,460320,Middle,Software Engineer,Low,29,Hindi,RGN050
CUST007688,Aarav Shah,7802670946,Male,Divorced,231936,Low,Teacher,Low,43,Hindi,RGN044
CUST007689,Priya Gowda,6867716418,Female,Single,1732090,Upper-Middle,Software Engineer,Low,53,Hindi,RGN042
CUST007690,Amrita Dubey,6460499129,Female,Married,1483285,Upper-Middle,Real Estate Agent,Medium,52,Hindi,RGN015
CUST007691,Varun Tripathi,7632280297,Female,Married,1565458,Upper-Middle,Business Owner,Medium,22,Hindi,RGN037
CUST007692,Kunal Deshpande,61347XXXXX,Female,Married,185036,Low,Front Desk Executive,Low,53,Tamil,RGN024
CUST007693,Karan Menon,7866751965,Male,Married,623631,Middle,Software Engineer,Low,34,Hindi,RGN010
CUST007694,Shweta Singh,7767039274,Female,Divorced,410430,Middle,Teacher,Low,45,Hindi,RGN008
CUST007695,Geeta Dubey,6438397505,Male,Married,505587,Middle,Teacher,Low,27,Telugu,RGN017
CUST007696,Deepa Agarwal,7083360146,Male,Married,195165,Low,Hardware Technician,Medium,39,Hindi,RGN002
CUST007697,Sunita Chakraborty,9151188882,Female,Single,2475964,High,Software Engineer,Low,41,Oriya,RGN031
CUST007698,Ravi Naik,9032248913,Female,Married,642001,Middle,Software Engineer,Low,20,Hindi,RGN006
CUST007699,Aarav Krishnan,9043745576,Male,Married,3391067,High,Business Owner,Medium,45,Hindi,RGN037
CUST007700,Suresh Iyer,9394081927,Female,Single,615706,Middle,Business Owner,Medium,54,Hindi,RGN029
CUST007701,Aarav Balaji,8848277594,Female,Single,137891,Low,Farmer,Medium,35,Hindi,RGN042
CUST007702,Pooja Tripathi,9922701924,Male,Married,544012,Middle,Real Estate Agent,Medium,54,Telugu,RGN019
CUST007703,Kavya Patel,9759579633,Male,Widowed,2848881,High,Business Owner,Medium,35,Hindi,RGN041
CUST007704,Prakash Menon,9119351708,Male,Married,953799,Upper-Middle,Real Estate Agent,Medium,48,Hindi,RGN007
CUST007705,Kunal Pillai,9165081703,Male,Single,1788066,Upper-Middle,Software Engineer,Low,18,Kannada,RGN022
CUST007706,Anjali Mishra,9613524281,Female,Married,1413945,Upper-Middle,Business Owner,Medium,65,Hindi,RGN038
CUST007707,Rohit Patel,9945384554,Male,Married,127690,Low,Driver,High,55,Hindi,RGN050
CUST007708,Nikhil Sharma,7724475398,Female,Married,3250286,High,Doctor,Low,34,Hindi,RGN027
CUST007709,Santosh Reddy,9920148292,Female,Married,642032,Middle,Business Owner,Medium,18,Telugu,RGN020
CUST007710,Vikram Naik,7792599686,Male,Married,1470301,Upper-Middle,Real Estate Agent,Medium,41,Hindi,RGN007
CUST007711,Pooja Reddy,8066011655,Male,Married,190236,Low,Real Estate Agent,Medium,20,Hindi,RGN014
CUST007712,Rajesh Kulkarni,9511503555,Male,Married,932779,Upper-Middle,Software Engineer,Low,43,Hindi,RGN033
CUST007713,Rohit Gowda,6800660567,Female,Married,1404411,Upper-Middle,Software Engineer,Low,42,Hindi,RGN040
CUST007714,Nikhil Patil,9213600843,Male,Married,1162280,Upper-Middle,Software Engineer,Low,26,Hindi,RGN010
CUST007715,Yash Rao,6063993782,Male,Single,176841,Low,Front Desk Executive,Low,51,Hindi,RGN028
CUST007716,Swati Reddy,7691099787,Male,Married,137278,Low,Farmer,Medium,47,Hindi,RGN039
CUST007717,Deepak Patil,7191630916,Male,Married,348084,Middle,Teacher,Low,49,Hindi,RGN050
CUST007718,Priya Venkatesh,8168004721,Male,Single,1385563,Upper-Middle,Software Engineer,Low,38,Hindi,RGN001
CUST007719,Isha Srivastava,8357009358,Female,Married,2245017,High,Doctor,Low,21,Hindi,RGN014
CUST007720,Tanvi Kapoor,9170200555,Female,Single,482927,Middle,Hardware Technician,Medium,49,Telugu,RGN019
CUST007721,Uday Mishra,6187890052,Female,Married,1049325,Upper-Middle,Software Engineer,Low,34,Hindi,RGN030
CUST007722,Ravi Gowda,8232554334,Male,Married,1762489,Upper-Middle,Software Engineer,Low,21,Hindi,RGN038
CUST007723,Priya Malhotra,7321243025,Female,Married,144894,Low,Driver,High,54,Telugu,RGN020
CUST007724,Sneha Shah,7303613227,Male,Single,1453238,Upper-Middle,Software Engineer,Low,63,Tamil,RGN024
CUST007725,Aryan Mehta,9904744730,Male,Married,48906,Low,Farmer,Medium,37,Hindi,RGN006
CUST007726,Rajesh Srivastava,6107808766,Male,Widowed,1451683,Upper-Middle,Business Owner,Medium,63,Hindi,RGN003
CUST007727,Kunal Subramanian,9845334335,Female,Divorced,989744,Upper-Middle,Business Owner,Medium,39,Oriya,RGN032
CUST007728,Lakshmi Pandey,9843701180,Male,Single,368097,Middle,Driver,High,33,Hindi,RGN041
CUST007729,Ramesh Patil,7361363750,Male,Married,282992,Low,Farmer,Medium,30,Hindi,RGN005
CUST007730,Prakash Mishra,9050335116,Male,Married,2119312,High,Business Owner,Medium,57,Hindi,RGN012
CUST007731,Ramesh Menon,7784573625,Male,Married,110742,Low,Farmer,Medium,28,Hindi,RGN037
CUST007732,Zara Pillai,7034260273,Male,Married,154490,Low,Hardware Technician,Medium,46,Hindi,RGN040
CUST007733,Vikram Malhotra,7269927287,Male,Single,2788183,High,Software Engineer,Low,31,Hindi,RGN033
CUST007734,Gaurav Kapoor,6229400975,Male,Single,150489,Low,Hardware Technician,Medium,32,Telugu,RGN020
CUST007735,Pooja Rao,6102939409,Male,Married,1082996,Upper-Middle,Real Estate Agent,Medium,50,Oriya,RGN031
CUST007736,Sanjay Patel,9567895645,Male,Single,347671,Middle,Teacher,Low,33,Telugu,RGN018
CUST007737,Sneha Deshpande,6713032928,Male,Single,175952,Low,Farmer,Medium,33,Hindi,RGN009
CUST007738,Shweta Subramanian,8422138433,Male,Married,3218787,High,Doctor,Low,51,Hindi,RGN015
CUST007739,Swati Pandey,7133000429,Male,Married,356124,Middle,Real Estate Agent,Medium,57,Hindi,RGN047
CUST007740,Priya Patel,8603029309,Female,Married,188234,Low,Hardware Technician,Medium,45,Hindi,RGN044
CUST007741,Karan Rajan,8872020752,Male,Single,539251,Middle,Real Estate Agent,Medium,30,Hindi,RGN036
CUST007742,Akash Pandey,6025569318,Female,Married,258508,Low,Teacher,Low,31,Kannada,RGN021
CUST007743,Varun Menon,9062314387,Male,Married,289972,Low,Hardware Technician,Medium,38,Hindi,RGN040
CUST007744,Priya Krishnan,8437305359,Female,Single,347309,Middle,Front Desk Executive,Low,41,Hindi,RGN003
CUST007745,Shweta Nair,9276300976,Male,Married,559155,Middle,Software Engineer,Low,26,Hindi,RGN048
CUST007746,Sandeep Kapoor,7252739767,Male,Married,1123431,Upper-Middle,Software Engineer,Low,46,Hindi,RGN030
CUST007747,Swati Kumar,8881391420,Male,Married,272937,Low,Front Desk Executive,Low,39,Hindi,RGN015
CUST007748,Mohit Kulkarni,7756941431,Male,Married,1403707,Upper-Middle,Real Estate Agent,Medium,18,Tamil,RGN023
CUST007749,Tanvi Balaji,8013988784,Male,Single,1188758,Upper-Middle,Business Owner,Medium,26,Telugu,RGN020
CUST007750,Aditi Malhotra,7953371894,Female,Married,1360372,Upper-Middle,Software Engineer,Low,31,Telugu,RGN018
CUST007751,Pradeep Kapoor,7840888563,Other,Married,333575,Middle,Driver,High,37,Hindi,RGN027
CUST007752,Lakshmi Agarwal,6285212004,Male,Single,799908,Middle,Software Engineer,Low,60,Hindi,RGN002
CUST007753,Sarika Krishnan,6648515596,Female,Married,1316451,Upper-Middle,Software Engineer,Low,40,Hindi,RGN006
CUST007754,Vijay Mishra,8870321870,Male,Single,159519,Low,Farmer,Medium,27,Tamil,RGN023
CUST007755,Manoj Mehta,7950888842,Female,Married,216903,Low,Driver,High,40,Hindi,RGN042
CUST007756,Gaurav Agarwal,7594021698,Female,Widowed,207583,Low,Driver,High,33,Tamil,RGN023
CUST007757,Priya Hegde,6681356362,Male,Married,3393369,High,Pilot,High,41,Hindi,RGN038
CUST007758,Mohit Tiwari,7446265561,Male,Married,104589,Low,Farmer,Medium,44,Hindi,RGN014
CUST007759,Kunal Verma,8772355172,Male,Widowed,150660,Low,Driver,High,52,Hindi,RGN046
CUST007760,Anjali Kulkarni,9484792705,Male,Single,378108,Middle,Driver,High,37,Telugu,RGN017
CUST007761,Vijay Jadhav,8461735360,Male,Divorced,549269,Middle,Teacher,Low,57,Hindi,RGN009
CUST007762,Ravi Mishra,9844706740,Female,Married,1228901,Upper-Middle,Software Engineer,Low,48,Hindi,RGN026
CUST007763,Amrita Kapoor,6260287007,Male,Single,375798,Middle,Teacher,Low,29,Hindi,RGN006
CUST007764,Vinod Chakraborty,61064XXXXX,Male,Married,2543488,High,Software Engineer,Low,64,Hindi,RGN003
CUST007765,Sunil Krishnan,8869980088,Male,Divorced,2890938,High,Doctor,Low,41,Hindi,RGN010
CUST007766,Sandeep Kumar,6484894654,Female,Married,508425,Middle,Teacher,Low,27,Telugu,RGN019
CUST007767,Mohit Rajan,6124229606,Male,Married,1505308,Upper-Middle,Software Engineer,Low,57,Hindi,RGN006
CUST007768,Kritika Mishra,6382172952,Female,Single,184866,Low,Driver,High,62,Hindi,RGN029
CUST007769,Kritika Rao,6866782396,Female,Married,1220140,Upper-Middle,Software Engineer,Low,37,Hindi,RGN011
CUST007770,Kavya Sharma,9567659486,Female,Single,1742107,Upper-Middle,Doctor,Low,31,Telugu,RGN020
CUST007771,Sunita Menon,7787855971,Male,Married,820667,Upper-Middle,Software Engineer,Low,35,Hindi,RGN006
CUST007772,Pooja Rao,6897248187,Female,Divorced,145974,Low,Driver,High,46,Hindi,RGN026
CUST007773,Neha Shetty,6633787472,Female,Single,1386441,Upper-Middle,Software Engineer,Low,53,Telugu,RGN020
CUST007774,Tanvi Singh,9732681361,Female,Married,333058,Middle,Teacher,Low,44,Kannada,RGN022
CUST007775,Swati Mehta,8936407620,Female,Married,1695621,Upper-Middle,Software Engineer,Low,39,Hindi,RGN036
CUST007776,Aditi Nair,8542805376,Female,Married,1037349,Upper-Middle,Software Engineer,Low,55,Hindi,RGN004
CUST007777,Kavya Iyer,7413245912,Female,Married,241783,Low,Farmer,Medium,34,Hindi,RGN009
CUST007778,Sunita Pandey,7141421582,Female,Widowed,1284747,Upper-Middle,Software Engineer,Low,50,Hindi,RGN026
CUST007779,Aarav Verma,8451434382,Female,Married,808699,Upper-Middle,Software Engineer,Low,34,Telugu,RGN018
CUST007780,Geeta More,8008699205,Male,Married,1993940,Upper-Middle,Business Owner,Medium,43,Hindi,RGN029
CUST007781,Geeta Iyer,6034159492,Female,Married,190946,Low,Driver,High,36,Hindi,RGN009
CUST007782,Swati Naik,7494283527,Male,Single,1504354,Upper-Middle,Software Engineer,Low,37,Hindi,RGN015
CUST007783,Lakshmi Venkatesh,6607714976,Male,Married,701451,Middle,Software Engineer,Low,33,Hindi,RGN050
CUST007784,Prakash Nair,8236917032,Female,Single,1187641,Upper-Middle,Software Engineer,Low,54,Hindi,RGN049
CUST007785,Deepa Das,8223417792,Male,Single,1276365,Upper-Middle,Software Engineer,Low,29,Hindi,RGN050
CUST007786,Rohit Bose,6170052459,Female,Married,847496,Upper-Middle,Real Estate Agent,Medium,29,Hindi,RGN008
CUST007787,Zara Kumar,9090127172,Male,Single,115798,Low,Front Desk Executive,Low,63,Telugu,RGN020
CUST007788,Rekha Shetty,6984027094,Male,Married,2647822,High,Business Owner,Medium,49,Hindi,RGN049
CUST007789,Harsha Chaudhary,7152119971,Female,Married,2365029,High,Business Owner,Medium,18,Hindi,RGN036
CUST007790,Aarav Chakraborty,9862561563,Male,Married,1308460,Upper-Middle,Business Owner,Medium,31,Hindi,RGN044
CUST007791,Varun Gowda,9886465045,Male,Widowed,543748,Middle,Software Engineer,Low,18,Hindi,RGN038
CUST007792,Vinod Menon,9960628536,Male,Single,2095017,High,Doctor,Low,26,Hindi,RGN044
CUST007793,Deepak Gupta,9492818711,Male,Married,172708,Low,Farmer,Medium,18,Kannada,RGN021
CUST007794,Harsha Reddy,7635431331,Male,Divorced,850710,Upper-Middle,Real Estate Agent,Medium,36,Hindi,RGN002
CUST007795,Tanvi Chakraborty,6270645478,Female,Divorced,1183891,Upper-Middle,Software Engineer,Low,24,Hindi,RGN040
CUST007796,Santosh Nair,7990497910,Female,Widowed,350286,Middle,Teacher,Low,38,Hindi,RGN038
CUST007797,Uday Pillai,7033799161,Female,Married,2306345,High,Software Engineer,Low,18,Hindi,RGN029
CUST007798,Amrita Saxena,8029767064,Female,Married,3960016,High,Business Owner,Medium,38,Hindi,RGN001
CUST007799,Rahul Kapoor,8093057761,Male,Single,690568,Middle,Business Owner,Medium,33,Hindi,RGN006
CUST007800,Manoj Sharma,8069260054,Male,Married,2844138,High,Doctor,Low,56,Tamil,RGN023
CUST007801,Vijay Bose,7863574088,Male,Married,2334426,High,Doctor,Low,54,Hindi,RGN038
CUST007802,Nikhil Saxena,8174444138,Male,Divorced,305434,Middle,Business Owner,Medium,47,Hindi,RGN044
CUST007803,Amrita Subramanian,7582355263,Male,Married,588492,Middle,Teacher,Low,34,Hindi,RGN001
CUST007804,Sarika Chaudhary,9338061779,Female,Divorced,633895,Middle,Doctor,Low,61,Hindi,RGN006
CUST007805,Shweta Krishnan,6438100631,Female,Married,1084995,Upper-Middle,Software Engineer,Low,19,Hindi,RGN037
CUST007806,Kunal Patil,6170363094,Male,Married,3466353,High,Business Owner,Medium,21,Hindi,RGN001
CUST007807,Divya Shetty,8868716907,Male,Married,660744,Middle,Real Estate Agent,Medium,36,Hindi,RGN044
CUST007808,Suresh Krishnan,7382109200,Male,Married,1261758,Upper-Middle,Real Estate Agent,Medium,65,Tamil,RGN023
CUST007809,Geeta Desai,6149892168,Male,Divorced,1282013,Upper-Middle,Software Engineer,Low,35,Telugu,RGN017
CUST007810,Lakshmi Reddy,8098947939,Male,Married,1653523,Upper-Middle,Software Engineer,Low,35,Hindi,RGN036
CUST007811,Geeta Saxena,7646906109,Male,Married,216078,Low,Driver,High,20,Hindi,RGN012
CUST007812,Lakshmi Sharma,9033822382,Female,Married,281189,Low,Hardware Technician,Medium,49,Telugu,RGN019
CUST007813,Zara Subramanian,7353755727,Female,Married,2732079,High,Software Engineer,Low,49,Hindi,RGN003
CUST007814,Sneha Pandey,6592501887,Male,Married,643977,Middle,Teacher,Low,47,Hindi,RGN045
CUST007815,Anjali Balaji,7069657767,Male,Single,166512,Low,Teacher,Low,30,Hindi,RGN028
CUST007816,Yash Sharma,9887130848,Male,Single,195136,Low,Driver,High,29,Hindi,RGN050
CUST007817,Shruti Patel,7972006632,Male,Single,1257745,Upper-Middle,Software Engineer,Low,22,Telugu,RGN020
CUST007818,Isha Subramanian,8689865748,Male,Married,1269504,Upper-Middle,Business Owner,Medium,39,Hindi,RGN046
CUST007819,Anil Pandey,7670619750,Male,Married,388150,Middle,Hardware Technician,Medium,25,Hindi,RGN029
CUST007820,Deepak Menon,6381404388,Female,Married,385155,Middle,Hardware Technician,Medium,23,Hindi,RGN005
CUST007821,Yash Gupta,6153150058,Male,Married,255759,Low,Farmer,Medium,32,Hindi,RGN007
CUST007822,Zara Kulkarni,7534858425,Female,Divorced,133723,Low,Front Desk Executive,Low,32,Tamil,RGN024
CUST007823,Akash Subramanian,8614178437,Female,Married,1916310,Upper-Middle,Software Engineer,Low,31,Hindi,RGN005
CUST007824,Sapna Pandey,9018325798,Female,Single,2886852,High,Pilot,High,43,Hindi,RGN002
CUST007825,Varun Reddy,6695352469,Male,Married,2596170,High,Doctor,Low,38,Hindi,RGN044
CUST007826,Vijay Mehta,7604259904,Male,Married,2001212,High,Business Owner,Medium,34,Hindi,RGN004
CUST007827,Aryan Srivastava,6193958981,Female,Married,2362615,High,Business Owner,Medium,40,Hindi,RGN034
CUST007828,Kunal Patel,8324457434,Male,Single,685483,Middle,Teacher,Low,26,Hindi,RGN049
CUST007829,Nikhil Tiwari,7595122869,Female,Married,2023059,High,Software Engineer,Low,39,Hindi,RGN007
CUST007830,Rekha Kulkarni,8293821062,Male,Widowed,205304,Low,Hardware Technician,Medium,39,Hindi,RGN025
CUST007831,Prakash Saxena,9852100735,Male,Divorced,818543,Upper-Middle,Real Estate Agent,Medium,19,Hindi,RGN029
CUST007832,Ravi Kapoor,6132570441,Female,Married,362595,Middle,Business Owner,Medium,49,Hindi,RGN042
CUST007833,Anjali Venkatesh,8822430259,Male,Married,1891935,Upper-Middle,Software Engineer,Low,27,Hindi,RGN015
CUST007834,Kritika Kapoor,8888557393,Male,Married,197409,Low,Driver,High,39,Hindi,RGN005
CUST007835,Sandeep Dubey,9426085502,Female,Married,655870,Middle,Software Engineer,Low,51,Hindi,RGN002
CUST007836,Vishal Mehta,9259914353,Female,Married,2273920,High,Software Engineer,Low,49,Hindi,RGN011
CUST007837,Aditi Patel,8956917207,Female,Married,213084,Low,Driver,High,38,Tamil,RGN024
CUST007838,Vijay More,6367988937,Female,Widowed,2385171,High,Business Owner,Medium,33,Hindi,RGN045
CUST007839,Sapna Nair,7630152773,Male,Single,603234,Middle,Teacher,Low,49,Hindi,RGN015
CUST007840,Swati Naik,9481184487,Male,Married,1378809,Upper-Middle,Real Estate Agent,Medium,46,Tamil,RGN023
CUST007841,Priya More,6529184409,Male,Married,659069,Middle,Software Engineer,Low,30,Hindi,RGN010
CUST007842,Deepa Iyer,6025587825,Female,Single,346329,Middle,Teacher,Low,28,Hindi,RGN050
CUST007843,Nikhil Rajan,9313022037,Female,Married,2782065,High,Software Engineer,Low,18,Hindi,RGN025
CUST007844,Arjun Shah,7540533401,Male,Single,1072007,Upper-Middle,Software Engineer,Low,39,Hindi,RGN016
CUST007845,Deepak Deshpande,9478506093,Male,Married,439038,Middle,Hardware Technician,Medium,37,Hindi,RGN035
CUST007846,Poonam Venkatesh,7719865851,Female,Married,196182,Low,Hardware Technician,Medium,51,Hindi,RGN014
CUST007847,Mohit Rao,6240939866,Female,Married,1621154,Upper-Middle,Software Engineer,Low,42,Hindi,RGN005
CUST007848,Aditi Shah,7220615250,Male,Married,835600,Upper-Middle,Software Engineer,Low,54,Hindi,RGN039
CUST007849,Ravi Venkatesh,6917798795,Male,Married,460617,Middle,Software Engineer,Low,29,Hindi,RGN010
CUST007850,Shruti Kumar,6470062250,Female,Married,200812,Low,Front Desk Executive,Low,51,Hindi,RGN028
CUST007851,Kritika Sharma,6775917489,Male,Married,580198,Middle,Real Estate Agent,Medium,31,Hindi,RGN050
CUST007852,Aditya Kumar,6923936044,Male,Married,384390,Middle,Teacher,Low,47,Hindi,RGN026
CUST007853,Rahul Malhotra,9070660579,Female,Single,612721,Middle,Doctor,Low,20,Hindi,RGN048
CUST007854,Nandini Reddy,9527398311,Male,Single,1053130,Upper-Middle,Software Engineer,Low,40,Hindi,RGN016
CUST007855,Shruti Das,7598221898,Female,Married,240304,Low,Hardware Technician,Medium,18,Hindi,RGN030
CUST007856,Sanjay Singh,9016244451,Male,Single,1452012,Upper-Middle,Software Engineer,Low,34,Hindi,RGN016
CUST007857,Aarav Srivastava,9961370340,Other,Married,320424,Middle,Driver,High,43,Hindi,RGN041
CUST007858,Sapna Agarwal,8978531502,Male,Married,2867119,High,Doctor,Low,31,Hindi,RGN008
CUST007859,Isha Rao,7515837767,Female,Widowed,362365,Middle,Teacher,Low,25,Hindi,RGN048
CUST007860,Vijay Patel,8459480620,Male,Married,448782,Middle,Software Engineer,Low,48,Hindi,RGN040
CUST007861,Meera Nair,82795XXXXX,Other,Single,359995,Middle,Teacher,Low,36,Tamil,RGN023
CUST007862,Suresh Subramanian,8093330206,Female,Married,164434,Low,Farmer,Medium,32,Telugu,RGN019
CUST007863,Deepak Balaji,7205384528,Female,Married,191328,Low,Driver,High,38,Hindi,RGN038
CUST007864,Anil Venkatesh,6349785752,Female,Married,780235,Middle,Software Engineer,Low,65,Hindi,RGN034
CUST007865,Aarav Venkatesh,7266103821,Other,Married,1288768,Upper-Middle,Software Engineer,Low,51,Telugu,RGN018
CUST007866,Vinod Desai,6862050255,Male,Single,808169,Upper-Middle,Software Engineer,Low,51,Tamil,RGN023
CUST007867,Geeta Shah,6309996294,Female,Single,2362383,High,Business Owner,Medium,43,Hindi,RGN008
CUST007868,Poonam Mishra,7506713223,Female,Married,2923972,High,Software Engineer,Low,39,Telugu,RGN019
CUST007869,Pradeep Balaji,8562155527,Female,Married,119272,Low,Hardware Technician,Medium,18,Hindi,RGN036
CUST007870,Neha Venkatesh,8216919575,Male,Single,210754,Low,Hardware Technician,Medium,29,Hindi,RGN049
CUST007871,Harsha Dubey,8190454906,Male,Divorced,2374347,High,Software Engineer,Low,32,Oriya,RGN031
CUST007872,Neha Krishnan,,Female,Married,1174368,Upper-Middle,Doctor,Low,18,Hindi,RGN038
CUST007873,Lakshmi Kumar,9661187007,Female,Divorced,2946193,High,Business Owner,Medium,24,Hindi,RGN011
CUST007874,Karan Kapoor,8989006180,Male,Married,205319,Low,Driver,High,18,Hindi,RGN007
CUST007875,Siddharth Kumar,7031556775,Male,Single,837891,Upper-Middle,Doctor,Low,37,Hindi,RGN047
CUST007876,Vinod Rao,7163592444,Female,Single,448309,Middle,Business Owner,Medium,47,Hindi,RGN041
CUST007877,Aarav Subramanian,8076547889,Female,Married,206849,Low,Farmer,Medium,51,Hindi,RGN003
CUST007878,Yash Jadhav,6559398977,Female,Married,2539690,High,Software Engineer,Low,42,Hindi,RGN025
CUST007879,Gaurav Gowda,8142580742,Male,Divorced,298659,Low,Hardware Technician,Medium,26,Hindi,RGN003
CUST007880,Aryan Reddy,7120373600,Other,Single,789288,Middle,Business Owner,Medium,18,Hindi,RGN015
CUST007881,Aarav Iyer,6452323291,Female,Married,295832,Low,Farmer,Medium,18,Hindi,RGN003
CUST007882,Sneha Kulkarni,8204179395,Female,Widowed,2781504,High,Software Engineer,Low,22,Hindi,RGN025
CUST007883,Nandini Dubey,7843071846,Male,Married,421768,Middle,Software Engineer,Low,27,Hindi,RGN014
CUST007884,Pradeep Shah,9090351490,Female,Widowed,1951583,Upper-Middle,Business Owner,Medium,36,Hindi,RGN009
CUST007885,Poonam Gupta,7331393605,Female,Married,601620,Middle,Teacher,Low,25,Hindi,RGN025
CUST007886,Kritika Mishra,9207311567,Female,Married,257748,Low,Hardware Technician,Medium,42,Hindi,RGN042
CUST007887,Nikhil Dubey,9238658263,Male,Married,924793,Upper-Middle,Software Engineer,Low,35,Hindi,RGN040
CUST007888,Zara Rajan,6161803038,Male,Married,617121,Middle,Teacher,Low,38,Tamil,RGN023
CUST007889,Anil Malhotra,9942634054,Male,Married,2284248,High,Software Engineer,Low,51,Hindi,RGN001
CUST007890,Amrita Naik,9551569832,Female,Widowed,274770,Low,Hardware Technician,Medium,23,Oriya,RGN032
CUST007891,Rajesh Reddy,7991812809,Female,Married,1343256,Upper-Middle,Software Engineer,Low,43,Hindi,RGN006
CUST007892,Siddharth Shah,6917701982,Male,Married,1886140,Upper-Middle,Business Owner,Medium,37,Hindi,RGN043
CUST007893,Akash Sharma,9717956785,Female,Single,338966,Middle,Front Desk Executive,Low,33,Hindi,RGN045
CUST007894,Kritika Joshi,9661217744,Female,Married,157267,Low,Hardware Technician,Medium,48,Hindi,RGN050
CUST007895,Manoj Reddy,8156574375,Male,Married,3270990,High,Business Owner,Medium,48,Hindi,RGN043
CUST007896,Vishal Gowda,7481328180,Male,Married,1672286,Upper-Middle,Business Owner,Medium,26,Telugu,RGN017
CUST007897,Deepak Chaudhary,6295584457,Female,Married,979459,Upper-Middle,Business Owner,Medium,35,Oriya,RGN032
CUST007898,Rahul Gupta,7526407149,Male,Married,1442851,Upper-Middle,Software Engineer,Low,41,Telugu,RGN020
CUST007899,Gaurav Kapoor,6310465274,Male,Married,678279,Middle,Software Engineer,Low,34,Telugu,RGN020
CUST007900,Uday Dubey,6456454312,Male,Married,1265446,Upper-Middle,Software Engineer,Low,45,Hindi,RGN014
CUST007901,Vinod Iyer,6382651294,Female,Married,390157,Middle,Teacher,Low,41,Hindi,RGN027
CUST007902,Manoj Iyer,9299263370,Female,Married,175640,Low,Teacher,Low,59,Tamil,RGN024
CUST007903,Isha Patel,6951139122,Male,Single,566450,Middle,Software Engineer,Low,19,Hindi,RGN016
CUST007904,Bhavna Hegde,7761584251,Male,Married,227937,Low,Hardware Technician,Medium,36,Telugu,RGN020
CUST007905,Aditya Reddy,6874223185,Male,Widowed,199998,Low,Farmer,Medium,27,Hindi,RGN001
CUST007906,Pradeep Tripathi,7132975703,Male,Married,1292971,Upper-Middle,Software Engineer,Low,45,Hindi,RGN026
CUST007907,Vinod Saxena,8097181485,Female,Single,1122836,Upper-Middle,Business Owner,Medium,18,Hindi,RGN006
CUST007908,Suresh Saxena,8362748187,Male,Married,333648,Middle,Teacher,Low,42,Telugu,RGN017
CUST007909,Aditi Balaji,7178529764,Male,Single,2344959,High,Software Engineer,Low,30,Hindi,RGN033
CUST007910,Ananya Dubey,7846851926,Female,Married,715010,Middle,Business Owner,Medium,29,Hindi,RGN016
CUST007911,Arjun Singh,6758692742,Male,Divorced,1322755,Upper-Middle,Software Engineer,Low,20,Kannada,RGN022
CUST007912,Sunil Krishnan,6039161028,Male,Single,1385780,Upper-Middle,Business Owner,Medium,32,Hindi,RGN044
CUST007913,Suresh Pillai,6111704047,Male,Married,231136,Low,Driver,High,51,Hindi,RGN044
CUST007914,Anjali Pillai,9374805217,Male,Married,2875058,High,Software Engineer,Low,37,Hindi,RGN033
CUST007915,Vikram Mehta,6207397016,Female,Married,248496,Low,Teacher,Low,45,Telugu,RGN018
CUST007916,Bhavna Nair,7162958107,Male,Married,381123,Middle,Driver,High,57,Hindi,RGN013
CUST007917,Rahul Kumar,9196767416,Male,Married,708892,Middle,Software Engineer,Low,41,Telugu,RGN019
CUST007918,Deepak Pillai,9064858884,Male,Single,479251,Middle,Teacher,Low,31,Hindi,RGN001
CUST007919,Sanjay Venkatesh,8424504988,Male,Single,48147,Low,Farmer,Medium,43,Hindi,RGN026
CUST007920,Tanvi Verma,9453868451,Male,Single,360434,Middle,Teacher,Low,31,Telugu,RGN019
CUST007921,Ananya Desai,7652766731,Female,Single,1793556,Upper-Middle,Software Engineer,Low,31,Hindi,RGN045
CUST007922,Meera Hegde,8525417832,Male,Married,416709,Middle,Business Owner,Medium,19,Hindi,RGN036
CUST007923,Rohit Krishnan,6126818685,Female,Married,1979195,Upper-Middle,Business Owner,Medium,49,Hindi,RGN013
CUST007924,Manoj Menon,6634585697,Male,Married,455076,Middle,Real Estate Agent,Medium,33,Hindi,RGN011
CUST007925,Vishal Kumar,9104568826,Male,Married,988610,Upper-Middle,Software Engineer,Low,40,Hindi,RGN010
CUST007926,Poonam Nair,7424235928,Female,Single,4464440,High,Pilot,High,25,Hindi,RGN037
CUST007927,Vijay Chakraborty,9005251362,Female,Divorced,1285690,Upper-Middle,Software Engineer,Low,43,Hindi,RGN016
CUST007928,Nandini Iyer,9258618211,Male,Married,305841,Middle,Teacher,Low,28,Hindi,RGN038
CUST007929,Mohit Balaji,9274823009,Male,Single,1589827,Upper-Middle,Software Engineer,Low,36,Hindi,RGN041
CUST007930,Isha Gupta,8471216275,Female,Married,1489377,Upper-Middle,Doctor,Low,48,Hindi,RGN026
CUST007931,Arjun Mishra,9332006119,Male,Divorced,936949,Upper-Middle,Software Engineer,Low,47,Hindi,RGN028
CUST007932,Vishal Saxena,7689529748,Male,Married,234125,Low,Driver,High,37,Tamil,RGN023
CUST007933,Swati Singh,6233523584,Female,Married,1051891,Upper-Middle,Software Engineer,Low,18,Hindi,RGN009
CUST007934,Sarika Bose,8963838460,Male,Married,2376625,High,Business Owner,Medium,65,Hindi,RGN044
CUST007935,Vikram Bose,9491698155,Male,Married,1110349,Upper-Middle,Real Estate Agent,Medium,58,Tamil,RGN023
CUST007936,Sarika Agarwal,8613960475,Female,Married,1059466,Upper-Middle,Software Engineer,Low,46,Tamil,RGN023
CUST007937,Ravi Verma,6042425846,Male,Married,327420,Middle,Teacher,Low,28,Hindi,RGN036
CUST007938,Vinod Chakraborty,8899333571,Male,Married,1328705,Upper-Middle,Software Engineer,Low,36,Hindi,RGN027
CUST007939,Mohit Shah,9685384994,Female,Married,181929,Low,Hardware Technician,Medium,31,Hindi,RGN028
CUST007940,Uday Desai,6847727972,Female,Single,292052,Low,Driver,High,53,Hindi,RGN015
CUST007941,Nikhil Rajan,6927714004,Male,Single,3173925,High,Business Owner,Medium,41,Telugu,RGN017
CUST007942,Sapna Malhotra,9408798173,Male,Divorced,315081,Middle,Teacher,Low,28,Hindi,RGN006
CUST007943,Ananya Rajan,9188575245,Male,Married,208029,Low,Hardware Technician,Medium,32,Hindi,RGN034
CUST007944,Uday Subramanian,7164201180,Female,Married,1283998,Upper-Middle,Software Engineer,Low,51,Hindi,RGN049
CUST007945,Sneha Gowda,7954852112,Male,Married,727546,Middle,Real Estate Agent,Medium,57,Hindi,RGN025
CUST007946,Deepa Dubey,6594633381,Female,Single,2706257,High,Software Engineer,Low,56,Hindi,RGN005
CUST007947,Vishal Patel,9984276901,Female,Married,3037059,High,Business Owner,Medium,47,Hindi,RGN033
CUST007948,Vikram Menon,9706905337,Male,Married,506500,Middle,Real Estate Agent,Medium,34,Telugu,RGN020
CUST007949,Geeta Chaudhary,6193639986,Female,Single,1615719,Upper-Middle,Software Engineer,Low,18,Hindi,RGN044
CUST007950,Gaurav Menon,8143646296,Male,Single,617538,Middle,Real Estate Agent,Medium,41,Oriya,RGN031
CUST007951,Lakshmi Joshi,6545219092,Female,Married,551343,Middle,Teacher,Low,37,Hindi,RGN047
CUST007952,Vinod Pillai,9712584047,Male,Single,208843,Low,Front Desk Executive,Low,39,Hindi,RGN029
CUST007953,Vikram Subramanian,9083073546,Male,Married,226465,Low,Driver,High,38,Telugu,RGN019
CUST007954,Swati Reddy,6079740768,Male,Married,1421934,Upper-Middle,Software Engineer,Low,22,Hindi,RGN010
CUST007955,Yash Shah,8644925593,Male,Married,101110,Low,Farmer,Medium,44,Oriya,RGN032
CUST007956,Poonam Naik,7488695468,Male,Married,154809,Low,Farmer,Medium,45,Hindi,RGN034
CUST007957,Kritika Mehta,6022097646,Female,Married,3864210,High,Business Owner,Medium,46,Hindi,RGN013
CUST007958,Uday Malhotra,8317595962,Female,Married,655920,Middle,Software Engineer,Low,49,Hindi,RGN043
CUST007959,Akash Balaji,9423341283,Male,Married,616942,Middle,Software Engineer,Low,45,Hindi,RGN013
CUST007960,Sunita Verma,8370375269,Female,Married,2940020,High,Software Engineer,Low,33,Hindi,RGN035
CUST007961,Rekha Krishnan,9857539169,Female,Married,431505,Middle,Hardware Technician,Medium,37,Hindi,RGN009
CUST007962,Suresh Iyer,6394689332,Male,Single,1460269,Upper-Middle,Software Engineer,Low,39,Hindi,RGN046
CUST007963,Aditi Venkatesh,9661639848,Male,Divorced,2772698,High,Software Engineer,Low,39,Hindi,RGN039
CUST007964,Isha Patil,6172251257,Male,Married,195486,Low,Driver,High,49,Hindi,RGN035
CUST007965,Gaurav Verma,8815324606,Male,Married,777448,Middle,Software Engineer,Low,45,Tamil,RGN024
CUST007966,Vijay Gupta,7981808554,Female,Married,1654065,Upper-Middle,Business Owner,Medium,62,Hindi,RGN006
CUST007967,Pradeep Shetty,7060993960,Male,Single,445311,Middle,Real Estate Agent,Medium,64,Hindi,RGN039
CUST007968,Vijay Deshpande,6789493506,Female,Married,158434,Low,Farmer,Medium,38,Hindi,RGN041
CUST007969,Lakshmi Tripathi,6772382075,Female,Married,930620,Upper-Middle,Software Engineer,Low,18,Hindi,RGN043
CUST007970,Shweta Hegde,6134865796,Male,Widowed,276683,Low,Teacher,Low,52,Hindi,RGN043
CUST007971,Gaurav Chaudhary,6032022401,Male,Married,124278,Low,Driver,High,31,Kannada,RGN022
CUST007972,Sandeep Mishra,9328159543,Male,Married,136557,Low,Farmer,Medium,28,Hindi,RGN043
CUST007973,Shruti Shetty,6246740094,Male,Widowed,1812357,Upper-Middle,Business Owner,Medium,33,Telugu,RGN018
CUST007974,Deepa Shetty,7554496475,Male,Single,2886824,High,Software Engineer,Low,32,Hindi,RGN047
CUST007975,Shruti Reddy,8873606340,Male,Married,1803411,Upper-Middle,Business Owner,Medium,45,Hindi,RGN042
CUST007976,Rohit Jadhav,8130057239,Male,Single,369982,Middle,Teacher,Low,19,Hindi,RGN047
CUST007977,Rohit Jadhav,8327918233,Female,Married,1600982,Upper-Middle,Business Owner,Medium,25,Hindi,RGN039
CUST007978,Manoj Tiwari,6671629968,Male,Married,173105,Low,Farmer,Medium,42,Telugu,RGN018
CUST007979,Ravi Dubey,6754814423,Male,Married,1762474,Upper-Middle,Software Engineer,Low,45,Hindi,RGN008
CUST007980,Amrita Naik,7521560232,Male,Single,101338,Low,Farmer,Medium,45,Hindi,RGN010
CUST007981,Amrita Reddy,8746879271,Female,Married,2118757,High,Business Owner,Medium,28,Hindi,RGN044
CUST007982,Vishal Das,8513703597,Female,Single,197861,Low,Front Desk Executive,Low,26,Tamil,RGN023
CUST007983,Bhavna Saxena,,Female,Married,3463313,High,Doctor,Low,31,Hindi,RGN015
CUST007984,Harsha Venkatesh,9793936939,Female,Married,2409838,High,Doctor,Low,40,Telugu,RGN017
CUST007985,Rohit Menon,8995720203,Male,Married,1930176,Upper-Middle,Doctor,Low,55,Hindi,RGN008
CUST007986,Rohit Kulkarni,8210481146,Male,Married,2625249,High,Software Engineer,Low,18,Hindi,RGN027
CUST007987,Amrita Pandey,6389331386,Female,Single,1969485,Upper-Middle,Business Owner,Medium,35,Hindi,RGN048
CUST007988,Harsha Bose,7492352493,Female,Married,825425,Upper-Middle,Real Estate Agent,Medium,22,Hindi,RGN007
CUST007989,Nandini Pandey,9104176285,Male,Divorced,3686511,High,Business Owner,Medium,18,Hindi,RGN039
CUST007990,Tanvi Tiwari,6030164040,Male,Married,1628509,Upper-Middle,Software Engineer,Low,49,Hindi,RGN009
CUST007991,Gaurav Chaudhary,7976211880,Male,Divorced,2103036,High,Software Engineer,Low,44,Kannada,RGN021
CUST007992,Rekha Bose,7153942811,Female,Divorced,2122147,High,Doctor,Low,43,Hindi,RGN029
CUST007993,Kritika More,7199120624,Male,Single,1203587,Upper-Middle,Business Owner,Medium,49,Hindi,RGN003
CUST007994,Shweta Mehta,8185016641,Female,Married,137625,Low,Farmer,Medium,32,Hindi,RGN011
CUST007995,Sneha Tripathi,8099575681,Male,Single,371946,Middle,Real Estate Agent,Medium,32,Hindi,RGN013
CUST007996,Vinod Shah,6343153293,Male,Divorced,404596,Middle,Teacher,Low,64,Oriya,RGN032
CUST007997,Neha Subramanian,6493928223,Male,Single,1808578,Upper-Middle,Business Owner,Medium,35,Hindi,RGN034
CUST007998,Uday Hegde,8963472624,Female,Single,633964,Middle,Teacher,Low,46,Hindi,RGN035
CUST007999,Akash Sharma,9193916527,Male,Married,273574,Low,Teacher,Low,38,Hindi,RGN026
CUST008000,Uday Jadhav,9308724036,Male,Married,425522,Middle,Teacher,Low,18,Hindi,RGN029
CUST008001,Uday Singh,8800254064,Female,Single,406205,Middle,Teacher,Low,18,Hindi,RGN036
CUST008002,Lakshmi Pillai,9765172775,Female,Married,1026540,Upper-Middle,Business Owner,Medium,31,Kannada,RGN022
CUST008003,Mohit Patil,7291236556,Female,Married,239066,Low,Driver,High,50,Tamil,RGN024
CUST008004,Swati Venkatesh,,Male,Divorced,1274100,Upper-Middle,Business Owner,Medium,47,Tamil,RGN023
CUST008005,Kunal Shetty,6382403092,Male,Single,277645,Low,Teacher,Low,48,Hindi,RGN037
CUST008006,Akash Krishnan,7834364456,Female,Married,102786,Low,Farmer,Medium,26,Hindi,RGN035
CUST008007,Vikram Malhotra,9309066958,Male,Single,1798833,Upper-Middle,Software Engineer,Low,57,Hindi,RGN048
CUST008008,Aarav Sharma,6494066446,Male,Married,336752,Middle,Front Desk Executive,Low,26,Tamil,RGN023
CUST008009,Neha Bose,8157179230,Male,Single,3090862,High,Pilot,High,40,Tamil,RGN024
CUST008010,Sunil Pillai,6288349284,Male,Married,124156,Low,Front Desk Executive,Low,37,Hindi,RGN046
CUST008011,Kritika Pillai,8550742982,Male,Married,1412512,Upper-Middle,Real Estate Agent,Medium,35,Hindi,RGN039
CUST008012,Aditi Kapoor,6379440001,Female,Single,266514,Low,Hardware Technician,Medium,54,Hindi,RGN042
CUST008013,Amrita Srivastava,6568977903,Female,Married,279425,Low,Farmer,Medium,29,Hindi,RGN029
CUST008014,Geeta Das,9496442216,Male,Married,1797966,Upper-Middle,Software Engineer,Low,21,Hindi,RGN037
CUST008015,Sanjay Chaudhary,9892869797,Female,Married,2574168,High,Doctor,Low,38,Hindi,RGN001
CUST008016,Yash Shah,7485963572,Male,Married,2331915,High,Software Engineer,Low,33,Hindi,RGN013
CUST008017,Rekha Shah,7315260579,Male,Married,617739,Middle,Software Engineer,Low,65,Telugu,RGN017
CUST008018,Mohit Menon,8815758100,Male,Single,1341878,Upper-Middle,Software Engineer,Low,46,Hindi,RGN046
CUST008019,Manoj Tiwari,6544751245,Female,Single,181274,Low,Front Desk Executive,Low,33,Hindi,RGN029
CUST008020,Pooja Shetty,93798XXXXX,Male,Married,1382862,Upper-Middle,Software Engineer,Low,25,Hindi,RGN040
CUST008021,Vishal Chaudhary,6328707896,Male,Married,111958,Low,Farmer,Medium,18,Hindi,RGN004
CUST008022,Rahul Malhotra,6783225091,Male,Married,1698630,Upper-Middle,Software Engineer,Low,25,Hindi,RGN026
CUST008023,Rekha Jadhav,8573222232,Female,Widowed,3095680,High,Pilot,High,39,Hindi,RGN035
CUST008024,Vijay Balaji,9017542698,Female,Single,887371,Upper-Middle,Software Engineer,Low,55,Hindi,RGN033
CUST008025,Vikram Pandey,7209912423,Male,Divorced,577494,Middle,Teacher,Low,51,Hindi,RGN013
CUST008026,Sneha Rajan,8839061845,Female,Married,345625,Middle,Teacher,Low,40,Hindi,RGN016
CUST008027,Sapna Shah,9727857302,Male,Divorced,1647496,Upper-Middle,Software Engineer,Low,34,Hindi,RGN035
CUST008028,Yash Saxena,7948477146,Female,Single,357577,Middle,Real Estate Agent,Medium,41,Telugu,RGN019
CUST008029,Rahul Saxena,9339092137,Male,Married,234760,Low,Farmer,Medium,31,Hindi,RGN029
CUST008030,Vijay Shah,6183274031,Female,Single,188572,Low,Farmer,Medium,58,Hindi,RGN047
CUST008031,Aryan Srivastava,9947434188,Male,Married,357101,Middle,Hardware Technician,Medium,35,Hindi,RGN013
CUST008032,Poonam Pillai,6576515021,Male,Married,2494948,High,Software Engineer,Low,36,Hindi,RGN041
CUST008033,Shweta Jadhav,9459821941,Female,Married,665704,Middle,Teacher,Low,18,Hindi,RGN029
CUST008034,Aarav Patil,8176386189,Female,Married,289368,Low,Farmer,Medium,35,Telugu,RGN017
CUST008035,Shruti Malhotra,6854030325,Female,Married,1409746,Upper-Middle,Doctor,Low,48,Hindi,RGN028
CUST008036,Rahul Mehta,7555995397,Female,Married,914998,Upper-Middle,Business Owner,Medium,25,Hindi,RGN002
CUST008037,Sneha Das,7056006420,Female,Married,269813,Low,Driver,High,28,Hindi,RGN009
CUST008038,Lakshmi Shah,7259739670,Male,Widowed,376674,Middle,Driver,High,47,Hindi,RGN015
CUST008039,Amrita Singh,9106011303,Female,Single,2236269,High,Business Owner,Medium,20,Hindi,RGN006
CUST008040,Divya Chaudhary,7232354337,Male,Single,1669597,Upper-Middle,Doctor,Low,50,Hindi,RGN040
CUST008041,Priya Iyer,8536560267,Female,Married,601771,Middle,Software Engineer,Low,31,Hindi,RGN036
CUST008042,Anjali Deshpande,8121638245,Female,Single,268999,Low,Teacher,Low,33,Telugu,RGN020
CUST008043,Karan Jadhav,9223972484,Female,Single,2068089,High,Business Owner,Medium,24,Hindi,RGN029
CUST008044,Siddharth Joshi,7960996079,Male,Married,252269,Low,Teacher,Low,42,Hindi,RGN008
CUST008045,Anil Das,7910515071,Male,Divorced,1547788,Upper-Middle,Business Owner,Medium,65,Oriya,RGN032
CUST008046,Bhavna Subramanian,6816535985,Male,Single,2585239,High,Software Engineer,Low,47,Hindi,RGN033
CUST008047,Anjali Desai,6532092835,Female,Married,222599,Low,Front Desk Executive,Low,27,Hindi,RGN045
CUST008048,Geeta Mishra,7424950152,Male,Married,178432,Low,Farmer,Medium,51,Telugu,RGN020
CUST008049,Arjun Rajan,6064861577,Male,Divorced,2273257,High,Software Engineer,Low,34,Kannada,RGN021
CUST008050,Aryan Patil,7246964928,Male,Married,259859,Low,Real Estate Agent,Medium,54,Hindi,RGN046
CUST008051,Ravi Iyer,9389996801,Male,Single,443103,Middle,Teacher,Low,47,Hindi,RGN043
CUST008052,Sandeep Agarwal,7669930054,Male,Single,1110652,Upper-Middle,Software Engineer,Low,18,Hindi,RGN047
CUST008053,Manoj Kulkarni,9642494428,Female,Married,353303,Middle,Real Estate Agent,Medium,25,Tamil,RGN024
CUST008054,Vinod Kapoor,7818325512,Female,Single,1992736,Upper-Middle,Software Engineer,Low,49,Hindi,RGN025
CUST008055,Geeta Mishra,9691782729,Male,Married,962195,Upper-Middle,Software Engineer,Low,39,Hindi,RGN008
CUST008056,Akash Malhotra,9213690866,Female,Married,1156664,Upper-Middle,Software Engineer,Low,25,Hindi,RGN028
CUST008057,Kunal Deshpande,6229631650,Female,Single,288274,Low,Hardware Technician,Medium,30,Telugu,RGN020
CUST008058,Nikhil Joshi,6240403417,Female,Married,1599543,Upper-Middle,Software Engineer,Low,18,Hindi,RGN026
CUST008059,Rekha Kapoor,9097137779,Female,Single,789501,Middle,Real Estate Agent,Medium,36,Hindi,RGN029
CUST008060,Isha Bose,7864047042,Male,Divorced,70447,Low,Farmer,Medium,64,Hindi,RGN046
CUST008061,Vijay Patil,68664XXXXX,Female,Divorced,3360631,High,Doctor,Low,47,Hindi,RGN029
CUST008062,Mohit Reddy,8144271974,Female,Married,1151945,Upper-Middle,Software Engineer,Low,64,Hindi,RGN048
CUST008063,Vijay Menon,8354318705,Male,Married,3717195,High,Business Owner,Medium,48,Hindi,RGN049
CUST008064,Sapna Patel,6982216259,Male,Single,842380,Upper-Middle,Software Engineer,Low,50,Hindi,RGN028
CUST008065,Vinod Pandey,7224084074,Male,Single,647061,Middle,Software Engineer,Low,61,Kannada,RGN022
CUST008066,Rajesh Krishnan,7834162325,Female,Divorced,1572099,Upper-Middle,Software Engineer,Low,42,Hindi,RGN050
CUST008067,Bhavna Verma,7874402913,Male,Divorced,220774,Low,Teacher,Low,35,Oriya,RGN032
CUST008068,Kavya Nair,7227603921,Male,Married,123420,Low,Farmer,Medium,50,Hindi,RGN043
CUST008069,Anjali Singh,6658064385,Male,Married,1420134,Upper-Middle,Doctor,Low,55,Hindi,RGN026
CUST008070,Sunil Patil,8129986631,Female,Single,1114646,Upper-Middle,Business Owner,Medium,32,Hindi,RGN004
CUST008071,Meera Kumar,6583097690,Male,Married,374506,Middle,Driver,High,29,Oriya,RGN031
CUST008072,Vikram Chakraborty,8635077318,Female,Married,1556461,Upper-Middle,Software Engineer,Low,39,Hindi,RGN008
CUST008073,Kunal Nair,8937753359,Male,Married,93929,Low,Farmer,Medium,47,Hindi,RGN012
CUST008074,Prakash Kapoor,8095332433,Male,Married,2934207,High,Doctor,Low,47,Hindi,RGN034
CUST008075,Sarika Balaji,8069844338,Male,Married,793337,Middle,Software Engineer,Low,20,Hindi,RGN003
CUST008076,Rahul Chakraborty,6254712780,Male,Married,341395,Middle,Teacher,Low,60,Hindi,RGN046
CUST008077,Mohit Mehta,9644856786,Female,Married,220246,Low,Teacher,Low,30,Hindi,RGN004
CUST008078,Deepa Naik,7685512701,Male,Widowed,807010,Upper-Middle,Software Engineer,Low,34,Hindi,RGN046
CUST008079,Geeta Rajan,6836063705,Female,Single,986071,Upper-Middle,Doctor,Low,27,Hindi,RGN048
CUST008080,Vijay Tripathi,8456515414,Female,Divorced,260667,Low,Farmer,Medium,65,Hindi,RGN025
CUST008081,Pradeep Patil,7386145094,Female,Married,730463,Middle,Software Engineer,Low,40,Hindi,RGN028
CUST008082,Pradeep Kapoor,6382258140,Female,Single,1846582,Upper-Middle,Pilot,High,27,Hindi,RGN043
CUST008083,Poonam Agarwal,6011905044,Female,Married,346686,Middle,Teacher,Low,48,Hindi,RGN046
CUST008084,Aditya Mishra,7816458081,Female,Married,287682,Low,Hardware Technician,Medium,47,Hindi,RGN015
CUST008085,Ravi Rao,6635519726,Male,Married,163027,Low,Teacher,Low,35,Telugu,RGN018
CUST008086,Ravi More,7445565824,Female,Married,602336,Middle,Teacher,Low,48,Hindi,RGN029
CUST008087,Poonam Tripathi,9682584597,Male,Married,1939820,Upper-Middle,Business Owner,Medium,28,Hindi,RGN003
CUST008088,Divya Tripathi,7205011600,Male,Widowed,2893018,High,Software Engineer,Low,32,Hindi,RGN043
CUST008089,Sunil Verma,7684967776,Male,Divorced,2801119,High,Business Owner,Medium,18,Hindi,RGN007
CUST008090,Vinod Deshpande,6920297637,Male,Married,163776,Low,Teacher,Low,22,Hindi,RGN010
CUST008091,Prakash Deshpande,9555794319,Female,Single,960599,Upper-Middle,Software Engineer,Low,59,Hindi,RGN025
CUST008092,Priya Sharma,7667116253,Female,Married,48689,Low,Farmer,Medium,57,Hindi,RGN044
CUST008093,Sarika Bose,8229386291,Male,Single,260213,Low,Teacher,Low,38,Kannada,RGN022
CUST008094,Gaurav Chaudhary,9937593727,Male,Single,482281,Middle,Hardware Technician,Medium,57,Hindi,RGN043
CUST008095,Manoj Mehta,8131586207,Male,Married,727548,Middle,Doctor,Low,36,Oriya,RGN032
CUST008096,Poonam Subramanian,6389477854,Male,Married,842458,Upper-Middle,Real Estate Agent,Medium,35,Hindi,RGN006
CUST008097,Rajesh Mehta,6794539341,Male,Single,2934077,High,Software Engineer,Low,38,Hindi,RGN003
CUST008098,Priya Subramanian,6236462850,Male,Single,816318,Upper-Middle,Real Estate Agent,Medium,36,Kannada,RGN021
CUST008099,Sunil Reddy,9967206474,Female,Married,2281035,High,Business Owner,Medium,35,Hindi,RGN038
CUST008100,Siddharth Mishra,6550375016,Female,Married,202184,Low,Driver,High,51,Kannada,RGN021
CUST008101,Santosh Mishra,6557047871,Male,Single,2920304,High,Software Engineer,Low,39,Hindi,RGN025
CUST008102,Vinod Tiwari,7372873576,Male,Single,306460,Middle,Real Estate Agent,Medium,46,Hindi,RGN042
CUST008103,Varun Deshpande,8642965399,Female,Widowed,193924,Low,Driver,High,50,Hindi,RGN002
CUST008104,Arjun Srivastava,6954717741,Male,Widowed,1682978,Upper-Middle,Doctor,Low,42,Oriya,RGN032
CUST008105,Kritika Pandey,9867448996,Male,Married,1420643,Upper-Middle,Business Owner,Medium,26,Hindi,RGN029
CUST008106,Manoj Menon,6516008044,Male,Married,3795830,High,Business Owner,Medium,21,Hindi,RGN049
CUST008107,Lakshmi Pillai,7583510067,Male,Married,603751,Middle,Real Estate Agent,Medium,39,Hindi,RGN050
CUST008108,Deepak Deshpande,6760345300,Male,Widowed,459069,Middle,Real Estate Agent,Medium,35,Hindi,RGN035
CUST008109,Rahul Malhotra,9341527421,Male,Single,2314157,High,Pilot,High,39,Telugu,RGN020
CUST008110,Nandini Mishra,7813309438,Female,Married,1180699,Upper-Middle,Software Engineer,Low,37,Hindi,RGN004
CUST008111,Rahul More,6180875374,Male,Single,546127,Middle,Teacher,Low,65,Hindi,RGN035
CUST008112,Sandeep Rao,6260026745,Female,Single,3225818,High,Business Owner,Medium,22,Hindi,RGN039
CUST008113,Pradeep Patel,9189420624,Female,Married,52535,Low,Farmer,Medium,18,Hindi,RGN016
CUST008114,Rajesh Venkatesh,9820282536,Male,Single,4601386,High,Pilot,High,41,Telugu,RGN019
CUST008115,Kavya Nair,8522053848,Female,Single,984645,Upper-Middle,Business Owner,Medium,33,Hindi,RGN044
CUST008116,Sneha Krishnan,6302515716,Male,Married,288831,Low,Teacher,Low,41,Hindi,RGN013
CUST008117,Aditya Patil,6954672390,Male,Married,362795,Middle,Teacher,Low,45,Telugu,RGN020
CUST008118,Akash Chaudhary,8418507113,Male,Single,564904,Middle,Doctor,Low,53,Hindi,RGN008
CUST008119,Kavya Tripathi,7514635476,Male,Married,917928,Upper-Middle,Real Estate Agent,Medium,19,Hindi,RGN033
CUST008120,Deepak Pillai,8848854762,Female,Married,444166,Middle,Software Engineer,Low,31,Hindi,RGN040
CUST008121,Aryan Pillai,6693486737,Female,Married,1988072,Upper-Middle,Software Engineer,Low,43,Hindi,RGN007
CUST008122,Vishal Rao,6219761743,Male,Single,1965984,Upper-Middle,Software Engineer,Low,47,Hindi,RGN043
CUST008123,Shruti Gowda,7641722551,Male,Married,1560353,Upper-Middle,Doctor,Low,64,Telugu,RGN020
CUST008124,Pradeep Dubey,8588501829,Female,Widowed,218389,Low,Hardware Technician,Medium,49,Hindi,RGN028
CUST008125,Aryan Iyer,6910102639,Male,Married,99787,Low,Farmer,Medium,37,Telugu,RGN020
CUST008126,Pooja Naik,6019907394,Female,Married,298150,Low,Driver,High,27,Telugu,RGN019
CUST008127,Kunal Agarwal,7403906077,Male,Single,1200361,Upper-Middle,Software Engineer,Low,31,Hindi,RGN005
CUST008128,Isha Chaudhary,6872970345,Male,Single,2147675,High,Software Engineer,Low,30,Hindi,RGN047
CUST008129,Ravi Pillai,6588202446,Female,Married,2534132,High,Software Engineer,Low,45,Hindi,RGN007
CUST008130,Ravi Singh,8397422577,Other,Married,3510005,High,Doctor,Low,41,Telugu,RGN019
CUST008131,Akash Tripathi,7042145382,Male,Divorced,659051,Middle,Real Estate Agent,Medium,22,Hindi,RGN033
CUST008132,Geeta Kapoor,7321301938,Male,Married,1953592,Upper-Middle,Business Owner,Medium,32,Hindi,RGN044
CUST008133,Deepak Verma,9822672356,Female,Married,1828133,Upper-Middle,Pilot,High,48,Hindi,RGN006
CUST008134,Ramesh Naik,6194361475,Male,Single,273423,Low,Teacher,Low,42,Hindi,RGN050
CUST008135,Divya Krishnan,9297882355,Male,Married,259433,Low,Driver,High,44,Hindi,RGN007
CUST008136,Vinod Singh,7184446904,Male,Married,738505,Middle,Business Owner,Medium,42,Hindi,RGN050
CUST008137,Meera Agarwal,7608853298,Female,Married,429915,Middle,Software Engineer,Low,57,Hindi,RGN050
CUST008138,Divya Srivastava,6177108696,Male,Married,1089273,Upper-Middle,Business Owner,Medium,40,Hindi,RGN028
CUST008139,Arjun Rajan,8406500235,Male,Married,542647,Middle,Teacher,Low,33,Hindi,RGN001
CUST008140,Aryan Shah,9414077142,Female,Married,831012,Upper-Middle,Software Engineer,Low,27,Hindi,RGN003
CUST008141,Shweta Naik,6054351371,Male,Married,339389,Middle,Driver,High,40,Hindi,RGN013
CUST008142,Kunal Joshi,7497992291,Male,Married,188843,Low,Front Desk Executive,Low,18,Hindi,RGN049
CUST008143,Bhavna Chakraborty,6807785859,Female,Married,358930,Middle,Teacher,Low,35,Hindi,RGN038
CUST008144,Sunita Mehta,6928921769,Female,Single,133648,Low,Farmer,Medium,35,Kannada,RGN022
CUST008145,Aarav Patil,9038347862,Male,Widowed,263228,Low,Farmer,Medium,21,Hindi,RGN033
CUST008146,Akash Patil,9461615018,Female,Married,2927976,High,Software Engineer,Low,26,Hindi,RGN047
CUST008147,Kavya Venkatesh,9050350907,Female,Married,1802901,Upper-Middle,Software Engineer,Low,47,Hindi,RGN015
CUST008148,Shweta Chakraborty,9114076703,Female,Married,66613,Low,Farmer,Medium,40,Kannada,RGN022
CUST008149,Harsha Desai,8700826374,Male,Married,268638,Low,Farmer,Medium,39,Hindi,RGN007
CUST008150,Rohit Srivastava,9462250747,Male,Married,293119,Low,Teacher,Low,41,Kannada,RGN021
CUST008151,Uday Rajan,9219893835,Female,Married,1708626,Upper-Middle,Software Engineer,Low,39,Hindi,RGN040
CUST008152,Arjun Rajan,7016849707,Female,Married,682496,Middle,Teacher,Low,52,Tamil,RGN023
CUST008153,Kritika Kulkarni,6992575117,Female,Married,476755,Middle,Software Engineer,Low,39,Telugu,RGN020
CUST008154,Deepak Tiwari,6440342875,Female,Widowed,127892,Low,Hardware Technician,Medium,20,Hindi,RGN030
CUST008155,Rohit Deshpande,9731101766,Male,Married,195474,Low,Front Desk Executive,Low,57,Hindi,RGN028
CUST008156,Kavya Sharma,6279126154,Female,Married,559161,Middle,Teacher,Low,42,Hindi,RGN029
CUST008157,Santosh Agarwal,6985691039,Male,Married,2780561,High,Business Owner,Medium,30,Hindi,RGN035
CUST008158,Vikram Bose,7481003345,Male,Married,91353,Low,Farmer,Medium,22,Hindi,RGN011
CUST008159,Lakshmi Kapoor,7931742216,Female,Single,4944600,High,Doctor,Low,42,Hindi,RGN005
CUST008160,Sneha Dubey,8981157913,Male,Married,197979,Low,Front Desk Executive,Low,36,Hindi,RGN026
CUST008161,Poonam Iyer,9789537928,Female,Married,1599135,Upper-Middle,Software Engineer,Low,56,Hindi,RGN045
CUST008162,Santosh Subramanian,6639682481,Other,Single,207852,Low,Front Desk Executive,Low,33,Hindi,RGN048
CUST008163,Tanvi Dubey,9297131158,Male,Married,1101358,Upper-Middle,Software Engineer,Low,27,Hindi,RGN004
CUST008164,Harsha Kulkarni,7508434211,Male,Divorced,179425,Low,Teacher,Low,48,Hindi,RGN012
CUST008165,Meera Kulkarni,7182882914,Male,Married,920322,Upper-Middle,Doctor,Low,49,Hindi,RGN016
CUST008166,Kunal Agarwal,8470543321,Female,Married,1589565,Upper-Middle,Software Engineer,Low,40,Hindi,RGN006
CUST008167,Swati Subramanian,75954XXXXX,Female,Married,134867,Low,Driver,High,46,Telugu,RGN020
CUST008168,Aryan Hegde,7207810508,Male,Single,755408,Middle,Business Owner,Medium,37,Hindi,RGN038
CUST008169,Ravi Verma,8081672336,Male,Married,1570547,Upper-Middle,Business Owner,Medium,40,Hindi,RGN048
CUST008170,Pooja Reddy,7510738515,Male,Single,303912,Middle,Driver,High,51,Hindi,RGN043
CUST008171,Arjun Iyer,7435679415,Male,Single,2696122,High,Software Engineer,Low,45,Kannada,RGN021
CUST008172,Divya Hegde,8094617455,Male,Married,315142,Middle,Front Desk Executive,Low,35,Telugu,RGN019
CUST008173,Anjali Venkatesh,9378018715,Female,Married,679767,Middle,Real Estate Agent,Medium,54,Telugu,RGN018
CUST008174,Aryan Verma,6300634096,Male,Married,134461,Low,Farmer,Medium,18,Hindi,RGN049
CUST008175,Zara Patil,6299262361,Male,Single,824139,Upper-Middle,Real Estate Agent,Medium,62,Telugu,RGN018
CUST008176,Isha Venkatesh,6579776423,Male,Single,405525,Middle,Hardware Technician,Medium,18,Hindi,RGN043
CUST008177,Tanvi Rajan,9885079047,Male,Married,1366220,Upper-Middle,Real Estate Agent,Medium,30,Hindi,RGN043
CUST008178,Deepa Kumar,8523033501,Male,Married,234078,Low,Real Estate Agent,Medium,37,Hindi,RGN044
CUST008179,Aditya Malhotra,7329001124,Female,Married,779089,Middle,Software Engineer,Low,36,Tamil,RGN023
CUST008180,Prakash Verma,7415822121,Male,Widowed,139632,Low,Front Desk Executive,Low,50,Hindi,RGN046
CUST008181,Geeta Venkatesh,8110880989,Male,Married,373938,Middle,Teacher,Low,25,Hindi,RGN048
CUST008182,Sunita Menon,8066593561,Female,Married,1755062,Upper-Middle,Software Engineer,Low,41,Hindi,RGN010
CUST008183,Lakshmi Iyer,8008145286,Female,Single,1670070,Upper-Middle,Software Engineer,Low,31,Hindi,RGN038
CUST008184,Ananya Menon,6689217447,Female,Single,59378,Low,Farmer,Medium,41,Hindi,RGN042
CUST008185,Sunil More,6749522499,Male,Married,166446,Low,Farmer,Medium,37,Hindi,RGN040
CUST008186,Anil Balaji,8989763916,Male,Married,391407,Middle,Driver,High,39,Oriya,RGN031
CUST008187,Nikhil Rao,6076941658,Male,Married,159298,Low,Driver,High,31,Hindi,RGN040
CUST008188,Bhavna Desai,9015295063,Male,Single,1736325,Upper-Middle,Software Engineer,Low,31,Hindi,RGN002
CUST008189,Akash Reddy,8416785304,Female,Married,572900,Middle,Business Owner,Medium,41,Hindi,RGN033
CUST008190,Sandeep Tiwari,8567598186,Female,Widowed,2204248,High,Software Engineer,Low,49,Telugu,RGN019
CUST008191,Aditi Balaji,7243350851,Male,Married,1472736,Upper-Middle,Business Owner,Medium,30,Hindi,RGN012
CUST008192,Ramesh Bose,6274816269,Female,Married,130386,Low,Driver,High,27,Hindi,RGN040
CUST008193,Isha Reddy,8205660599,Female,Married,132082,Low,Front Desk Executive,Low,45,Hindi,RGN012
CUST008194,Uday Srivastava,7219746563,Female,Married,673370,Middle,Teacher,Low,37,Hindi,RGN045
CUST008195,Kunal Srivastava,7569028761,Female,Divorced,478953,Middle,Teacher,Low,47,Oriya,RGN031
CUST008196,Shruti Balaji,96813XXXXX,Male,Single,594708,Middle,Software Engineer,Low,27,Hindi,RGN028
CUST008197,Yash Tripathi,6088623065,Male,Married,958214,Upper-Middle,Software Engineer,Low,18,Hindi,RGN039
CUST008198,Vijay Krishnan,9500319085,Female,Divorced,447772,Middle,Business Owner,Medium,31,Hindi,RGN034
CUST008199,Manoj Venkatesh,9882584220,Other,Single,773621,Middle,Real Estate Agent,Medium,28,Telugu,RGN017
CUST008200,Amrita Gupta,9520774860,Male,Married,151164,Low,Farmer,Medium,37,Hindi,RGN040
CUST008201,Vinod Balaji,7563781169,Female,Married,114895,Low,Farmer,Medium,30,Hindi,RGN010
CUST008202,Aarav Das,6972732855,Male,Single,217336,Low,Driver,High,46,Hindi,RGN030
CUST008203,Vikram Shah,9797484085,Male,Married,2038326,High,Software Engineer,Low,34,Hindi,RGN045
CUST008204,Varun Tripathi,7286198272,Male,Divorced,830799,Upper-Middle,Business Owner,Medium,39,Hindi,RGN026
CUST008205,Deepa Subramanian,9065768299,Male,Married,446484,Middle,Hardware Technician,Medium,39,Hindi,RGN033
CUST008206,Mohit Chaudhary,9728241978,Female,Divorced,487703,Middle,Real Estate Agent,Medium,40,Telugu,RGN019
CUST008207,Zara Dubey,9804288789,Female,Single,168648,Low,Driver,High,37,Hindi,RGN027
CUST008208,Sandeep Tripathi,7598672419,Male,Married,912375,Upper-Middle,Software Engineer,Low,44,Hindi,RGN028
CUST008209,Lakshmi Saxena,8415717626,Male,Single,2266125,High,Business Owner,Medium,28,Hindi,RGN028
CUST008210,Shweta Shetty,9728925765,Male,Single,1179774,Upper-Middle,Software Engineer,Low,54,Tamil,RGN024
CUST008211,Kritika Chaudhary,8514659983,Female,Married,109116,Low,Driver,High,35,Hindi,RGN004
CUST008212,Sarika Verma,64309XXXXX,Female,Single,207630,Low,Driver,High,22,Hindi,RGN050
CUST008213,Poonam Srivastava,7153058654,Male,Married,2751478,High,Software Engineer,Low,40,Hindi,RGN005
CUST008214,Lakshmi Shetty,7388067191,Female,Married,1299487,Upper-Middle,Software Engineer,Low,27,Hindi,RGN034
CUST008215,Sarika Subramanian,9425186975,Male,Single,1324349,Upper-Middle,Software Engineer,Low,45,Telugu,RGN020
CUST008216,Aarav Sharma,9671752409,Male,Married,1496311,Upper-Middle,Real Estate Agent,Medium,64,Telugu,RGN019
CUST008217,Suresh Mishra,9586139347,Male,Married,925283,Upper-Middle,Software Engineer,Low,28,Hindi,RGN029
CUST008218,Uday Hegde,8950044185,Male,Married,2050676,High,Software Engineer,Low,41,Hindi,RGN027
CUST008219,Akash Pillai,6060307984,Female,Married,1032454,Upper-Middle,Software Engineer,Low,18,Hindi,RGN004
CUST008220,Amrita Agarwal,7634861565,Male,Married,144576,Low,Farmer,Medium,43,Oriya,RGN031
CUST008221,Sandeep Patel,9934048693,Male,Married,265811,Low,Teacher,Low,27,Hindi,RGN036
CUST008222,Zara Mehta,8137078703,Male,Married,1710554,Upper-Middle,Software Engineer,Low,30,Hindi,RGN030
CUST008223,Nandini Nair,7014118260,Female,Married,3075184,High,Business Owner,Medium,24,Oriya,RGN031
CUST008224,Pradeep Tripathi,9068217976,Female,Single,1084406,Upper-Middle,Software Engineer,Low,46,Kannada,RGN021
CUST008225,Geeta More,8670574205,Male,Married,399265,Middle,Real Estate Agent,Medium,50,Hindi,RGN010
CUST008226,Aditya Reddy,6080001826,Male,Married,1040946,Upper-Middle,Business Owner,Medium,38,Hindi,RGN042
CUST008227,Kavya More,6620119906,Female,Single,347171,Middle,Front Desk Executive,Low,27,Hindi,RGN047
CUST008228,Kritika Chakraborty,9090904232,Male,Married,229518,Low,Hardware Technician,Medium,57,Oriya,RGN032
CUST008229,Divya Iyer,9634564504,Female,Married,400084,Middle,Software Engineer,Low,28,Hindi,RGN006
CUST008230,Karan Naik,6794259220,Male,Married,819895,Upper-Middle,Software Engineer,Low,18,Hindi,RGN015
CUST008231,Kritika Dubey,7139520764,Male,Married,1735618,Upper-Middle,Software Engineer,Low,43,Hindi,RGN009
CUST008232,Sneha Gowda,7593256183,Male,Single,1794495,Upper-Middle,Software Engineer,Low,24,Hindi,RGN029
CUST008233,Zara Sharma,9015774416,Male,Single,238386,Low,Driver,High,49,Hindi,RGN001
CUST008234,Sanjay Malhotra,9214598484,Female,Married,1155068,Upper-Middle,Software Engineer,Low,33,Hindi,RGN010
CUST008235,Sanjay Iyer,9169361756,Female,Married,994853,Upper-Middle,Software Engineer,Low,45,Hindi,RGN050
CUST008236,Vinod Kulkarni,7681415501,Female,Married,1609027,Upper-Middle,Doctor,Low,54,Hindi,RGN016
CUST008237,Deepa Dubey,8570040173,Male,Married,1593082,Upper-Middle,Software Engineer,Low,23,Hindi,RGN002
CUST008238,Ramesh Reddy,7759112861,Male,Divorced,80223,Low,Farmer,Medium,31,Hindi,RGN014
CUST008239,Geeta Desai,7188395570,Female,Single,2828814,High,Pilot,High,37,Hindi,RGN012
CUST008240,Poonam Nair,6601619959,Female,Married,293991,Low,Hardware Technician,Medium,56,Hindi,RGN041
CUST008241,Bhavna Chakraborty,8253525370,Male,Single,435748,Middle,Hardware Technician,Medium,30,Hindi,RGN033
CUST008242,Ravi Shah,8206599954,Male,Married,1024773,Upper-Middle,Real Estate Agent,Medium,30,Hindi,RGN013
CUST008243,Sapna Subramanian,8080995892,Male,Married,1661079,Upper-Middle,Software Engineer,Low,43,Hindi,RGN005
CUST008244,Nandini Pandey,71549XXXXX,Female,Married,263348,Low,Driver,High,31,Telugu,RGN019
CUST008245,Sandeep Rao,9725188338,Female,Single,1224158,Upper-Middle,Software Engineer,Low,39,Hindi,RGN039
CUST008246,Rahul Shetty,8349102639,Male,Single,1537820,Upper-Middle,Software Engineer,Low,19,Hindi,RGN006
CUST008247,Vikram Shetty,9493544997,Male,Married,1591475,Upper-Middle,Business Owner,Medium,64,Hindi,RGN039
CUST008248,Bhavna Das,6755453882,Male,Divorced,62315,Low,Farmer,Medium,21,Hindi,RGN002
CUST008249,Amrita Bose,7340917089,Female,Married,2155621,High,Business Owner,Medium,34,Hindi,RGN034
CUST008250,Aditi Rajan,8743826782,Male,Married,287930,Low,Farmer,Medium,37,Hindi,RGN007
CUST008251,Sunil Patel,7759876807,Male,Divorced,72161,Low,Farmer,Medium,60,Tamil,RGN024
CUST008252,Vishal Joshi,6051314692,Male,Divorced,913513,Upper-Middle,Business Owner,Medium,22,Hindi,RGN047
CUST008253,Deepa Reddy,7386345872,Female,Divorced,604027,Middle,Doctor,Low,61,Hindi,RGN002
CUST008254,Swati Jadhav,7636285849,Male,Married,206168,Low,Driver,High,47,Hindi,RGN006
CUST008255,Divya Iyer,6145758738,Male,Single,198156,Low,Hardware Technician,Medium,43,Hindi,RGN011
CUST008256,Neha Sharma,,Female,Single,206565,Low,Front Desk Executive,Low,26,Hindi,RGN025
CUST008257,Isha Mehta,6524718710,Male,Married,229584,Low,Driver,High,44,Oriya,RGN032
CUST008258,Zara Shah,6030035275,Male,Married,551776,Middle,Teacher,Low,29,Hindi,RGN037
CUST008259,Kritika Venkatesh,6728632494,Female,Married,1058630,Upper-Middle,Real Estate Agent,Medium,53,Hindi,RGN005
CUST008260,Sunita Srivastava,9836002984,Male,Single,529333,Middle,Business Owner,Medium,26,Hindi,RGN043
CUST008261,Sneha Nair,8582814617,Male,Single,308958,Middle,Teacher,Low,36,Hindi,RGN043
CUST008262,Kunal Pandey,7701891388,Male,Married,1676941,Upper-Middle,Software Engineer,Low,31,Hindi,RGN006
CUST008263,Poonam Shah,6227433037,Male,Married,566839,Middle,Business Owner,Medium,26,Hindi,RGN046
CUST008264,Pradeep Hegde,9688448794,Female,Married,1364488,Upper-Middle,Software Engineer,Low,46,Hindi,RGN014
CUST008265,Karan Pandey,7173322062,Male,Single,2786227,High,Doctor,Low,44,Tamil,RGN023
CUST008266,Pooja Saxena,8807274358,Male,Widowed,213640,Low,Hardware Technician,Medium,52,Hindi,RGN010
CUST008267,Uday Tiwari,8693287434,Female,Single,891747,Upper-Middle,Software Engineer,Low,18,Telugu,RGN019
CUST008268,Priya Patil,7050240905,Female,Married,375528,Middle,Teacher,Low,50,Hindi,RGN004
CUST008269,Nandini Agarwal,6834503735,Male,Married,219542,Low,Driver,High,65,Hindi,RGN041
CUST008270,Rekha Gupta,6926925261,Female,Married,1753390,Upper-Middle,Software Engineer,Low,32,Hindi,RGN028
CUST008271,Sneha Mishra,9515418822,Female,Married,667857,Middle,Doctor,Low,60,Hindi,RGN042
CUST008272,Uday Gupta,9002136139,Male,Married,1751116,Upper-Middle,Doctor,Low,34,Hindi,RGN015
CUST008273,Sunita Hegde,7323987445,Female,Married,230686,Low,Hardware Technician,Medium,21,Hindi,RGN050
CUST008274,Sanjay Mishra,6227607866,Male,Single,224022,Low,Front Desk Executive,Low,34,Hindi,RGN007
CUST008275,Gaurav Malhotra,6764420707,Female,Single,556186,Middle,Teacher,Low,50,Hindi,RGN047
CUST008276,Prakash Nair,9135992331,Female,Single,1128775,Upper-Middle,Business Owner,Medium,27,Hindi,RGN026
CUST008277,Kavya Tripathi,7899851186,Male,Single,142615,Low,Hardware Technician,Medium,30,Telugu,RGN018
CUST008278,Rekha Balaji,6542311262,Male,Married,443620,Middle,Software Engineer,Low,45,Hindi,RGN036
CUST008279,Tanvi Reddy,8748946674,Male,Married,1070923,Upper-Middle,Real Estate Agent,Medium,38,Tamil,RGN023
CUST008280,Sarika Singh,9550575194,Male,Divorced,680556,Middle,Business Owner,Medium,45,Telugu,RGN019
CUST008281,Rajesh Gupta,7425482508,Female,Single,445173,Middle,Hardware Technician,Medium,40,Hindi,RGN003
CUST008282,Poonam Menon,8115494750,Male,Married,1422989,Upper-Middle,Doctor,Low,43,Hindi,RGN034
CUST008283,Karan Rajan,8653425422,Female,Married,1530814,Upper-Middle,Pilot,High,32,Hindi,RGN007
CUST008284,Rohit Tiwari,6326029748,Male,Single,1703677,Upper-Middle,Pilot,High,40,Hindi,RGN026
CUST008285,Deepak Rao,6579687335,Male,Married,2325059,High,Software Engineer,Low,26,Hindi,RGN009
CUST008286,Shweta Kapoor,7018897611,Male,Married,123370,Low,Front Desk Executive,Low,53,Hindi,RGN050
CUST008287,Aryan Bose,6976302866,Male,Married,1470686,Upper-Middle,Software Engineer,Low,30,Hindi,RGN006
CUST008288,Kritika Naik,8358189857,Male,Married,198787,Low,Front Desk Executive,Low,51,Hindi,RGN050
CUST008289,Arjun Deshpande,6721486882,Male,Married,162286,Low,Teacher,Low,35,Hindi,RGN008
CUST008290,Deepak Pandey,7855151093,Male,Married,2904993,High,Software Engineer,Low,40,Kannada,RGN021
CUST008291,Suresh Tiwari,8667308804,Male,Divorced,1928402,Upper-Middle,Pilot,High,32,Hindi,RGN039
CUST008292,Shruti Balaji,6812727460,Female,Married,1029491,Upper-Middle,Real Estate Agent,Medium,25,Hindi,RGN041
CUST008293,Anil Gupta,6111566311,Male,Single,277794,Low,Teacher,Low,18,Oriya,RGN031
CUST008294,Ravi Shetty,6848557939,Female,Married,1106573,Upper-Middle,Software Engineer,Low,25,Oriya,RGN031
CUST008295,Pooja Patel,7812401476,Female,Married,1115793,Upper-Middle,Business Owner,Medium,34,Hindi,RGN026
CUST008296,Rohit Venkatesh,9964846159,Male,Single,776136,Middle,Software Engineer,Low,40,Telugu,RGN019
CUST008297,Sanjay Kapoor,6014529717,Male,Single,235896,Low,Hardware Technician,Medium,50,Kannada,RGN022
CUST008298,Deepa Nair,7043113875,Male,Married,536409,Middle,Business Owner,Medium,32,Hindi,RGN010
CUST008299,Prakash More,6931061735,Male,Married,1221824,Upper-Middle,Software Engineer,Low,27,Telugu,RGN019
CUST008300,Rohit Shetty,8997177721,Male,Married,664016,Middle,Teacher,Low,20,Hindi,RGN025
CUST008301,Meera Gowda,9640162595,Female,Single,904704,Upper-Middle,Software Engineer,Low,43,Hindi,RGN042
CUST008302,Mohit Chakraborty,7454797280,Male,Married,391758,Middle,Teacher,Low,54,Oriya,RGN032
CUST008303,Nikhil Shah,7725956168,Female,Married,2579277,High,Software Engineer,Low,53,Tamil,RGN023
CUST008304,Sunil Mehta,7750148102,Male,Single,333095,Middle,Business Owner,Medium,46,Hindi,RGN010
CUST008305,Akash Mishra,9036465761,Female,Single,1244977,Upper-Middle,Software Engineer,Low,45,Hindi,RGN029
CUST008306,Gaurav Verma,6527237543,Male,Married,619511,Middle,Software Engineer,Low,58,Telugu,RGN018
CUST008307,Yash Mishra,8477801526,Male,Married,3452808,High,Doctor,Low,41,Hindi,RGN025
CUST008308,Vikram Tiwari,6748699358,Female,Married,1043470,Upper-Middle,Real Estate Agent,Medium,45,Hindi,RGN005
CUST008309,Kavya Shetty,9189329865,Male,Married,322969,Middle,Teacher,Low,34,Hindi,RGN005
CUST008310,Vishal Naik,8914445032,Male,Married,1835141,Upper-Middle,Software Engineer,Low,21,Tamil,RGN023
CUST008311,Yash Chakraborty,7124891427,Female,Married,833601,Upper-Middle,Software Engineer,Low,29,Telugu,RGN020
CUST008312,Rajesh Desai,8258915965,Male,Divorced,1100892,Upper-Middle,Real Estate Agent,Medium,37,Hindi,RGN045
CUST008313,Geeta Chaudhary,8582737204,Male,Single,214585,Low,Front Desk Executive,Low,38,Hindi,RGN045
CUST008314,Aarav Das,6689394241,Female,Married,339444,Middle,Front Desk Executive,Low,61,Hindi,RGN011
CUST008315,Santosh Hegde,8048900606,Female,Married,2659575,High,Pilot,High,38,Hindi,RGN043
CUST008316,Zara Tiwari,9087624082,Male,Married,2198921,High,Software Engineer,Low,52,Hindi,RGN049
CUST008317,Divya More,7300927338,Female,Married,861664,Upper-Middle,Software Engineer,Low,32,Hindi,RGN008
CUST008318,Divya Malhotra,8289257026,Male,Married,3017230,High,Business Owner,Medium,34,Hindi,RGN033
CUST008319,Anjali Saxena,9218257157,Female,Single,246991,Low,Hardware Technician,Medium,22,Hindi,RGN050
CUST008320,Rekha Subramanian,9317536397,Male,Married,191580,Low,Hardware Technician,Medium,29,Kannada,RGN021
CUST008321,Ananya Tripathi,9903618439,Female,Divorced,204148,Low,Front Desk Executive,Low,44,Hindi,RGN042
CUST008322,Arjun Mehta,9822983369,Male,Widowed,1206031,Upper-Middle,Software Engineer,Low,38,Telugu,RGN018
CUST008323,Varun Krishnan,6957178300,Female,Widowed,2596617,High,Software Engineer,Low,49,Hindi,RGN015
CUST008324,Yash Kumar,7056441589,Male,Single,182252,Low,Farmer,Medium,40,Kannada,RGN021
CUST008325,Akash Subramanian,9897482875,Female,Divorced,947456,Upper-Middle,Software Engineer,Low,33,Hindi,RGN038
CUST008326,Neha Krishnan,7318390215,Male,Divorced,2365314,High,Doctor,Low,63,Kannada,RGN021
CUST008327,Neha Iyer,9320836162,Male,Divorced,1816240,Upper-Middle,Software Engineer,Low,36,Hindi,RGN049
CUST008328,Aarav Kulkarni,7879473110,Male,Married,1315292,Upper-Middle,Software Engineer,Low,51,Oriya,RGN031
CUST008329,Rahul Rao,7048161133,Female,Married,1662904,Upper-Middle,Software Engineer,Low,33,Hindi,RGN039
CUST008330,Deepak Desai,9288570158,Male,Single,122169,Low,Driver,High,46,Hindi,RGN040
CUST008331,Sandeep Subramanian,9719652630,Male,Married,2132057,High,Business Owner,Medium,49,Hindi,RGN042
CUST008332,Kavya Balaji,7669803273,Male,Single,1733578,Upper-Middle,Software Engineer,Low,40,Telugu,RGN018
CUST008333,Anil Krishnan,9662909137,Male,Married,3814589,High,Business Owner,Medium,18,Hindi,RGN015
CUST008334,Geeta Gowda,8128391756,Female,Single,267558,Low,Hardware Technician,Medium,38,Hindi,RGN010
CUST008335,Sandeep Rao,9350822047,Female,Married,4084603,High,Doctor,Low,52,Hindi,RGN013
CUST008336,Pradeep Deshpande,,Male,Divorced,1087762,Upper-Middle,Doctor,Low,44,Hindi,RGN010
CUST008337,Anjali Tiwari,7418335672,Female,Married,1252208,Upper-Middle,Software Engineer,Low,43,Hindi,RGN025
CUST008338,Santosh Deshpande,6719014734,Male,Married,337253,Middle,Teacher,Low,18,Hindi,RGN011
CUST008339,Deepak Hegde,7722089580,Male,Widowed,250069,Low,Farmer,Medium,29,Hindi,RGN035
CUST008340,Rohit Menon,6151748986,Male,Married,136167,Low,Driver,High,42,Hindi,RGN002
CUST008341,Sarika Agarwal,7206867364,Female,Married,2001495,High,Software Engineer,Low,42,Telugu,RGN017
CUST008342,Siddharth Kapoor,7894152359,Female,Single,156802,Low,Driver,High,52,Hindi,RGN047
CUST008343,Sneha Dubey,7029016651,Male,Married,686472,Middle,Software Engineer,Low,36,Hindi,RGN038
CUST008344,Anil Chaudhary,8174772343,Male,Married,2036569,High,Software Engineer,Low,42,Hindi,RGN033
CUST008345,Sandeep Rao,9664798465,Female,Married,469892,Middle,Teacher,Low,38,Hindi,RGN013
CUST008346,Kavya Nair,6335046801,Male,Married,1605558,Upper-Middle,Software Engineer,Low,26,Hindi,RGN014
CUST008347,Meera Mehta,8276509603,Male,Married,209746,Low,Front Desk Executive,Low,18,Hindi,RGN002
CUST008348,Prakash Gowda,6758569396,Male,Married,2315626,High,Doctor,Low,43,Hindi,RGN048
CUST008349,Lakshmi Agarwal,7229919457,Other,Married,2250458,High,Software Engineer,Low,40,Hindi,RGN027
CUST008350,Santosh Naik,9343399712,Male,Single,3382834,High,Doctor,Low,30,Hindi,RGN013
CUST008351,Ramesh Iyer,7630619377,Male,Married,460347,Middle,Real Estate Agent,Medium,18,Hindi,RGN013
CUST008352,Kunal Gupta,6619878018,Male,Married,726220,Middle,Software Engineer,Low,45,Hindi,RGN004
CUST008353,Bhavna Mehta,9166993410,Female,Married,342167,Middle,Teacher,Low,34,Oriya,RGN031
CUST008354,Zara Hegde,7815613023,Male,Single,825576,Upper-Middle,Software Engineer,Low,44,Hindi,RGN046
CUST008355,Vinod Mehta,6784271713,Female,Widowed,2240041,High,Business Owner,Medium,60,Hindi,RGN015
CUST008356,Prakash Naik,9564867143,Female,Single,655306,Middle,Teacher,Low,18,Hindi,RGN027
CUST008357,Arjun Chakraborty,9489361759,Male,Single,351193,Middle,Teacher,Low,29,Hindi,RGN012
CUST008358,Aarav Bose,6887002518,Female,Married,2288347,High,Business Owner,Medium,35,Hindi,RGN002
CUST008359,Vijay Iyer,7816025334,Male,Single,257731,Low,Front Desk Executive,Low,55,Hindi,RGN041
CUST008360,Aarav Mehta,8110220139,Male,Single,246472,Low,Teacher,Low,18,Hindi,RGN034
CUST008361,Uday Das,7160922893,Female,Single,565246,Middle,Business Owner,Medium,61,Hindi,RGN016
CUST008362,Santosh Das,9099726332,Male,Married,197505,Low,Driver,High,39,Tamil,RGN024
CUST008363,Sandeep Saxena,7300232852,Female,Married,427711,Middle,Software Engineer,Low,36,Hindi,RGN038
CUST008364,Arjun Patil,6240062241,Female,Married,400693,Middle,Business Owner,Medium,35,Hindi,RGN003
CUST008365,Deepak Shah,9486006498,Female,Married,262663,Low,Front Desk Executive,Low,32,Hindi,RGN011
CUST008366,Sarika Dubey,7476902902,Female,Married,388530,Middle,Teacher,Low,50,Hindi,RGN002
CUST008367,Bhavna Hegde,9699904508,Female,Single,686303,Middle,Business Owner,Medium,25,Hindi,RGN035
CUST008368,Sanjay Dubey,7026927829,Male,Single,1785701,Upper-Middle,Business Owner,Medium,42,Hindi,RGN038
CUST008369,Nandini Naik,9253983745,Male,Married,382024,Middle,Teacher,Low,33,Hindi,RGN037
CUST008370,Geeta Saxena,7740126849,Male,Married,113043,Low,Farmer,Medium,28,Tamil,RGN024
CUST008371,Meera Patil,6856432065,Male,Divorced,2117939,High,Business Owner,Medium,65,Hindi,RGN045
CUST008372,Ravi Naik,7124838279,Male,Married,1788344,Upper-Middle,Software Engineer,Low,43,Hindi,RGN039
CUST008373,Yash Jadhav,6654573485,Male,Married,2508517,High,Software Engineer,Low,45,Hindi,RGN001
CUST008374,Bhavna Chakraborty,8132366162,Male,Married,547223,Middle,Real Estate Agent,Medium,51,Hindi,RGN005
CUST008375,Sunita Balaji,8230819733,Male,Single,162363,Low,Driver,High,20,Hindi,RGN006
CUST008376,Lakshmi Verma,8945204524,Male,Single,932150,Upper-Middle,Software Engineer,Low,59,Hindi,RGN012
CUST008377,Divya Nair,7052673889,Female,Single,890703,Upper-Middle,Real Estate Agent,Medium,18,Telugu,RGN018
CUST008378,Santosh Patel,6761318763,Male,Married,3817389,High,Business Owner,Medium,28,Hindi,RGN049
CUST008379,Shweta Joshi,8400220267,Female,Single,680388,Middle,Business Owner,Medium,32,Hindi,RGN026
CUST008380,Swati Balaji,9951270570,Male,Married,1170525,Upper-Middle,Business Owner,Medium,44,Hindi,RGN049
CUST008381,Rekha Rao,7730382000,Female,Married,2067550,High,Business Owner,Medium,40,Telugu,RGN019
CUST008382,Amrita Bose,6390110800,Male,Married,2302952,High,Software Engineer,Low,35,Hindi,RGN045
CUST008383,Sandeep Iyer,7821038878,Male,Married,197511,Low,Farmer,Medium,37,Oriya,RGN031
CUST008384,Neha More,6514178926,Male,Single,336450,Middle,Teacher,Low,26,Hindi,RGN046
CUST008385,Nandini Pandey,8401624295,Female,Single,1134713,Upper-Middle,Software Engineer,Low,20,Telugu,RGN019
CUST008386,Kavya Tiwari,8538709791,Female,Married,1212277,Upper-Middle,Doctor,Low,46,Hindi,RGN048
CUST008387,Swati Rao,8422058328,Male,Widowed,215217,Low,Farmer,Medium,46,Hindi,RGN015
CUST008388,Bhavna Bose,7715875449,Female,Married,2323175,High,Software Engineer,Low,57,Hindi,RGN037
CUST008389,Vishal More,9324246604,Male,Married,72065,Low,Farmer,Medium,28,Hindi,RGN026
CUST008390,Sunita Saxena,9294842209,Male,Divorced,2538218,High,Software Engineer,Low,46,Hindi,RGN043
CUST008391,Kunal Rao,6014310160,Male,Married,314198,Middle,Front Desk Executive,Low,34,Hindi,RGN041
CUST008392,Sarika Desai,9067043024,Male,Married,700013,Middle,Software Engineer,Low,52,Hindi,RGN046
CUST008393,Isha Kapoor,6935080542,Male,Single,4750338,High,Doctor,Low,50,Kannada,RGN021
CUST008394,Meera Shah,7357415181,Female,Married,3673159,High,Business Owner,Medium,40,Hindi,RGN041
CUST008395,Poonam Verma,7428815147,Other,Married,1593880,Upper-Middle,Software Engineer,Low,33,Hindi,RGN036
CUST008396,Ramesh Deshpande,7990537999,Female,Single,891133,Upper-Middle,Software Engineer,Low,49,Hindi,RGN008
CUST008397,Nandini Joshi,6557287684,Female,Married,4403606,High,Doctor,Low,45,Hindi,RGN001
CUST008398,Swati Srivastava,6816282613,Male,Married,810753,Upper-Middle,Business Owner,Medium,29,Tamil,RGN024
CUST008399,Nandini Verma,9243419173,Female,Married,408331,Middle,Business Owner,Medium,22,Telugu,RGN018
CUST008400,Anil Subramanian,8932954405,Female,Single,2043742,High,Doctor,Low,34,Hindi,RGN008
CUST008401,Sanjay Sharma,8463218270,Female,Widowed,555632,Middle,Teacher,Low,56,Hindi,RGN037
CUST008402,Gaurav Mishra,6626861084,Male,Single,572908,Middle,Teacher,Low,51,Hindi,RGN007
CUST008403,Mohit Bose,8760779898,Male,Married,228881,Low,Teacher,Low,24,Hindi,RGN040
CUST008404,Arjun Tiwari,9286743339,Female,Widowed,3150694,High,Business Owner,Medium,23,Hindi,RGN027
CUST008405,Vikram Tripathi,8258804962,Male,Single,1117179,Upper-Middle,Real Estate Agent,Medium,53,Tamil,RGN023
CUST008406,Poonam Verma,8255803153,Male,Married,2984367,High,Software Engineer,Low,24,Hindi,RGN007
CUST008407,Kritika Sharma,8313135214,Male,Single,53940,Low,Farmer,Medium,44,Hindi,RGN030
CUST008408,Sunita Saxena,87517XXXXX,Male,Single,1161779,Upper-Middle,Business Owner,Medium,30,Hindi,RGN030
CUST008409,Kritika Dubey,9219731457,Female,Married,404434,Middle,Hardware Technician,Medium,57,Hindi,RGN049
CUST008410,Deepa Tiwari,9471817534,Female,Single,323754,Middle,Driver,High,28,Hindi,RGN029
CUST008411,Aryan Reddy,6946116081,Female,Divorced,703915,Middle,Business Owner,Medium,51,Hindi,RGN040
CUST008412,Nikhil Rao,6745254861,Male,Married,384153,Middle,Software Engineer,Low,40,Telugu,RGN018
CUST008413,Meera Kapoor,8085511080,Female,Married,691342,Middle,Teacher,Low,41,Hindi,RGN037
CUST008414,Kavya Reddy,7061547105,Male,Married,516825,Middle,Real Estate Agent,Medium,18,Hindi,RGN041
CUST008415,Karan Saxena,9870371311,Male,Married,1461232,Upper-Middle,Business Owner,Medium,18,Hindi,RGN036
CUST008416,Geeta Chakraborty,8271003666,Male,Married,179779,Low,Teacher,Low,35,Hindi,RGN016
CUST008417,Harsha Rajan,6632879881,Female,Married,112201,Low,Driver,High,40,Hindi,RGN002
CUST008418,Neha Mishra,8945606955,Male,Widowed,630689,Middle,Business Owner,Medium,24,Kannada,RGN021
CUST008419,Aditi Kulkarni,6524275090,Female,Widowed,2203901,High,Software Engineer,Low,24,Hindi,RGN013
CUST008420,Yash Kumar,6615364431,Female,Married,2505177,High,Software Engineer,Low,44,Hindi,RGN039
CUST008421,Poonam Shah,9230030045,Female,Single,152728,Low,Driver,High,44,Hindi,RGN004
CUST008422,Mohit Patel,7082350968,Female,Married,200972,Low,Hardware Technician,Medium,36,Hindi,RGN025
CUST008423,Gaurav Kulkarni,7114963867,Female,Single,3820686,High,Doctor,Low,47,Hindi,RGN027
CUST008424,Priya Kapoor,9844412191,Male,Married,127023,Low,Hardware Technician,Medium,23,Tamil,RGN024
CUST008425,Akash Sharma,9062217894,Male,Married,744802,Middle,Business Owner,Medium,33,Hindi,RGN036
CUST008426,Kavya Malhotra,7603200390,Male,Married,564791,Middle,Real Estate Agent,Medium,57,Hindi,RGN026
CUST008427,Vinod Mehta,7915425942,Male,Widowed,543675,Middle,Real Estate Agent,Medium,38,Tamil,RGN023
CUST008428,Kavya Rao,,Male,Married,1024577,Upper-Middle,Software Engineer,Low,39,Kannada,RGN021
CUST008429,Bhavna Singh,9012442360,Male,Widowed,266171,Low,Driver,High,65,Hindi,RGN011
CUST008430,Divya Verma,7567322917,Female,Married,212409,Low,Teacher,Low,21,Tamil,RGN024
CUST008431,Ananya Sharma,6232095540,Female,Single,967469,Upper-Middle,Business Owner,Medium,47,Hindi,RGN046
CUST008432,Tanvi Pandey,6589230360,Female,Married,1717964,Upper-Middle,Business Owner,Medium,57,Hindi,RGN034
CUST008433,Tanvi Tiwari,6306656930,Male,Single,1645048,Upper-Middle,Software Engineer,Low,34,Hindi,RGN028
CUST008434,Zara Kapoor,6903875567,Female,Married,391954,Middle,Teacher,Low,48,Hindi,RGN046
CUST008435,Karan Naik,9134282334,Male,Married,779476,Middle,Doctor,Low,26,Hindi,RGN038
CUST008436,Karan Chaudhary,8304714272,Male,Married,1053863,Upper-Middle,Software Engineer,Low,29,Hindi,RGN015
CUST008437,Sarika Mishra,7755504583,Male,Married,110745,Low,Driver,High,42,Hindi,RGN016
CUST008438,Sanjay Srivastava,6611128425,Female,Single,2797221,High,Software Engineer,Low,47,Oriya,RGN031
CUST008439,Shweta Shetty,9196232686,Female,Married,166363,Low,Farmer,Medium,51,Hindi,RGN039
CUST008440,Nandini Chaudhary,7513772769,Male,Single,282186,Low,Teacher,Low,56,Hindi,RGN010
CUST008441,Amrita Kapoor,6555908483,Male,Married,501217,Middle,Teacher,Low,37,Hindi,RGN001
CUST008442,Vishal Gowda,6034469430,Female,Widowed,643210,Middle,Real Estate Agent,Medium,52,Tamil,RGN024
CUST008443,Anil Bose,9498209768,Female,Married,982584,Upper-Middle,Business Owner,Medium,33,Tamil,RGN024
CUST008444,Vikram Tiwari,6278889012,Male,Married,429725,Middle,Teacher,Low,48,Hindi,RGN011
CUST008445,Kunal Pillai,7699519062,Male,Married,564930,Middle,Teacher,Low,40,Oriya,RGN031
CUST008446,Kritika Nair,8420520306,Female,Married,187160,Low,Driver,High,43,Oriya,RGN032
CUST008447,Meera Rao,8712875334,Female,Married,191185,Low,Front Desk Executive,Low,43,Hindi,RGN012
CUST008448,Anjali Deshpande,6801360494,Female,Married,1847982,Upper-Middle,Software Engineer,Low,18,Hindi,RGN005
CUST008449,Tanvi Rao,9421425482,Male,Divorced,894583,Upper-Middle,Real Estate Agent,Medium,24,Hindi,RGN005
CUST008450,Prakash Tripathi,9189804576,Female,Married,948862,Upper-Middle,Software Engineer,Low,39,Hindi,RGN001
CUST008451,Aarav Patil,7296258470,Female,Married,2477051,High,Doctor,Low,18,Tamil,RGN024
CUST008452,Sanjay Patil,9217699959,Female,Married,255487,Low,Hardware Technician,Medium,47,Hindi,RGN010
CUST008453,Isha Agarwal,6530443197,Male,Married,422871,Middle,Teacher,Low,48,Hindi,RGN039
CUST008454,Anjali Sharma,8063959070,Male,Married,110566,Low,Driver,High,41,Oriya,RGN032
CUST008455,Ramesh Kapoor,6974073397,Male,Married,992728,Upper-Middle,Software Engineer,Low,24,Hindi,RGN029
CUST008456,Aditi Bose,7510909331,Male,Married,231247,Low,Driver,High,54,Hindi,RGN014
CUST008457,Sapna More,9839859146,Female,Married,133920,Low,Driver,High,62,Hindi,RGN030
CUST008458,Vikram Srivastava,7666391890,Female,Married,2277132,High,Software Engineer,Low,39,Hindi,RGN005
CUST008459,Shweta Dubey,6918073218,Male,Divorced,2291028,High,Software Engineer,Low,44,Telugu,RGN019
CUST008460,Vijay More,8141973486,Male,Married,479255,Middle,Hardware Technician,Medium,40,Oriya,RGN031
CUST008461,Ananya Tiwari,6717754507,Female,Married,1461630,Upper-Middle,Business Owner,Medium,44,Hindi,RGN036
CUST008462,,8686804779,Male,Married,2784375,High,Software Engineer,Low,36,Hindi,RGN041
CUST008463,Pradeep Kapoor,6013885978,Male,Married,1668339,Upper-Middle,Business Owner,Medium,37,Telugu,RGN017
CUST008464,Tanvi Shetty,9191392117,Male,Married,872350,Upper-Middle,Real Estate Agent,Medium,48,Hindi,RGN026
CUST008465,Vishal Shetty,6594669614,Male,Single,127950,Low,Hardware Technician,Medium,65,Hindi,RGN008
CUST008466,Ramesh Mehta,9979389269,Female,Single,1537536,Upper-Middle,Business Owner,Medium,21,Hindi,RGN038
CUST008467,Prakash Reddy,8813352954,Male,Single,551450,Middle,Real Estate Agent,Medium,36,Hindi,RGN046
CUST008468,Vikram Chaudhary,6054530421,Female,Married,182373,Low,Farmer,Medium,23,Hindi,RGN035
CUST008469,Siddharth Kumar,8316651899,Male,Married,2260887,High,Business Owner,Medium,57,Hindi,RGN005
CUST008470,Geeta Balaji,8036402981,Female,Divorced,472027,Middle,Teacher,Low,30,Hindi,RGN005
CUST008471,Yash Balaji,9878332621,Male,Married,753148,Middle,Software Engineer,Low,20,Telugu,RGN017
CUST008472,Neha Saxena,6038589472,Female,Married,739129,Middle,Software Engineer,Low,45,Hindi,RGN003
CUST008473,Uday Menon,6551521983,Female,Married,139602,Low,Front Desk Executive,Low,58,Hindi,RGN008
CUST008474,Varun More,9230817260,Male,Single,303743,Middle,Hardware Technician,Medium,45,Kannada,RGN021
CUST008475,Rohit Hegde,9612420441,Female,Married,268421,Low,Driver,High,40,Hindi,RGN027
CUST008476,Manoj Shetty,8682072799,Female,Divorced,293258,Low,Hardware Technician,Medium,42,Hindi,RGN046
CUST008477,Neha Joshi,8994018989,Male,Married,96238,Low,Farmer,Medium,54,Hindi,RGN048
CUST008478,Sandeep Krishnan,7662936740,Male,Married,2777920,High,Software Engineer,Low,27,Hindi,RGN025
CUST008479,Ravi Patil,95600XXXXX,Male,Divorced,1749007,Upper-Middle,Software Engineer,Low,36,Hindi,RGN026
CUST008480,Sapna Patel,6349355341,Male,Married,3620583,High,Business Owner,Medium,32,Tamil,RGN023
CUST008481,Deepak Verma,9607987679,Male,Single,2949750,High,Software Engineer,Low,23,Tamil,RGN023
CUST008482,Prakash Mishra,7689195209,Female,Married,920143,Upper-Middle,Software Engineer,Low,34,Hindi,RGN045
CUST008483,Anil Bose,8634777415,Male,Married,3199752,High,Doctor,Low,51,Hindi,RGN045
CUST008484,Uday Das,8633441901,Male,Married,231232,Low,Hardware Technician,Medium,44,Hindi,RGN038
CUST008485,Nandini More,7802914394,Male,Divorced,321432,Middle,Teacher,Low,45,Hindi,RGN037
CUST008486,Rajesh Kapoor,7074801559,Male,Widowed,2860577,High,Software Engineer,Low,39,Telugu,RGN019
CUST008487,Anil Singh,7691776829,Female,Divorced,1403448,Upper-Middle,Software Engineer,Low,44,Hindi,RGN047
CUST008488,Sandeep Srivastava,7680750096,Male,Married,666763,Middle,Business Owner,Medium,28,Hindi,RGN008
CUST008489,Uday Desai,9083388806,Male,Divorced,930846,Upper-Middle,Business Owner,Medium,34,Hindi,RGN016
CUST008490,Rekha Desai,9338287899,Male,Married,624445,Middle,Teacher,Low,40,Hindi,RGN049
CUST008491,Uday Kapoor,6723528815,Female,Married,615304,Middle,Teacher,Low,41,Hindi,RGN039
CUST008492,Vishal Malhotra,6369928710,Male,Married,1531661,Upper-Middle,Software Engineer,Low,41,Hindi,RGN043
CUST008493,Karan Tiwari,6239770431,Male,Single,513787,Middle,Real Estate Agent,Medium,36,Hindi,RGN050
CUST008494,Sneha Dubey,7455163888,Male,Married,847207,Upper-Middle,Real Estate Agent,Medium,33,Hindi,RGN049
CUST008495,Yash Pillai,7289971057,Female,Married,81277,Low,Farmer,Medium,65,Hindi,RGN037
CUST008496,Zara Venkatesh,8498111809,Female,Married,896213,Upper-Middle,Software Engineer,Low,48,Hindi,RGN041
CUST008497,Mohit Gupta,6660898911,Female,Single,353403,Middle,Teacher,Low,42,Hindi,RGN050
CUST008498,Mohit Dubey,7814714384,Female,Widowed,869953,Upper-Middle,Software Engineer,Low,35,Hindi,RGN012
CUST008499,Geeta Kumar,6115403359,Other,Single,251084,Low,Farmer,Medium,32,Hindi,RGN005
CUST008500,Deepak Kumar,9900705530,Male,Married,129147,Low,Hardware Technician,Medium,36,Telugu,RGN018
CUST008501,Rajesh Mishra,9277186986,Male,Single,881503,Upper-Middle,Real Estate Agent,Medium,41,Tamil,RGN023
CUST008502,Mohit Sharma,7017762609,Female,Married,132501,Low,Front Desk Executive,Low,18,Hindi,RGN040
CUST008503,Anjali Reddy,8927453795,Female,Married,219749,Low,Teacher,Low,19,Tamil,RGN024
CUST008504,Sunita Menon,9968260692,Female,Single,187506,Low,Front Desk Executive,Low,30,Hindi,RGN014
CUST008505,Shweta Reddy,6417958830,Female,Married,4866283,High,Pilot,High,40,Tamil,RGN023
CUST008506,Swati Mehta,6408499323,Male,Married,208899,Low,Farmer,Medium,35,Hindi,RGN011
CUST008507,Zara Subramanian,6285503847,Male,Married,362914,Middle,Software Engineer,Low,55,Oriya,RGN032
CUST008508,Anil Chakraborty,6068973173,Male,Divorced,270870,Low,Farmer,Medium,20,Hindi,RGN027
CUST008509,Divya Venkatesh,9723101094,Male,Married,5610483,High,Pilot,High,28,Hindi,RGN045
CUST008510,Pooja More,8975130120,Female,Divorced,381655,Middle,Teacher,Low,56,Hindi,RGN013
CUST008511,Sunita Jadhav,9308163481,Female,Married,1689882,Upper-Middle,Software Engineer,Low,39,Hindi,RGN030
CUST008512,Vijay Balaji,6050272577,Male,Married,1659929,Upper-Middle,Business Owner,Medium,48,Kannada,RGN022
CUST008513,Neha Krishnan,7619584361,Female,Married,501549,Middle,Teacher,Low,62,Hindi,RGN039
CUST008514,Neha Mishra,7735858243,Female,Married,1301728,Upper-Middle,Software Engineer,Low,29,Telugu,RGN017
CUST008515,Geeta Nair,8822808576,Female,Married,240411,Low,Hardware Technician,Medium,36,Hindi,RGN012
CUST008516,Bhavna Singh,7362391613,Female,Widowed,392759,Middle,Real Estate Agent,Medium,34,Tamil,RGN023
CUST008517,Anjali Tripathi,8024855256,Female,Married,141769,Low,Front Desk Executive,Low,18,Hindi,RGN034
CUST008518,Kunal Malhotra,9088063572,Female,Single,2518978,High,Software Engineer,Low,34,Hindi,RGN037
CUST008519,Tanvi Dubey,6863218122,Female,Divorced,394665,Middle,Teacher,Low,48,Hindi,RGN047
CUST008520,Kavya Shah,6271643169,Male,Married,663569,Middle,Software Engineer,Low,44,Hindi,RGN012
CUST008521,Rajesh Pillai,8800684116,Male,Single,1609158,Upper-Middle,Software Engineer,Low,45,Hindi,RGN036
CUST008522,Sneha Rao,6201221258,Male,Single,118826,Low,Hardware Technician,Medium,33,Tamil,RGN024
CUST008523,Zara Dubey,8723874848,Male,Married,2292983,High,Software Engineer,Low,30,Hindi,RGN041
CUST008524,Mohit Verma,7698022509,Male,Married,164358,Low,Driver,High,53,Hindi,RGN012
CUST008525,Ramesh Menon,6357813742,Female,Married,698284,Middle,Teacher,Low,32,Hindi,RGN009
CUST008526,Siddharth Reddy,6415709952,Male,Married,1097698,Upper-Middle,Software Engineer,Low,41,Hindi,RGN048
CUST008527,Arjun Venkatesh,6046059899,Female,Divorced,3639000,High,Business Owner,Medium,39,Hindi,RGN027
CUST008528,Geeta Shah,7611044761,Female,Single,1194228,Upper-Middle,Business Owner,Medium,55,Hindi,RGN008
CUST008529,Kritika Balaji,8943405013,Male,Single,58062,Low,Farmer,Medium,49,Hindi,RGN042
CUST008530,Shweta Chakraborty,9819457545,Female,Single,2933049,High,Software Engineer,Low,22,Hindi,RGN043
CUST008531,Tanvi Kulkarni,7355897295,Male,Divorced,827062,Upper-Middle,Software Engineer,Low,23,Telugu,RGN017
CUST008532,Kunal Patel,8055241108,Female,Married,246377,Low,Front Desk Executive,Low,44,Hindi,RGN029
CUST008533,Sapna Gowda,9154099229,Female,Married,202186,Low,Teacher,Low,37,Hindi,RGN016
CUST008534,Karan Desai,7466297254,Male,Married,959827,Upper-Middle,Business Owner,Medium,32,Hindi,RGN026
CUST008535,Rajesh Kumar,7545995726,Male,Single,1636492,Upper-Middle,Software Engineer,Low,50,Hindi,RGN011
CUST008536,Suresh Bose,7485500230,Female,Divorced,908859,Upper-Middle,Software Engineer,Low,40,Hindi,RGN044
CUST008537,Deepa Mishra,9296782866,Female,Single,1745758,Upper-Middle,Software Engineer,Low,38,Hindi,RGN013
CUST008538,Geeta Das,6982859040,Female,Single,158461,Low,Driver,High,47,Telugu,RGN020
CUST008539,Ramesh Deshpande,9209434102,Male,Single,73388,Low,Farmer,Medium,33,Telugu,RGN020
CUST008540,Sunil Gupta,7013011326,Female,Widowed,271020,Low,Teacher,Low,56,Hindi,RGN010
CUST008541,Nandini Iyer,7398868496,Female,Widowed,197980,Low,Driver,High,28,Hindi,RGN003
CUST008542,Sapna Mehta,9686734815,Male,Married,1964257,Upper-Middle,Software Engineer,Low,45,Hindi,RGN001
CUST008543,Lakshmi Kulkarni,7912219043,Female,Married,1114829,Upper-Middle,Software Engineer,Low,55,Tamil,RGN023
CUST008544,Kunal Rajan,9056904364,Female,Married,185040,Low,Driver,High,21,Telugu,RGN020
CUST008545,Divya Hegde,8469442110,Male,Married,279918,Low,Business Owner,Medium,33,Hindi,RGN046
CUST008546,Sneha Venkatesh,9709905303,Male,Single,54998,Low,Farmer,Medium,51,Hindi,RGN002
CUST008547,Sapna Tiwari,7615187104,Female,Married,1900780,Upper-Middle,Doctor,Low,51,Hindi,RGN007
CUST008548,Aarav Joshi,6446463898,Female,Single,736695,Middle,Real Estate Agent,Medium,35,Telugu,RGN018
CUST008549,Sunita More,7284014497,Female,Divorced,2035416,High,Business Owner,Medium,29,Tamil,RGN023
CUST008550,Rohit Joshi,6573580541,Female,Married,698869,Middle,Teacher,Low,49,Hindi,RGN015
CUST008551,Lakshmi Shetty,9318927500,Female,Married,2408358,High,Doctor,Low,52,Telugu,RGN018
CUST008552,Ravi Rao,9921539005,Male,Married,370262,Middle,Teacher,Low,24,Telugu,RGN020
CUST008553,Sunita Agarwal,6674817989,Male,Married,2759081,High,Software Engineer,Low,23,Hindi,RGN049
CUST008554,Amrita Chakraborty,6330393758,Female,Married,143898,Low,Hardware Technician,Medium,40,Hindi,RGN050
CUST008555,Siddharth Pandey,6301217099,Other,Married,2819403,High,Software Engineer,Low,45,Hindi,RGN049
CUST008556,Ravi Singh,8495718134,Female,Married,1157916,Upper-Middle,Real Estate Agent,Medium,34,Tamil,RGN023
CUST008557,Rajesh More,6029061691,Male,Married,354178,Middle,Real Estate Agent,Medium,46,Tamil,RGN024
CUST008558,Akash Chakraborty,8361067076,Male,Divorced,1977278,Upper-Middle,Pilot,High,29,Hindi,RGN003
CUST008559,Sneha Hegde,,Male,Divorced,1343299,Upper-Middle,Doctor,Low,18,Hindi,RGN026
CUST008560,Uday Sharma,6773268578,Female,Married,140700,Low,Farmer,Medium,32,Hindi,RGN030
CUST008561,Deepak Venkatesh,6052894168,Male,Married,1199412,Upper-Middle,Business Owner,Medium,38,Hindi,RGN039
CUST008562,Neha Kulkarni,9318552567,Female,Married,184569,Low,Driver,High,34,Hindi,RGN008
CUST008563,Vishal More,9787905411,Female,Married,123013,Low,Driver,High,24,Hindi,RGN036
CUST008564,Vinod Shetty,7199120624,Male,Divorced,326667,Middle,Real Estate Agent,Medium,18,Hindi,RGN003
CUST008565,Rahul Rao,7426996969,Female,Single,63343,Low,Farmer,Medium,31,Hindi,RGN036
CUST008566,Geeta Venkatesh,9686990078,Male,Married,1590366,Upper-Middle,Software Engineer,Low,48,Hindi,RGN028
CUST008567,Geeta Iyer,7816041379,Male,Divorced,454523,Middle,Software Engineer,Low,53,Hindi,RGN034
CUST008568,Deepa Tiwari,9404970383,Female,Married,141295,Low,Driver,High,52,Kannada,RGN022
CUST008569,Geeta Menon,8103111557,Male,Married,355210,Middle,Driver,High,28,Hindi,RGN009
CUST008570,Deepak Rajan,9018307849,Male,Married,591382,Middle,Software Engineer,Low,24,Hindi,RGN046
CUST008571,Arjun Venkatesh,6824560943,Female,Divorced,1747517,Upper-Middle,Software Engineer,Low,43,Hindi,RGN011
CUST008572,Geeta Patel,7013022393,Male,Single,696726,Middle,Software Engineer,Low,45,Hindi,RGN034
CUST008573,Kunal Tiwari,8403571338,Female,Divorced,2845024,High,Software Engineer,Low,42,Hindi,RGN041
CUST008574,Kritika Bose,8472781219,Female,Single,1077285,Upper-Middle,Software Engineer,Low,18,Hindi,RGN035
CUST008575,Sarika Das,9573515496,Male,Married,285779,Low,Teacher,Low,27,Oriya,RGN032
CUST008576,Divya Iyer,6660766471,Male,Married,391086,Middle,Teacher,Low,37,Hindi,RGN003
CUST008577,Manoj Das,7434683485,Male,Married,1596238,Upper-Middle,Doctor,Low,43,Hindi,RGN012
CUST008578,Vikram Jadhav,8975157980,Male,Married,248825,Low,Hardware Technician,Medium,47,Hindi,RGN010
CUST008579,Ravi Tiwari,6583269736,Male,Single,5251447,High,Pilot,High,39,Kannada,RGN021
CUST008580,Sanjay Balaji,6630179821,Female,Single,387362,Middle,Driver,High,41,Hindi,RGN013
CUST008581,Divya Kumar,6959278332,Female,Married,261827,Low,Driver,High,39,Hindi,RGN033
CUST008582,Deepak Iyer,8968345116,Male,Single,2842536,High,Doctor,Low,46,Hindi,RGN048
CUST008583,Aditi Mehta,6065151382,Female,Married,191126,Low,Hardware Technician,Medium,41,Hindi,RGN012
CUST008584,Ravi Tiwari,7262936588,Female,Married,430448,Middle,Hardware Technician,Medium,38,Hindi,RGN027
CUST008585,Sneha Venkatesh,7499605204,Female,Single,1062160,Upper-Middle,Software Engineer,Low,34,Hindi,RGN012
CUST008586,Karan Mehta,7526791388,Female,Married,1782315,Upper-Middle,Software Engineer,Low,38,Hindi,RGN029
CUST008587,Vikram Patel,8158694094,Male,Married,289367,Low,Teacher,Low,43,Telugu,RGN019
CUST008588,Harsha Singh,9188299178,Female,Divorced,1100355,Upper-Middle,Software Engineer,Low,41,Hindi,RGN007
CUST008589,Pradeep Subramanian,6766154580,Male,Married,976700,Upper-Middle,Software Engineer,Low,42,Tamil,RGN023
CUST008590,Lakshmi Malhotra,9187001365,Female,Divorced,1360424,Upper-Middle,Real Estate Agent,Medium,54,Hindi,RGN045
CUST008591,Rajesh Mehta,6220163576,Female,Single,94069,Low,Farmer,Medium,41,Hindi,RGN041
CUST008592,Ravi Chaudhary,6364725985,Female,Married,1559763,Upper-Middle,Software Engineer,Low,30,Telugu,RGN019
CUST008593,Gaurav Tiwari,9842122898,Male,Married,347103,Middle,Hardware Technician,Medium,48,Hindi,RGN011
CUST008594,Swati Gupta,8354143019,Male,Married,337617,Middle,Hardware Technician,Medium,21,Hindi,RGN005
CUST008595,Sandeep Kumar,8267363251,Male,Single,2822611,High,Doctor,Low,25,Hindi,RGN038
CUST008596,Yash Desai,8310430804,Female,Single,262430,Low,Front Desk Executive,Low,42,Hindi,RGN035
CUST008597,Manoj Naik,8310025904,Male,Married,1969126,Upper-Middle,Software Engineer,Low,44,Telugu,RGN017
CUST008598,Ramesh Mehta,9547691713,Male,Married,424669,Middle,Real Estate Agent,Medium,23,Hindi,RGN040
CUST008599,Aditi Dubey,8951846917,Female,Married,1133001,Upper-Middle,Business Owner,Medium,33,Hindi,RGN014
CUST008600,Santosh Mehta,7847127199,Female,Married,321659,Middle,Real Estate Agent,Medium,30,Hindi,RGN010
CUST008601,Sanjay Pandey,7724198783,Male,Married,269096,Low,Teacher,Low,32,Hindi,RGN038
CUST008602,Deepak Das,7330655976,Male,Married,694302,Middle,Business Owner,Medium,49,Hindi,RGN028
CUST008603,Geeta Nair,6355220227,Female,Married,90757,Low,Farmer,Medium,46,Hindi,RGN012
CUST008604,Poonam Joshi,9177001280,Male,Married,900311,Upper-Middle,Real Estate Agent,Medium,37,Hindi,RGN015
CUST008605,Aditya Shetty,8517294889,Male,Single,161258,Low,Front Desk Executive,Low,31,Hindi,RGN026
CUST008606,Deepa Agarwal,8530245301,Male,Married,1236768,Upper-Middle,Business Owner,Medium,21,Hindi,RGN014
CUST008607,Gaurav Menon,8405256406,Female,Married,866351,Upper-Middle,Software Engineer,Low,55,Hindi,RGN002
CUST008608,Harsha Nair,6564329008,Male,Married,267313,Low,Front Desk Executive,Low,45,Hindi,RGN001
CUST008609,Aditi Shetty,80915XXXXX,Male,Married,90891,Low,Driver,High,29,Hindi,RGN042
CUST008610,Sanjay Balaji,9362298225,Male,Married,1730740,Upper-Middle,Software Engineer,Low,46,Kannada,RGN022
CUST008611,Neha Rajan,6538653123,Male,Married,694450,Middle,Software Engineer,Low,37,Hindi,RGN037
CUST008612,Aarav Venkatesh,8848420941,Female,Married,679022,Middle,Software Engineer,Low,34,Telugu,RGN020
CUST008613,Ravi Saxena,8446204245,Male,Single,162460,Low,Driver,High,43,Hindi,RGN040
CUST008614,Mohit Tripathi,7361363750,Male,Married,113910,Low,Front Desk Executive,Low,29,Hindi,RGN004
CUST008615,Mohit Gowda,6180829380,Male,Married,873274,Upper-Middle,Software Engineer,Low,33,Hindi,RGN002
CUST008616,Akash Iyer,9438572903,Female,Married,186034,Low,Hardware Technician,Medium,39,Tamil,RGN024
CUST008617,Vijay Patel,7165155673,Male,Single,1735716,Upper-Middle,Software Engineer,Low,32,Hindi,RGN001
CUST008618,Rekha Hegde,7761072778,Male,Single,633864,Middle,Software Engineer,Low,46,Kannada,RGN021
CUST008619,Neha Iyer,9659732460,Female,Single,425673,Middle,Hardware Technician,Medium,60,Tamil,RGN023
CUST008620,Tanvi Dubey,8705021192,Male,Single,544594,Middle,Software Engineer,Low,28,Hindi,RGN036
CUST008621,Rajesh Joshi,8058368251,Male,Divorced,1932871,Upper-Middle,Software Engineer,Low,18,Hindi,RGN047
CUST008622,Sapna Menon,9024552674,Male,Married,1606497,Upper-Middle,Software Engineer,Low,18,Hindi,RGN048
CUST008623,Yash Dubey,9934432228,Male,Married,891197,Upper-Middle,Real Estate Agent,Medium,36,Hindi,RGN026
CUST008624,Ramesh Agarwal,7721302732,Female,Married,246589,Low,Farmer,Medium,30,Hindi,RGN003
CUST008625,Bhavna Pillai,7044840004,Female,Single,2884074,High,Software Engineer,Low,40,Hindi,RGN035
CUST008626,Sandeep Hegde,8344462279,Female,Divorced,414645,Middle,Teacher,Low,39,Hindi,RGN048
CUST008627,Shruti Shetty,7817272433,Male,Married,1610418,Upper-Middle,Business Owner,Medium,18,Hindi,RGN034
CUST008628,Kunal Rajan,8772048443,Male,Married,1602830,Upper-Middle,Software Engineer,Low,18,Hindi,RGN040
CUST008629,Kunal Pillai,9628255994,Female,Single,2031753,High,Business Owner,Medium,41,Hindi,RGN004
CUST008630,Kavya Patil,8827596559,Female,Married,1408701,Upper-Middle,Real Estate Agent,Medium,39,Hindi,RGN003
CUST008631,Vikram Rajan,9694130087,Male,Married,816110,Upper-Middle,Software Engineer,Low,32,Hindi,RGN003
CUST008632,Swati Verma,6062359169,Female,Married,1575902,Upper-Middle,Doctor,Low,18,Hindi,RGN027
CUST008633,Vishal Kapoor,7182446495,Female,Single,3552283,High,Business Owner,Medium,43,Hindi,RGN009
CUST008634,Divya Tiwari,9656602076,Female,Widowed,2236740,High,Pilot,High,53,Tamil,RGN024
CUST008635,Meera Sharma,7451309612,Female,Married,2958348,High,Business Owner,Medium,41,Oriya,RGN031
CUST008636,Isha Tripathi,9189329865,Male,Married,105254,Low,Driver,High,27,Hindi,RGN014
CUST008637,Poonam Kapoor,6844265495,Female,Married,1018244,Upper-Middle,Software Engineer,Low,38,Hindi,RGN043
CUST008638,Meera More,7705754941,Male,Married,1534026,Upper-Middle,Business Owner,Medium,21,Hindi,RGN028
CUST008639,Prakash Patel,8874491502,Female,Married,326300,Middle,Driver,High,50,Tamil,RGN023
CUST008640,Sunil Patil,7295185897,Female,Married,952115,Upper-Middle,Software Engineer,Low,38,Hindi,RGN038
CUST008641,Rohit Singh,9811655089,Male,Divorced,468130,Middle,Hardware Technician,Medium,18,Hindi,RGN049
CUST008642,Karan More,6490876991,Male,Married,294383,Low,Farmer,Medium,34,Hindi,RGN001
CUST008643,Rahul Joshi,8748004869,Female,Single,2974761,High,Business Owner,Medium,43,Hindi,RGN027
CUST008644,Rohit Deshpande,6802678224,Female,Single,329749,Middle,Business Owner,Medium,34,Hindi,RGN006
CUST008645,Sneha Singh,6934274978,Female,Married,1549201,Upper-Middle,Software Engineer,Low,34,Hindi,RGN036
CUST008646,Sandeep Das,8752281551,Female,Married,1667371,Upper-Middle,Business Owner,Medium,23,Telugu,RGN020
CUST008647,Arjun More,8624993729,Male,Married,1023823,Upper-Middle,Software Engineer,Low,44,Hindi,RGN016
CUST008648,Ananya Mehta,8204301604,Female,Married,295396,Low,Teacher,Low,30,Tamil,RGN023
CUST008649,Pooja Mishra,7637599729,Male,Single,191744,Low,Farmer,Medium,18,Hindi,RGN011
CUST008650,Kavya Rajan,8685857605,Female,Married,115179,Low,Farmer,Medium,33,Hindi,RGN037
CUST008651,Deepak Mehta,6575997539,Male,Single,245879,Low,Driver,High,49,Hindi,RGN011
CUST008652,Aryan Kulkarni,7918819405,Male,Married,218940,Low,Front Desk Executive,Low,33,Hindi,RGN049
CUST008653,Ramesh Shah,8846529189,Female,Married,1629721,Upper-Middle,Software Engineer,Low,58,Kannada,RGN022
CUST008654,Aditya Mishra,7580583076,Female,Married,397284,Middle,Teacher,Low,43,Hindi,RGN002
CUST008655,Pradeep Kulkarni,7054260244,Male,Married,113456,Low,Hardware Technician,Medium,42,Hindi,RGN012
CUST008656,Rahul Bose,7117384962,Female,Single,2791299,High,Software Engineer,Low,36,Hindi,RGN047
CUST008657,Gaurav Srivastava,9436848507,Female,Single,318195,Middle,Teacher,Low,37,Hindi,RGN015
CUST008658,Meera Jadhav,6134223550,Female,Married,2972413,High,Doctor,Low,34,Hindi,RGN050
CUST008659,Divya Shah,8405710620,Male,Married,287552,Low,Front Desk Executive,Low,34,Oriya,RGN031
CUST008660,Anil Subramanian,6201104125,Male,Divorced,735988,Middle,Software Engineer,Low,44,Hindi,RGN011
CUST008661,Poonam Kulkarni,9049602250,Male,Married,1745693,Upper-Middle,Software Engineer,Low,26,Oriya,RGN032
CUST008662,Rohit Krishnan,7011988552,Female,Married,2044349,High,Software Engineer,Low,25,Hindi,RGN007
CUST008663,Meera Gupta,9172827026,Female,Single,2572702,High,Business Owner,Medium,24,Hindi,RGN015
CUST008664,Sanjay Kumar,6259279760,Male,Married,513495,Middle,Real Estate Agent,Medium,62,Hindi,RGN015
CUST008665,Neha Chaudhary,8027183010,Female,Married,376447,Middle,Hardware Technician,Medium,44,Hindi,RGN041
CUST008666,Karan Agarwal,6849525400,Male,Married,190951,Low,Driver,High,41,Hindi,RGN014
CUST008667,Shweta Sharma,7518893457,Female,Married,204033,Low,Driver,High,25,Telugu,RGN019
CUST008668,Anil Joshi,9494789792,Female,Single,2809725,High,Software Engineer,Low,45,Hindi,RGN047
CUST008669,Pooja Subramanian,9911616466,Male,Married,215389,Low,Driver,High,36,Hindi,RGN007
CUST008670,Kunal Malhotra,9326631882,Female,Married,3990011,High,Business Owner,Medium,40,Hindi,RGN041
CUST008671,Vishal Dubey,9876824584,Female,Single,152796,Low,Teacher,Low,26,Hindi,RGN034
CUST008672,Sandeep Shetty,8166263575,Male,Married,1697934,Upper-Middle,Business Owner,Medium,39,Hindi,RGN035
CUST008673,Deepak Krishnan,8845240541,Male,Married,278455,Low,Driver,High,32,Hindi,RGN013
CUST008674,Sapna Hegde,9833142147,Male,Married,510537,Middle,Software Engineer,Low,28,Hindi,RGN010
CUST008675,Lakshmi Malhotra,7380327055,Male,Married,1425638,Upper-Middle,Software Engineer,Low,46,Telugu,RGN017
CUST008676,Rohit Balaji,8402741243,Female,Married,1510863,Upper-Middle,Doctor,Low,19,Hindi,RGN025
CUST008677,Mohit Krishnan,7058920790,Female,Widowed,2174939,High,Software Engineer,Low,44,Hindi,RGN041
CUST008678,Nandini Shah,8266136763,Male,Widowed,106935,Low,Farmer,Medium,46,Hindi,RGN042
CUST008679,Sunita Pandey,8852852958,Female,Married,223420,Low,Driver,High,27,Hindi,RGN050
CUST008680,Sneha Iyer,6312013279,Female,Single,266181,Low,Teacher,Low,28,Hindi,RGN008
CUST008681,Varun Das,9855965211,Male,Married,324384,Middle,Hardware Technician,Medium,35,Hindi,RGN003
CUST008682,Ravi Gupta,9780028105,Male,Married,806891,Upper-Middle,Business Owner,Medium,41,Hindi,RGN028
CUST008683,Sanjay Balaji,7903064167,Male,Married,296709,Low,Driver,High,36,Hindi,RGN047
CUST008684,Rajesh Naik,6214929078,Female,Widowed,612979,Middle,Real Estate Agent,Medium,43,Hindi,RGN012
CUST008685,Sapna Shah,7401077250,Male,Married,2081116,High,Doctor,Low,59,Hindi,RGN009
CUST008686,Arjun Jadhav,7109859306,Male,Divorced,2335299,High,Software Engineer,Low,31,Kannada,RGN021
CUST008687,Meera Kumar,6843829135,Other,Married,1792825,Upper-Middle,Software Engineer,Low,18,Hindi,RGN050
CUST008688,Karan Gupta,79411XXXXX,Female,Married,1200691,Upper-Middle,Software Engineer,Low,47,Hindi,RGN008
CUST008689,Priya Agarwal,7933175613,Female,Married,2267672,High,Business Owner,Medium,58,Hindi,RGN033
CUST008690,Aditi Singh,9311596955,Female,Married,327899,Middle,Front Desk Executive,Low,42,Hindi,RGN009
CUST008691,Ramesh Mehta,8917808855,Male,Married,205124,Low,Hardware Technician,Medium,24,Hindi,RGN009
CUST008692,Vishal Krishnan,9634162531,Male,Married,133012,Low,Front Desk Executive,Low,36,Hindi,RGN014
CUST008693,Suresh Patel,9402373930,Female,Married,173075,Low,Front Desk Executive,Low,24,Hindi,RGN036
CUST008694,Siddharth Rajan,8574129860,Other,Single,1588608,Upper-Middle,Software Engineer,Low,45,Hindi,RGN026
CUST008695,Poonam More,7779054253,Female,Single,197235,Low,Driver,High,21,Hindi,RGN039
CUST008696,Kunal Dubey,6702777217,Female,Married,1636282,Upper-Middle,Software Engineer,Low,34,Hindi,RGN008
CUST008697,Divya Gowda,9287826500,Female,Married,258192,Low,Hardware Technician,Medium,25,Hindi,RGN014
CUST008698,Santosh Rao,7123548366,Male,Divorced,318220,Middle,Driver,High,39,Hindi,RGN013
CUST008699,Yash Shetty,7539671832,Male,Married,377074,Middle,Teacher,Low,33,Hindi,RGN038
CUST008700,Sneha Shah,7953021559,Female,Married,323405,Middle,Teacher,Low,40,Telugu,RGN019
CUST008701,Pooja Bose,8223931591,Male,Divorced,204027,Low,Hardware Technician,Medium,38,Hindi,RGN042
CUST008702,Amrita Iyer,6518507972,Male,Single,1606810,Upper-Middle,Pilot,High,26,Hindi,RGN046
CUST008703,Ramesh Chaudhary,7810891887,Male,Married,678089,Middle,Software Engineer,Low,45,Hindi,RGN010
CUST008704,Sapna Jadhav,68985XXXXX,Male,Married,408512,Middle,Teacher,Low,37,Hindi,RGN012
CUST008705,Anjali Desai,6132036096,Male,Single,1676265,Upper-Middle,Business Owner,Medium,26,Hindi,RGN013
CUST008706,Varun Das,6337496126,Male,Single,258130,Low,Hardware Technician,Medium,64,Hindi,RGN039
CUST008707,Karan Verma,6728079344,Female,Single,378599,Middle,Teacher,Low,43,Hindi,RGN002
CUST008708,Pradeep Patel,9969091023,Female,Divorced,461328,Middle,Software Engineer,Low,36,Hindi,RGN050
CUST008709,Meera Srivastava,6937980446,Female,Single,2006100,High,Business Owner,Medium,54,Hindi,RGN006
CUST008710,Swati Krishnan,6079194923,Male,Widowed,481083,Middle,Hardware Technician,Medium,60,Hindi,RGN009
CUST008711,Mohit Desai,8920273049,Female,Married,494673,Middle,Teacher,Low,36,Kannada,RGN021
CUST008712,Aarav Iyer,9805501443,Male,Single,255331,Low,Front Desk Executive,Low,42,Hindi,RGN049
CUST008713,Suresh Desai,6111670512,Female,Married,256323,Low,Driver,High,26,Hindi,RGN005
CUST008714,Kritika Nair,6075353542,Female,Married,2883583,High,Software Engineer,Low,36,Hindi,RGN043
CUST008715,Sneha Bose,7653755849,Female,Married,337203,Middle,Teacher,Low,35,Hindi,RGN048
CUST008716,Aditya Iyer,6282642491,Female,Married,458978,Middle,Teacher,Low,40,Hindi,RGN003
CUST008717,Prakash Jadhav,8859618946,Male,Single,2691199,High,Software Engineer,Low,41,Hindi,RGN005
CUST008718,Divya Jadhav,8854739893,Male,Married,1847548,Upper-Middle,Business Owner,Medium,44,Hindi,RGN013
CUST008719,Vinod Patil,6161279242,Female,Single,200188,Low,Hardware Technician,Medium,40,Hindi,RGN048
CUST008720,,9281150716,Male,Widowed,677327,Middle,Software Engineer,Low,23,Hindi,RGN035
CUST008721,Vikram Naik,7321711467,Female,Married,441980,Middle,Software Engineer,Low,26,Hindi,RGN016
CUST008722,Meera Rajan,8301570557,Male,Married,618424,Middle,Teacher,Low,31,Hindi,RGN041
CUST008723,Sunita Pandey,6143027679,Female,Married,2036515,High,Business Owner,Medium,34,Hindi,RGN035
CUST008724,Anil Sharma,6824404283,Male,Married,2429867,High,Software Engineer,Low,50,Hindi,RGN041
CUST008725,Shweta Pillai,7420095410,Female,Married,1733548,Upper-Middle,Software Engineer,Low,24,Hindi,RGN050
CUST008726,Shweta Kapoor,8297967642,Male,Single,364430,Middle,Teacher,Low,33,Tamil,RGN024
CUST008727,Kavya Chaudhary,9333132562,Female,Single,565884,Middle,Doctor,Low,49,Hindi,RGN008
CUST008728,Sanjay Shah,6274140551,Male,Divorced,967216,Upper-Middle,Software Engineer,Low,34,Hindi,RGN035
CUST008729,Divya Dubey,9297729161,Female,Married,533582,Middle,Software Engineer,Low,43,Hindi,RGN030
CUST008730,Deepak Pillai,9934961746,Male,Single,261835,Low,Farmer,Medium,36,Hindi,RGN037
CUST008731,Meera Mehta,8878207952,Female,Married,170190,Low,Front Desk Executive,Low,41,Oriya,RGN032
CUST008732,Santosh Tripathi,6757046483,Male,Single,3416885,High,Business Owner,Medium,35,Hindi,RGN003
CUST008733,Rajesh Bose,9153037631,Male,Married,454775,Middle,Hardware Technician,Medium,46,Hindi,RGN033
CUST008734,Aarav Gupta,9481674312,Female,Married,940732,Upper-Middle,Real Estate Agent,Medium,19,Hindi,RGN043
CUST008735,Sanjay Shetty,6827259673,Male,Divorced,282497,Low,Farmer,Medium,33,Hindi,RGN015
CUST008736,Vishal Pillai,8753178416,Male,Married,2244098,High,Software Engineer,Low,41,Tamil,RGN023
CUST008737,Siddharth Chakraborty,8756091575,Female,Married,359355,Middle,Teacher,Low,44,Hindi,RGN042
CUST008738,Santosh Shah,8157961428,Male,Married,164362,Low,Teacher,Low,55,Hindi,RGN026
CUST008739,Deepak Das,7342820978,Female,Married,294492,Low,Teacher,Low,33,Hindi,RGN034
CUST008740,Ravi Gupta,9223534221,Female,Married,1511473,Upper-Middle,Business Owner,Medium,55,Hindi,RGN037
CUST008741,Bhavna Patil,7286879732,Other,Married,1855259,Upper-Middle,Software Engineer,Low,30,Oriya,RGN031
CUST008742,Geeta Srivastava,8989609939,Male,Married,152311,Low,Hardware Technician,Medium,53,Hindi,RGN036
CUST008743,Sapna Desai,8758598934,Female,Single,2997405,High,Software Engineer,Low,47,Hindi,RGN011
CUST008744,Arjun Jadhav,8328019409,Female,Single,952843,Upper-Middle,Business Owner,Medium,27,Kannada,RGN022
CUST008745,Anjali Singh,8517790171,Female,Single,339514,Middle,Hardware Technician,Medium,41,Hindi,RGN005
CUST008746,Siddharth Hegde,8489495053,Male,Married,611919,Middle,Software Engineer,Low,37,Tamil,RGN023
CUST008747,Prakash Mishra,9236076826,Female,Divorced,594003,Middle,Teacher,Low,45,Hindi,RGN041
CUST008748,Tanvi Gowda,7740685964,Male,Married,323819,Middle,Teacher,Low,35,Hindi,RGN001
CUST008749,Poonam Rajan,9521572489,Female,Married,2311674,High,Software Engineer,Low,34,Hindi,RGN015
CUST008750,Anjali Rajan,8665464398,Female,Married,1105298,Upper-Middle,Software Engineer,Low,54,Hindi,RGN005
CUST008751,Ravi Malhotra,9930700466,Male,Single,1381366,Upper-Middle,Business Owner,Medium,36,Hindi,RGN038
CUST008752,Sarika More,9052261247,Male,Married,161596,Low,Driver,High,47,Hindi,RGN001
CUST008753,Kunal Srivastava,6305206409,Male,Single,696701,Middle,Teacher,Low,35,Oriya,RGN031
CUST008754,Bhavna Jadhav,6917066935,Male,Married,1582304,Upper-Middle,Software Engineer,Low,57,Hindi,RGN033
CUST008755,Anjali Joshi,8891021140,Male,Married,199608,Low,Teacher,Low,29,Hindi,RGN026
CUST008756,Deepa Agarwal,6558167383,Female,Married,1747892,Upper-Middle,Software Engineer,Low,30,Hindi,RGN043
CUST008757,Zara Pillai,7997049835,Female,Married,1536413,Upper-Middle,Software Engineer,Low,56,Hindi,RGN004
CUST008758,Zara Joshi,9327703619,Male,Married,178902,Low,Front Desk Executive,Low,32,Kannada,RGN022
CUST008759,Yash Iyer,7288752576,Male,Married,1266065,Upper-Middle,Software Engineer,Low,57,Hindi,RGN038
CUST008760,Mohit Jadhav,9526437979,Male,Married,1221439,Upper-Middle,Software Engineer,Low,48,Oriya,RGN032
CUST008761,Manoj Venkatesh,9525421719,Female,Married,156174,Low,Driver,High,36,Hindi,RGN015
CUST008762,Gaurav More,6684959826,Female,Married,1243434,Upper-Middle,Software Engineer,Low,18,Hindi,RGN012
CUST008763,Mohit Krishnan,7494590537,Female,Married,180122,Low,Front Desk Executive,Low,37,Hindi,RGN001
CUST008764,Vishal Dubey,8499049511,Male,Married,102067,Low,Driver,High,39,Hindi,RGN034
CUST008765,Lakshmi Chaudhary,8101089872,Female,Divorced,74194,Low,Farmer,Medium,52,Hindi,RGN050
CUST008766,Geeta Jadhav,9905947137,Male,Married,156392,Low,Farmer,Medium,57,Kannada,RGN021
CUST008767,Vikram Reddy,7926669598,Male,Single,110602,Low,Farmer,Medium,29,Oriya,RGN032
CUST008768,Uday Patel,6837039473,Female,Married,1515919,Upper-Middle,Business Owner,Medium,47,Hindi,RGN012
CUST008769,Lakshmi Tripathi,6254970751,Female,Married,1638805,Upper-Middle,Software Engineer,Low,47,Hindi,RGN014
CUST008770,Swati Rajan,8976740028,Male,Married,1759173,Upper-Middle,Software Engineer,Low,50,Hindi,RGN039
CUST008771,Aarav Rajan,9741607319,Male,Married,588907,Middle,Teacher,Low,43,Hindi,RGN027
CUST008772,Vinod Chakraborty,8047882556,Male,Married,418132,Middle,Teacher,Low,18,Hindi,RGN027
CUST008773,Aditya Shetty,9128240828,Female,Single,857053,Upper-Middle,Business Owner,Medium,36,Hindi,RGN035
CUST008774,Akash Chakraborty,9274064708,Female,Widowed,677602,Middle,Software Engineer,Low,24,Kannada,RGN022
CUST008775,Ananya Balaji,9044916073,Male,Married,1236894,Upper-Middle,Software Engineer,Low,35,Hindi,RGN007
CUST008776,Deepa Kulkarni,8001129520,Male,Married,1561800,Upper-Middle,Business Owner,Medium,49,Hindi,RGN006
CUST008777,Rekha Tripathi,6500094365,Female,Single,92347,Low,Farmer,Medium,41,Telugu,RGN019
CUST008778,Nandini Chakraborty,9075454223,Male,Single,270061,Low,Driver,High,51,Kannada,RGN021
CUST008779,Rekha Kapoor,7606943472,Male,Married,234349,Low,Driver,High,42,Hindi,RGN006
CUST008780,Yash More,9932152995,Female,Married,140542,Low,Front Desk Executive,Low,22,Telugu,RGN018
CUST008781,Vikram Venkatesh,9170885481,Female,Married,498047,Middle,Hardware Technician,Medium,18,Hindi,RGN011
CUST008782,Rekha Tiwari,7649094125,Female,Married,1420616,Upper-Middle,Real Estate Agent,Medium,39,Hindi,RGN039
CUST008783,Meera Patel,8724633034,Female,Single,1436212,Upper-Middle,Software Engineer,Low,35,Hindi,RGN028
CUST008784,Kritika Patil,8840943089,Male,Widowed,628092,Middle,Software Engineer,Low,26,Hindi,RGN036
CUST008785,Prakash Patil,8366647054,Female,Single,602838,Middle,Teacher,Low,18,Oriya,RGN031
CUST008786,Aarav Gowda,9199613069,Male,Married,1080432,Upper-Middle,Software Engineer,Low,29,Hindi,RGN040
CUST008787,Meera Srivastava,8707130802,Male,Married,774114,Middle,Software Engineer,Low,35,Hindi,RGN004
CUST008788,Sandeep Kulkarni,9852724406,Male,Single,1605011,Upper-Middle,Business Owner,Medium,45,Hindi,RGN042
CUST008789,Isha Singh,8351717118,Female,Single,830322,Upper-Middle,Real Estate Agent,Medium,40,Hindi,RGN048
CUST008790,Vinod Chakraborty,7213172361,Male,Divorced,239606,Low,Hardware Technician,Medium,57,Tamil,RGN023
CUST008791,Neha Patil,7280001959,Male,Married,256112,Low,Front Desk Executive,Low,25,Hindi,RGN025
CUST008792,Deepak Bose,8087495033,Female,Married,309897,Middle,Driver,High,48,Hindi,RGN037
CUST008793,Vinod Venkatesh,8670577364,Male,Widowed,2987251,High,Software Engineer,Low,38,Tamil,RGN023
CUST008794,Anjali Verma,6402269562,Male,Divorced,3175209,High,Business Owner,Medium,46,Oriya,RGN031
CUST008795,Rahul Joshi,6948461802,Female,Married,2651123,High,Doctor,Low,32,Hindi,RGN046
CUST008796,Shruti Kulkarni,7398843772,Male,Married,722516,Middle,Software Engineer,Low,50,Hindi,RGN045
CUST008797,Zara Kulkarni,6183185175,Female,Married,97987,Low,Farmer,Medium,41,Hindi,RGN027
CUST008798,Karan Gupta,7097204868,Female,Single,126767,Low,Driver,High,29,Hindi,RGN002
CUST008799,Aryan Subramanian,6820412925,Male,Married,137667,Low,Farmer,Medium,37,Hindi,RGN035
CUST008800,Vinod Hegde,6698321445,Male,Widowed,369937,Middle,Software Engineer,Low,35,Hindi,RGN040
CUST008801,Sneha Deshpande,9863146870,Male,Single,343716,Middle,Teacher,Low,43,Hindi,RGN048
CUST008802,Rahul Mehta,8115166955,Female,Married,172579,Low,Farmer,Medium,23,Hindi,RGN040
CUST008803,Ramesh Gupta,7921811246,Male,Single,175166,Low,Farmer,Medium,37,Hindi,RGN002
CUST008804,Vikram Kapoor,8880788990,Female,Married,1667600,Upper-Middle,Software Engineer,Low,42,Hindi,RGN036
CUST008805,Anil Malhotra,9077309839,Female,Single,209286,Low,Driver,High,38,Hindi,RGN012
CUST008806,Meera Malhotra,7228210215,Male,Married,1343682,Upper-Middle,Software Engineer,Low,54,Hindi,RGN035
CUST008807,Priya Joshi,7348417193,Male,Single,1393779,Upper-Middle,Software Engineer,Low,47,Hindi,RGN013
CUST008808,Shweta Mishra,7257177918,Female,Widowed,2514705,High,Doctor,Low,37,Hindi,RGN008
CUST008809,Manoj Menon,8064197732,Male,Married,234985,Low,Driver,High,40,Hindi,RGN037
CUST008810,Rohit Naik,6360714987,Male,Married,231021,Low,Front Desk Executive,Low,41,Hindi,RGN009
CUST008811,Pooja More,6378445767,Female,Married,863880,Upper-Middle,Software Engineer,Low,42,Hindi,RGN016
CUST008812,Vikram Gowda,9314131929,Male,Married,1140852,Upper-Middle,Business Owner,Medium,18,Hindi,RGN009
CUST008813,Prakash Kapoor,7223947800,Male,Single,627926,Middle,Software Engineer,Low,34,Hindi,RGN003
CUST008814,Karan Rao,6506715663,Female,Married,922942,Upper-Middle,Software Engineer,Low,20,Hindi,RGN002
CUST008815,Zara Malhotra,9856880109,Male,Single,847292,Upper-Middle,Software Engineer,Low,53,Hindi,RGN013
CUST008816,Sunil Rao,9348290450,Female,Married,1761442,Upper-Middle,Software Engineer,Low,37,Hindi,RGN039
CUST008817,Swati Dubey,8732663056,Female,Married,1576916,Upper-Middle,Software Engineer,Low,35,Hindi,RGN004
CUST008818,Bhavna Desai,7597223709,Male,Married,164401,Low,Farmer,Medium,48,Hindi,RGN016
CUST008819,Akash Gowda,6442884583,Female,Single,1756837,Upper-Middle,Software Engineer,Low,43,Hindi,RGN029
CUST008820,Aditya Desai,6604960913,Male,Married,335020,Middle,Teacher,Low,24,Kannada,RGN022
CUST008821,Anil Venkatesh,7077262928,Female,Married,1405097,Upper-Middle,Doctor,Low,37,Oriya,RGN031
CUST008822,Kunal Kumar,9504532824,Male,Married,684853,Middle,Teacher,Low,33,Telugu,RGN017
CUST008823,Deepak Mehta,8802576998,Male,Divorced,1491241,Upper-Middle,Real Estate Agent,Medium,18,Hindi,RGN045
CUST008824,Anjali Dubey,8893972510,Male,Married,90254,Low,Farmer,Medium,29,Hindi,RGN042
CUST008825,Varun Sharma,9641728855,Other,Single,628752,Middle,Business Owner,Medium,35,Hindi,RGN042
CUST008826,Anil Kulkarni,6895539453,Male,Single,2658197,High,Pilot,High,36,Hindi,RGN009
CUST008827,Kunal Patel,8523852146,Female,Single,4599025,High,Doctor,Low,20,Hindi,RGN003
CUST008828,Shweta Rao,6110559794,Female,Married,1108209,Upper-Middle,Software Engineer,Low,51,Hindi,RGN007
CUST008829,Pradeep More,7234132426,Male,Widowed,3120699,High,Business Owner,Medium,36,Hindi,RGN011
CUST008830,Swati Rao,9988967621,Male,Single,173751,Low,Hardware Technician,Medium,38,Hindi,RGN044
CUST008831,Neha Balaji,8654560356,Female,Married,2676357,High,Software Engineer,Low,42,Hindi,RGN005
CUST008832,Sunita Sharma,9197399641,Male,Married,1735825,Upper-Middle,Business Owner,Medium,28,Telugu,RGN019
CUST008833,Bhavna Srivastava,9657077949,Male,Married,158151,Low,Front Desk Executive,Low,43,Hindi,RGN008
CUST008834,Aarav Malhotra,6200325866,Female,Married,333837,Middle,Teacher,Low,33,Telugu,RGN020
CUST008835,Mohit Jadhav,7702169870,Female,Single,1731128,Upper-Middle,Software Engineer,Low,27,Oriya,RGN032
CUST008836,Santosh Dubey,6266717382,Male,Married,281929,Low,Hardware Technician,Medium,44,Hindi,RGN006
CUST008837,Amrita Deshpande,7379713027,Male,Married,1827163,Upper-Middle,Software Engineer,Low,55,Hindi,RGN033
CUST008838,Zara Iyer,6513326901,Female,Single,61341,Low,Farmer,Medium,46,Hindi,RGN004
CUST008839,Swati Krishnan,9363762742,Male,Single,1489471,Upper-Middle,Software Engineer,Low,49,Hindi,RGN002
CUST008840,Aarav Malhotra,6860021912,Female,Married,137676,Low,Farmer,Medium,31,Hindi,RGN043
CUST008841,Aditya Dubey,,Female,Married,746290,Middle,Software Engineer,Low,18,Hindi,RGN036
CUST008842,Aditya Chakraborty,7489323174,Male,Married,1475618,Upper-Middle,Software Engineer,Low,55,Hindi,RGN049
CUST008843,Arjun Deshpande,8874152031,Male,Single,394447,Middle,Software Engineer,Low,62,Telugu,RGN020
CUST008844,Neha Rajan,8754880617,Female,Divorced,1608435,Upper-Middle,Software Engineer,Low,56,Hindi,RGN030
CUST008845,Sunil Naik,8738366947,Male,Married,251647,Low,Front Desk Executive,Low,33,Hindi,RGN001
CUST008846,Kavya Mehta,6834499856,Male,Single,365151,Middle,Business Owner,Medium,24,Hindi,RGN002
CUST008847,Mohit Shetty,8725536555,Female,Married,4763591,High,Doctor,Low,25,Hindi,RGN005
CUST008848,Pradeep Chakraborty,9059233892,Female,Divorced,1613017,Upper-Middle,Business Owner,Medium,18,Hindi,RGN042
CUST008849,Sanjay Malhotra,8169130683,Male,Married,2802976,High,Doctor,Low,36,Hindi,RGN050
CUST008850,Vinod Saxena,6292850341,Female,Married,2392288,High,Software Engineer,Low,57,Oriya,RGN031
CUST008851,Shweta Hegde,7590706715,Female,Married,290527,Low,Teacher,Low,36,Hindi,RGN002
CUST008852,Ramesh Patel,6525862170,Female,Single,1039105,Upper-Middle,Business Owner,Medium,41,Kannada,RGN022
CUST008853,Santosh Rajan,6878132991,Male,Single,1000571,Upper-Middle,Software Engineer,Low,54,Hindi,RGN002
CUST008854,Sunita Gowda,6118279840,Male,Single,1135563,Upper-Middle,Software Engineer,Low,33,Hindi,RGN038
CUST008855,Deepa Reddy,8827345998,Male,Single,294091,Low,Hardware Technician,Medium,62,Hindi,RGN050
CUST008856,Sneha Naik,9598989208,Female,Married,1785356,Upper-Middle,Software Engineer,Low,61,Hindi,RGN013
CUST008857,Bhavna Joshi,8824550316,Male,Divorced,2017587,High,Business Owner,Medium,36,Tamil,RGN023
CUST008858,Pooja Krishnan,7073359985,Female,Married,286632,Low,Teacher,Low,31,Hindi,RGN044
CUST008859,Akash Mehta,9512253769,Male,Married,115424,Low,Front Desk Executive,Low,46,Hindi,RGN006
CUST008860,Divya Srivastava,8828241042,Male,Married,254383,Low,Teacher,Low,33,Telugu,RGN017
CUST008861,Manoj Venkatesh,6710156339,Male,Single,1342503,Upper-Middle,Software Engineer,Low,24,Hindi,RGN014
CUST008862,Suresh Joshi,6807576449,Female,Married,186371,Low,Front Desk Executive,Low,53,Hindi,RGN034
CUST008863,Sunita Singh,7229330742,Male,Single,431406,Middle,Software Engineer,Low,52,Hindi,RGN026
CUST008864,Akash Deshpande,7289310498,Male,Married,2072581,High,Software Engineer,Low,39,Hindi,RGN035
CUST008865,Manoj Patel,6694406372,Female,Married,1471780,Upper-Middle,Doctor,Low,22,Hindi,RGN009
CUST008866,Vikram Patil,6366159282,Male,Single,1009836,Upper-Middle,Real Estate Agent,Medium,23,Hindi,RGN025
CUST008867,Arjun Joshi,7496382569,Male,Married,358196,Middle,Teacher,Low,39,Telugu,RGN017
CUST008868,Santosh Malhotra,9169917554,Male,Married,61463,Low,Farmer,Medium,32,Kannada,RGN022
CUST008869,Prakash Reddy,6330815113,Male,Married,600022,Middle,Teacher,Low,33,Telugu,RGN017
CUST008870,Shweta Chakraborty,6010589911,Female,Married,304637,Middle,Driver,High,50,Hindi,RGN005
CUST008871,Harsha Nair,8434249415,Male,Single,2388653,High,Software Engineer,Low,46,Hindi,RGN045
CUST008872,Vijay Verma,9135466390,Male,Married,1449238,Upper-Middle,Software Engineer,Low,54,Hindi,RGN015
CUST008873,Aditi Tripathi,9387565619,Female,Married,4060028,High,Doctor,Low,26,Hindi,RGN005
CUST008874,Anjali Subramanian,6129490401,Female,Married,189934,Low,Driver,High,33,Hindi,RGN037
CUST008875,Siddharth Chakraborty,7724197502,Male,Married,1665862,Upper-Middle,Software Engineer,Low,47,Hindi,RGN026
CUST008876,Kunal Shah,9338174549,Female,Divorced,370950,Middle,Software Engineer,Low,43,Telugu,RGN020
CUST008877,Meera Singh,8627577778,Female,Single,155914,Low,Hardware Technician,Medium,56,Hindi,RGN012
CUST008878,Swati Shah,7218673372,Other,Married,1493240,Upper-Middle,Real Estate Agent,Medium,43,Hindi,RGN027
CUST008879,Arjun Menon,9568372004,Female,Married,2127573,High,Software Engineer,Low,60,Hindi,RGN011
CUST008880,Aarav Krishnan,81655XXXXX,Male,Single,1294273,Upper-Middle,Business Owner,Medium,44,Hindi,RGN036
CUST008881,Prakash Iyer,7733502142,Female,Married,1061449,Upper-Middle,Software Engineer,Low,50,Telugu,RGN017
CUST008882,Kavya Pandey,6721998982,Female,Married,283237,Low,Front Desk Executive,Low,34,Hindi,RGN037
CUST008883,Nandini Kumar,7722428234,Male,Single,2115166,High,Business Owner,Medium,38,Hindi,RGN028
CUST008884,Shruti Saxena,8290712230,Male,Married,217648,Low,Hardware Technician,Medium,48,Hindi,RGN039
CUST008885,Anil Balaji,7530072324,Female,Married,487557,Middle,Real Estate Agent,Medium,57,Hindi,RGN010
CUST008886,Sunita Rao,8444051374,Female,Married,3605909,High,Business Owner,Medium,46,Hindi,RGN007
CUST008887,Sarika Mishra,9055480057,Male,Married,166624,Low,Driver,High,37,Hindi,RGN006
CUST008888,Nikhil Srivastava,7529449309,Female,Single,367892,Middle,Teacher,Low,54,Telugu,RGN017
CUST008889,Pradeep Naik,7332153282,Male,Single,2457734,High,Business Owner,Medium,18,Hindi,RGN045
CUST008890,Kritika Gowda,7320186162,Male,Divorced,516237,Middle,Teacher,Low,20,Hindi,RGN009
CUST008891,Swati Menon,9456098078,Male,Married,2455317,High,Software Engineer,Low,46,Hindi,RGN037
CUST008892,Swati Reddy,9211384704,Male,Married,1252917,Upper-Middle,Business Owner,Medium,38,Hindi,RGN039
CUST008893,Rohit Gupta,6227493003,Male,Married,1880604,Upper-Middle,Pilot,High,45,Hindi,RGN045
CUST008894,Sandeep Kumar,7955363157,Female,Married,1275966,Upper-Middle,Business Owner,Medium,38,Hindi,RGN048
CUST008895,Nikhil Tiwari,7703885772,Male,Married,834445,Upper-Middle,Software Engineer,Low,44,Hindi,RGN046
CUST008896,Rekha Dubey,9033360635,Male,Married,1248396,Upper-Middle,Software Engineer,Low,28,Hindi,RGN042
CUST008897,Aditi Kulkarni,6670231750,Male,Married,293172,Low,Teacher,Low,44,Telugu,RGN017
CUST008898,Tanvi Patel,6053521622,Female,Married,1191504,Upper-Middle,Software Engineer,Low,49,Oriya,RGN032
CUST008899,Vishal Mehta,9522119864,Male,Married,1668688,Upper-Middle,Software Engineer,Low,52,Hindi,RGN034
CUST008900,Sunita Krishnan,8713341812,Female,Married,586341,Middle,Doctor,Low,62,Hindi,RGN048
CUST008901,Rahul Deshpande,6686062536,Male,Divorced,3460833,High,Doctor,Low,40,Hindi,RGN041
CUST008902,Bhavna Patel,6381848786,Female,Single,1956457,Upper-Middle,Software Engineer,Low,41,Hindi,RGN045
CUST008903,Rajesh Joshi,9771109093,Female,Single,244605,Low,Driver,High,19,Hindi,RGN003
CUST008904,Kritika Kapoor,7207625731,Female,Married,633802,Middle,Teacher,Low,31,Hindi,RGN003
CUST008905,Nandini Pandey,9956285916,Female,Married,427902,Middle,Real Estate Agent,Medium,35,Telugu,RGN017
CUST008906,Harsha Balaji,6582091003,Male,Single,706887,Middle,Software Engineer,Low,50,Hindi,RGN027
CUST008907,Pradeep Tiwari,9675808273,Male,Divorced,730706,Middle,Software Engineer,Low,30,Hindi,RGN045
CUST008908,Sanjay Nair,7779979315,Female,Single,163117,Low,Driver,High,47,Hindi,RGN006
CUST008909,Swati Menon,7657485868,Female,Divorced,209825,Low,Teacher,Low,37,Oriya,RGN032
CUST008910,Rohit Chakraborty,8873257443,Male,Divorced,242145,Low,Farmer,Medium,35,Hindi,RGN011
CUST008911,Siddharth Joshi,7872341429,Male,Married,2634318,High,Doctor,Low,40,Hindi,RGN030
CUST008912,Sarika Verma,7991196862,Female,Married,1370548,Upper-Middle,Software Engineer,Low,33,Hindi,RGN042
CUST008913,Ravi Balaji,6137596488,Female,Married,2992895,High,Business Owner,Medium,32,Hindi,RGN035
CUST008914,Anjali Hegde,9206797238,Male,Married,2956525,High,Software Engineer,Low,18,Tamil,RGN023
CUST008915,Pradeep Das,8281826954,Male,Married,207281,Low,Teacher,Low,35,Kannada,RGN022
CUST008916,Poonam Tripathi,6010380121,Male,Married,482141,Middle,Software Engineer,Low,32,Telugu,RGN020
CUST008917,Isha Gowda,7446330297,Male,Married,227715,Low,Driver,High,31,Hindi,RGN042
CUST008918,Santosh Kulkarni,7995992740,Female,Married,287234,Low,Real Estate Agent,Medium,43,Hindi,RGN048
CUST008919,Anjali Tiwari,7392132839,Male,Married,1910773,Upper-Middle,Software Engineer,Low,45,Hindi,RGN003
CUST008920,Sunita Agarwal,6684005156,Female,Single,572112,Middle,Software Engineer,Low,40,Hindi,RGN016
CUST008921,Pradeep More,7935130399,Male,Married,3717090,High,Business Owner,Medium,49,Hindi,RGN041
CUST008922,Aarav Kulkarni,8920133034,Female,Married,1354998,Upper-Middle,Doctor,Low,44,Hindi,RGN042
CUST008923,Vishal Reddy,7289951824,Female,Married,871898,Upper-Middle,Software Engineer,Low,34,Hindi,RGN036
CUST008924,Nandini Chakraborty,7256509484,Female,Married,1166390,Upper-Middle,Software Engineer,Low,32,Hindi,RGN049
CUST008925,Shweta Tripathi,9455699033,Male,Married,2297935,High,Business Owner,Medium,41,Hindi,RGN048
CUST008926,Varun Das,9545315743,Female,Married,372720,Middle,Teacher,Low,44,Hindi,RGN038
CUST008927,Anil Malhotra,8797564327,Female,Married,524735,Middle,Software Engineer,Low,54,Hindi,RGN004
CUST008928,Nikhil Subramanian,7329996043,Male,Married,935546,Upper-Middle,Software Engineer,Low,52,Hindi,RGN027
CUST008929,Sandeep Rajan,7061121704,Male,Married,1849612,Upper-Middle,Doctor,Low,31,Hindi,RGN033
CUST008930,Ramesh Malhotra,7796508433,Female,Widowed,688027,Middle,Software Engineer,Low,36,Hindi,RGN048
CUST008931,Ananya Kapoor,9241749097,Female,Single,397730,Middle,Teacher,Low,46,Hindi,RGN050
CUST008932,Harsha Tiwari,7769817164,Male,Married,696229,Middle,Software Engineer,Low,50,Hindi,RGN050
CUST008933,Arjun Das,7074375177,Male,Widowed,376881,Middle,Teacher,Low,49,Hindi,RGN042
CUST008934,Yash Mishra,9842510816,Male,Married,191146,Low,Front Desk Executive,Low,37,Kannada,RGN022
CUST008935,Aditi Sharma,8887871196,Male,Married,169741,Low,Farmer,Medium,22,Telugu,RGN018
CUST008936,Anil Tripathi,9477531627,Male,Single,935709,Upper-Middle,Software Engineer,Low,26,Hindi,RGN026
CUST008937,Manoj Malhotra,9066999551,Male,Divorced,1359993,Upper-Middle,Software Engineer,Low,41,Hindi,RGN004
CUST008938,Anil Patil,8864178256,Male,Single,144267,Low,Farmer,Medium,42,Hindi,RGN016
CUST008939,Rajesh Gowda,8753666802,Male,Married,1222386,Upper-Middle,Business Owner,Medium,24,Hindi,RGN006
CUST008940,Ravi Venkatesh,8614554511,Female,Married,91399,Low,Farmer,Medium,38,Hindi,RGN028
CUST008941,Akash Bose,9559583982,Male,Divorced,1444827,Upper-Middle,Software Engineer,Low,45,Hindi,RGN040
CUST008942,Rohit Pillai,6570956462,Female,Married,510595,Middle,Software Engineer,Low,24,Hindi,RGN026
CUST008943,Rajesh Reddy,8672308554,Female,Single,1122188,Upper-Middle,Software Engineer,Low,51,Hindi,RGN011
CUST008944,Nikhil Nair,8364493747,Female,Married,459604,Middle,Teacher,Low,33,Oriya,RGN031
CUST008945,Kunal Patel,6887688384,Male,Married,519395,Middle,Software Engineer,Low,53,Hindi,RGN048
CUST008946,Rekha More,6697157628,Female,Married,429381,Middle,Teacher,Low,31,Hindi,RGN001
CUST008947,Nandini Hegde,8806335186,Male,Married,2353506,High,Doctor,Low,25,Hindi,RGN034
CUST008948,Deepa Hegde,7647788093,Male,Divorced,122834,Low,Hardware Technician,Medium,32,Tamil,RGN024
CUST008949,Shruti Malhotra,9766177200,Male,Divorced,568676,Middle,Teacher,Low,36,Hindi,RGN033
CUST008950,Sneha Verma,7319390200,Male,Married,1880158,Upper-Middle,Business Owner,Medium,33,Hindi,RGN010
CUST008951,Anjali Krishnan,6450162444,Male,Married,1806392,Upper-Middle,Doctor,Low,35,Hindi,RGN042
CUST008952,Bhavna Mishra,6090372247,Male,Single,242871,Low,Hardware Technician,Medium,42,Hindi,RGN004
CUST008953,Uday Shetty,7424305696,Male,Widowed,270921,Low,Teacher,Low,35,Hindi,RGN039
CUST008954,Ramesh Chakraborty,6580823006,Male,Married,3324534,High,Doctor,Low,37,Hindi,RGN001
CUST008955,Yash Gupta,9992846395,Male,Single,1416704,Upper-Middle,Software Engineer,Low,18,Hindi,RGN049
CUST008956,Lakshmi Singh,8564226081,Male,Married,1366475,Upper-Middle,Software Engineer,Low,42,Hindi,RGN039
CUST008957,Santosh Mehta,9597011908,Male,Married,680848,Middle,Software Engineer,Low,36,Hindi,RGN010
CUST008958,Neha Verma,6479490515,Female,Married,1561536,Upper-Middle,Doctor,Low,57,Hindi,RGN026
CUST008959,Poonam Dubey,8888258120,Male,Married,154927,Low,Hardware Technician,Medium,26,Hindi,RGN038
CUST008960,Geeta Subramanian,7725811416,Male,Single,2931252,High,Doctor,Low,18,Hindi,RGN042
CUST008961,Aryan Dubey,8065731328,Female,Married,393299,Middle,Software Engineer,Low,45,Hindi,RGN036
CUST008962,Sanjay Agarwal,8155297428,Female,Married,1607094,Upper-Middle,Doctor,Low,42,Oriya,RGN031
CUST008963,Geeta Patil,9677190233,Male,Divorced,865839,Upper-Middle,Software Engineer,Low,25,Hindi,RGN011
CUST008964,Tanvi Menon,7197189011,Female,Married,160053,Low,Driver,High,19,Hindi,RGN003
CUST008965,Anil Mishra,6794720529,Male,Married,2821579,High,Software Engineer,Low,56,Hindi,RGN045
CUST008966,Geeta Verma,6775086392,Female,Married,222854,Low,Farmer,Medium,54,Hindi,RGN043
CUST008967,Pradeep Patel,9769843112,Male,Widowed,620640,Middle,Doctor,Low,18,Hindi,RGN002
CUST008968,Santosh Chaudhary,8098604366,Female,Widowed,2079499,High,Software Engineer,Low,32,Hindi,RGN049
CUST008969,Aditi Kumar,8704118535,Male,Married,916457,Upper-Middle,Doctor,Low,57,Oriya,RGN031
CUST008970,Vinod Mehta,9423164219,Male,Married,1159817,Upper-Middle,Software Engineer,Low,32,Hindi,RGN007
CUST008971,Ananya Balaji,9346108759,Male,Married,152830,Low,Farmer,Medium,32,Oriya,RGN031
CUST008972,Karan Venkatesh,9078638124,Female,Married,1734072,Upper-Middle,Software Engineer,Low,34,Hindi,RGN002
CUST008973,Santosh Rao,6579268248,Female,Married,778019,Middle,Software Engineer,Low,24,Hindi,RGN044
CUST008974,Manoj Rajan,7751606140,Male,Married,241830,Low,Hardware Technician,Medium,18,Hindi,RGN045
CUST008975,Geeta Menon,7519573009,Male,Married,1400799,Upper-Middle,Software Engineer,Low,50,Hindi,RGN013
CUST008976,Poonam Rao,9465248348,Male,Single,4471365,High,Doctor,Low,18,Hindi,RGN037
CUST008977,Swati Kapoor,7114506453,Male,Widowed,129183,Low,Farmer,Medium,40,Kannada,RGN021
CUST008978,Swati Jadhav,7495692401,Male,Married,821220,Upper-Middle,Real Estate Agent,Medium,48,Kannada,RGN022
CUST008979,Sunil Venkatesh,7859864684,Female,Married,896006,Upper-Middle,Doctor,Low,20,Hindi,RGN041
CUST008980,Rajesh Kumar,6852282487,Male,Married,3442535,High,Doctor,Low,26,Hindi,RGN025
CUST008981,Poonam Kumar,8323629825,Female,Single,2793197,High,Software Engineer,Low,52,Hindi,RGN027
CUST008982,Sarika Sharma,8511406840,Female,Married,983432,Upper-Middle,Business Owner,Medium,44,Hindi,RGN025
CUST008983,Shruti Rao,6067947199,Female,Single,478461,Middle,Business Owner,Medium,30,Hindi,RGN025
CUST008984,Pradeep Gowda,6201116282,Male,Married,487430,Middle,Hardware Technician,Medium,52,Tamil,RGN023
CUST008985,Rekha Das,6556419903,Female,Single,670354,Middle,Software Engineer,Low,52,Hindi,RGN009
CUST008986,Vinod Srivastava,9097049221,Female,Single,277048,Low,Farmer,Medium,41,Hindi,RGN001
CUST008987,Uday Rao,6561219997,Female,Married,772996,Middle,Real Estate Agent,Medium,27,Hindi,RGN044
CUST008988,Priya Kulkarni,8254707883,Female,Married,2194164,High,Software Engineer,Low,33,Hindi,RGN033
CUST008989,Ananya Agarwal,8994472512,Male,Widowed,445305,Middle,Real Estate Agent,Medium,41,Hindi,RGN012
CUST008990,Aditya Chaudhary,6208655099,Male,Single,386749,Middle,Teacher,Low,35,Hindi,RGN008
CUST008991,Ravi Saxena,6701943058,Male,Married,1073671,Upper-Middle,Real Estate Agent,Medium,49,Hindi,RGN041
CUST008992,Amrita Jadhav,8716344151,Female,Married,2059692,High,Business Owner,Medium,19,Hindi,RGN048
CUST008993,Pradeep Dubey,7612403601,Male,Married,324791,Middle,Driver,High,20,Hindi,RGN001
CUST008994,Vijay Srivastava,7782709176,Female,Married,1138650,Upper-Middle,Software Engineer,Low,40,Hindi,RGN042
CUST008995,Nikhil Kulkarni,7401636112,Male,Single,157806,Low,Farmer,Medium,32,Hindi,RGN004
CUST008996,Harsha Venkatesh,9955299100,Male,Married,178263,Low,Driver,High,30,Hindi,RGN007
CUST008997,Arjun Gupta,9291696708,Female,Married,208431,Low,Farmer,Medium,18,Hindi,RGN033
CUST008998,Suresh Iyer,7238782508,Male,Married,1085683,Upper-Middle,Software Engineer,Low,38,Hindi,RGN046
CUST008999,Pradeep Singh,7400170476,Female,Married,149953,Low,Farmer,Medium,37,Oriya,RGN031
CUST009000,Lakshmi Chakraborty,8003816060,Female,Married,537678,Middle,Teacher,Low,45,Hindi,RGN045
CUST009001,Arjun Menon,7261244337,Male,Married,2384215,High,Business Owner,Medium,38,Hindi,RGN016
CUST009002,Yash More,8956889682,Female,Married,313682,Middle,Driver,High,36,Hindi,RGN027
CUST009003,Kavya Pandey,9347072462,Female,Single,1895143,Upper-Middle,Business Owner,Medium,52,Hindi,RGN014
CUST009004,Mohit Krishnan,8999798968,Female,Married,437234,Middle,Teacher,Low,22,Oriya,RGN031
CUST009005,Mohit Pandey,9205506728,Male,Single,1451330,Upper-Middle,Software Engineer,Low,44,Telugu,RGN018
CUST009006,Poonam Das,7360835233,Female,Married,598158,Middle,Software Engineer,Low,18,Hindi,RGN016
CUST009007,Sneha Kapoor,6998627702,Female,Single,320339,Middle,Driver,High,27,Hindi,RGN003
CUST009008,Varun Desai,9489282313,Male,Married,884460,Upper-Middle,Doctor,Low,23,Hindi,RGN027
CUST009009,Manoj More,6979912306,Female,Widowed,440665,Middle,Hardware Technician,Medium,47,Hindi,RGN045
CUST009010,Vijay Chaudhary,8533517496,Male,Married,191902,Low,Driver,High,37,Hindi,RGN048
CUST009011,Mohit Naik,8684671947,Female,Married,228859,Low,Farmer,Medium,37,Hindi,RGN043
CUST009012,Vijay Verma,6439516172,Female,Married,333688,Middle,Teacher,Low,24,Hindi,RGN002
CUST009013,Aditya Shetty,8053947723,Male,Married,951200,Upper-Middle,Software Engineer,Low,34,Hindi,RGN012
CUST009014,Vijay Sharma,6333614345,Female,Single,2829181,High,Software Engineer,Low,28,Hindi,RGN043
CUST009015,Vishal Malhotra,9486711539,Male,Single,1750096,Upper-Middle,Business Owner,Medium,42,Hindi,RGN005
CUST009016,Yash Srivastava,8730334160,Male,Single,2502949,High,Software Engineer,Low,26,Hindi,RGN011
CUST009017,Sanjay More,8629070950,Male,Single,169239,Low,Front Desk Executive,Low,53,Hindi,RGN028
CUST009018,Ramesh Hegde,6427552635,Male,Married,301954,Middle,Teacher,Low,18,Hindi,RGN039
CUST009019,Rohit Tiwari,8057013632,Other,Married,479427,Middle,Real Estate Agent,Medium,28,Hindi,RGN029
CUST009020,Santosh Desai,8938457159,Female,Married,222955,Low,Driver,High,58,Hindi,RGN005
CUST009021,Pradeep Rajan,9699149825,Male,Married,2698513,High,Business Owner,Medium,32,Hindi,RGN015
CUST009022,Kunal Naik,6461617132,Male,Divorced,199131,Low,Farmer,Medium,22,Hindi,RGN005
CUST009023,Sarika Gowda,9147118563,Male,Single,182520,Low,Driver,High,40,Kannada,RGN022
CUST009024,Varun Hegde,6690661312,Female,Married,1370409,Upper-Middle,Software Engineer,Low,32,Tamil,RGN024
CUST009025,Aditi Shah,6298874668,Male,Divorced,1581456,Upper-Middle,Business Owner,Medium,27,Hindi,RGN042
CUST009026,Sapna Deshpande,7516123461,Male,Widowed,386981,Middle,Teacher,Low,24,Hindi,RGN009
CUST009027,Kunal Mishra,6926339309,Female,Widowed,2007869,High,Software Engineer,Low,65,Tamil,RGN023
CUST009028,Arjun Chaudhary,6658228300,Female,Divorced,706087,Middle,Software Engineer,Low,34,Hindi,RGN029
CUST009029,Priya Krishnan,8634818695,Male,Married,824229,Upper-Middle,Doctor,Low,18,Hindi,RGN005
CUST009030,Uday Pandey,8961689149,Female,Single,2755676,High,Software Engineer,Low,55,Oriya,RGN031
CUST009031,Kritika Naik,68899XXXXX,Female,Single,1232959,Upper-Middle,Software Engineer,Low,45,Hindi,RGN014
CUST009032,Kritika Das,6827363656,Male,Married,573345,Middle,Business Owner,Medium,28,Tamil,RGN023
CUST009033,Rohit More,95696XXXXX,Female,Married,130812,Low,Front Desk Executive,Low,26,Hindi,RGN002
CUST009034,Lakshmi Mishra,8822750446,Male,Married,249988,Low,Teacher,Low,46,Hindi,RGN008
CUST009035,Ananya Rajan,8670162998,Female,Single,844653,Upper-Middle,Software Engineer,Low,35,Kannada,RGN022
CUST009036,Vinod Kulkarni,8849165849,Male,Married,1366668,Upper-Middle,Software Engineer,Low,18,Telugu,RGN020
CUST009037,Manoj Desai,6441686052,Female,Married,1781952,Upper-Middle,Software Engineer,Low,59,Hindi,RGN004
CUST009038,Poonam Singh,8734998503,Male,Single,258367,Low,Driver,High,32,Hindi,RGN043
CUST009039,Harsha Pillai,6838924490,Male,Single,684063,Middle,Software Engineer,Low,55,Hindi,RGN006
CUST009040,Sunita Das,6915422184,Male,Married,867751,Upper-Middle,Real Estate Agent,Medium,53,Hindi,RGN002
CUST009041,Geeta Tripathi,7230748745,Female,Married,275040,Low,Driver,High,25,Hindi,RGN015
CUST009042,Isha Patil,7401074902,Male,Married,186180,Low,Driver,High,50,Hindi,RGN046
CUST009043,Suresh Subramanian,8735972804,Male,Married,973173,Upper-Middle,Business Owner,Medium,30,Kannada,RGN021
CUST009044,Ramesh Patil,9674649325,Female,Single,459764,Middle,Business Owner,Medium,18,Telugu,RGN017
CUST009045,Aryan Rajan,6649987427,Female,Married,1662712,Upper-Middle,Software Engineer,Low,32,Hindi,RGN034
CUST009046,Gaurav Desai,6189723985,Male,Single,577006,Middle,Software Engineer,Low,42,Hindi,RGN028
CUST009047,Kritika Shah,9980666552,Female,Married,701782,Middle,Software Engineer,Low,32,Hindi,RGN013
CUST009048,Anjali Menon,8885303468,Male,Divorced,531582,Middle,Teacher,Low,34,Hindi,RGN033
CUST009049,Vishal Pandey,9730400095,Male,Widowed,90924,Low,Driver,High,51,Hindi,RGN028
CUST009050,Vishal Gupta,7656737292,Male,Married,2752554,High,Software Engineer,Low,39,Oriya,RGN031
CUST009051,Lakshmi Hegde,9876128844,Male,Married,1858867,Upper-Middle,Business Owner,Medium,27,Hindi,RGN010
CUST009052,Rekha Naik,6425336028,Male,Married,1957733,Upper-Middle,Business Owner,Medium,46,Hindi,RGN029
CUST009053,Shweta Das,9908877578,Female,Married,1081745,Upper-Middle,Doctor,Low,40,Telugu,RGN019
CUST009054,Vinod Iyer,9359446342,Male,Married,617329,Middle,Business Owner,Medium,18,Hindi,RGN034
CUST009055,Swati Das,8357462066,Female,Married,1505367,Upper-Middle,Software Engineer,Low,43,Hindi,RGN048
CUST009056,Nikhil Mehta,8273596552,Female,Single,212709,Low,Front Desk Executive,Low,42,Kannada,RGN021
CUST009057,Vikram Malhotra,6017696667,Male,Married,827119,Upper-Middle,Software Engineer,Low,38,Hindi,RGN014
CUST009058,Manoj Rao,6563075925,Female,Married,177296,Low,Front Desk Executive,Low,48,Hindi,RGN014
CUST009059,Shweta Tripathi,9977668000,Female,Married,1793365,Upper-Middle,Software Engineer,Low,29,Hindi,RGN028
CUST009060,Suresh Verma,7731372651,Female,Divorced,1409439,Upper-Middle,Software Engineer,Low,42,Hindi,RGN010
CUST009061,Anjali Singh,7558579925,Male,Single,81463,Low,Farmer,Medium,19,Hindi,RGN013
CUST009062,Neha Jadhav,7340211990,Male,Divorced,213342,Low,Front Desk Executive,Low,42,Tamil,RGN023
CUST009063,Divya Desai,9436977944,Female,Married,90171,Low,Farmer,Medium,61,Hindi,RGN028
CUST009064,Kavya Rajan,9749205031,Female,Married,1509190,Upper-Middle,Business Owner,Medium,26,Kannada,RGN022
CUST009065,Sunil Jadhav,7736921916,Male,Married,198200,Low,Front Desk Executive,Low,28,Telugu,RGN019
CUST009066,Sarika Sharma,9710866947,Female,Married,850633,Upper-Middle,Doctor,Low,29,Hindi,RGN048
CUST009067,Nikhil Balaji,7802839278,Female,Married,181087,Low,Driver,High,39,Hindi,RGN015
CUST009068,Vishal Pandey,6789527869,Female,Married,111453,Low,Hardware Technician,Medium,25,Hindi,RGN046
CUST009069,Aditi Kulkarni,6300451297,Male,Widowed,276698,Low,Teacher,Low,43,Hindi,RGN002
CUST009070,Yash Menon,6671613701,Male,Single,364307,Middle,Software Engineer,Low,48,Hindi,RGN002
CUST009071,Priya Pandey,6107355278,Female,Married,1426707,Upper-Middle,Software Engineer,Low,44,Hindi,RGN040
CUST009072,Swati Menon,8512710538,Female,Married,457358,Middle,Teacher,Low,18,Hindi,RGN045
CUST009073,Sarika Krishnan,7498778941,Male,Single,67032,Low,Farmer,Medium,49,Hindi,RGN016
CUST009074,Manoj Sharma,8679780868,Female,Married,190631,Low,Driver,High,49,Hindi,RGN040
CUST009075,Ananya Desai,8762599672,Female,Single,477199,Middle,Real Estate Agent,Medium,47,Hindi,RGN046
CUST009076,Amrita Patil,7346178917,Female,Married,583814,Middle,Teacher,Low,42,Hindi,RGN035
CUST009077,Uday Sharma,7857928262,Male,Married,3873334,High,Business Owner,Medium,40,Hindi,RGN033
CUST009078,Vinod Rajan,6189474717,Male,Divorced,120199,Low,Hardware Technician,Medium,50,Hindi,RGN036
CUST009079,Harsha Naik,7886848786,Female,Single,423172,Middle,Real Estate Agent,Medium,61,Hindi,RGN027
CUST009080,Kavya Mishra,7824698716,Female,Married,520330,Middle,Teacher,Low,26,Hindi,RGN045
CUST009081,Ravi Verma,8513127731,Male,Single,1891799,Upper-Middle,Pilot,High,50,Hindi,RGN028
CUST009082,Meera Iyer,8281590436,Female,Married,747213,Middle,Software Engineer,Low,36,Hindi,RGN040
CUST009083,Akash Singh,6291516394,Male,Married,3628365,High,Business Owner,Medium,36,Oriya,RGN031
CUST009084,Varun Venkatesh,8128589130,Male,Widowed,1419387,Upper-Middle,Software Engineer,Low,19,Hindi,RGN004
CUST009085,Meera Chakraborty,6791159872,Female,Married,909050,Upper-Middle,Business Owner,Medium,34,Hindi,RGN039
CUST009086,Vishal Krishnan,8834306741,Male,Married,389259,Middle,Software Engineer,Low,26,Hindi,RGN010
CUST009087,Santosh Patel,9712398891,Male,Married,1033849,Upper-Middle,Software Engineer,Low,32,Hindi,RGN027
CUST009088,Lakshmi Kapoor,7997968878,Female,Married,548370,Middle,Teacher,Low,24,Hindi,RGN015
CUST009089,Akash Tiwari,9243724367,Male,Married,311487,Middle,Teacher,Low,32,Tamil,RGN023
CUST009090,Divya Tripathi,8235637108,Male,Married,1290102,Upper-Middle,Software Engineer,Low,33,Hindi,RGN007
CUST009091,Vinod Shah,9335613085,Male,Single,1246081,Upper-Middle,Software Engineer,Low,39,Hindi,RGN009
CUST009092,Manoj Krishnan,7471953530,Male,Married,237449,Low,Front Desk Executive,Low,18,Hindi,RGN009
CUST009093,Kunal Rajan,9721871634,Female,Married,255805,Low,Hardware Technician,Medium,20,Hindi,RGN042
CUST009094,Vishal Shetty,8784839974,Male,Married,381120,Middle,Driver,High,42,Tamil,RGN023
CUST009095,Poonam Balaji,6353123469,Female,Married,68926,Low,Farmer,Medium,28,Hindi,RGN050
CUST009096,Sanjay Gupta,7978370124,Female,Single,323784,Middle,Teacher,Low,50,Hindi,RGN008
CUST009097,Kritika Mehta,8739654310,Female,Single,1140274,Upper-Middle,Business Owner,Medium,40,Hindi,RGN026
CUST009098,Shweta Naik,6129797445,Male,Widowed,465751,Middle,Teacher,Low,45,Hindi,RGN039
CUST009099,Harsha Menon,7769662428,Female,Divorced,365348,Middle,Driver,High,54,Hindi,RGN027
CUST009100,Deepak Mehta,7376637883,Female,Married,2344569,High,Doctor,Low,34,Hindi,RGN044
CUST009101,Aryan Bose,6306671237,Female,Married,2643942,High,Doctor,Low,31,Hindi,RGN042
CUST009102,Kritika Desai,9894338364,Male,Single,2321460,High,Business Owner,Medium,48,Hindi,RGN028
CUST009103,Aditya Tripathi,8482739548,Male,Married,398506,Middle,Driver,High,44,Hindi,RGN045
CUST009104,Harsha Deshpande,6661498710,Male,Single,1243367,Upper-Middle,Doctor,Low,35,Hindi,RGN050
CUST009105,Pooja Venkatesh,7968292459,Female,Married,519448,Middle,Doctor,Low,54,Hindi,RGN050
CUST009106,Ravi Gowda,6947215563,Male,Married,2755756,High,Business Owner,Medium,35,Hindi,RGN003
CUST009107,Sunita Subramanian,7525888582,Male,Single,1500963,Upper-Middle,Software Engineer,Low,38,Hindi,RGN038
CUST009108,Isha Malhotra,6240238140,Female,Married,1977971,Upper-Middle,Business Owner,Medium,38,Hindi,RGN047
CUST009109,Bhavna Agarwal,8909873133,Male,Divorced,663745,Middle,Real Estate Agent,Medium,26,Hindi,RGN030
CUST009110,Pradeep Gupta,6256809634,Female,Married,386471,Middle,Driver,High,38,Hindi,RGN005
CUST009111,Aryan Das,7659455701,Male,Married,3679472,High,Doctor,Low,54,Hindi,RGN047
CUST009112,Anil Bose,9278539874,Male,Single,1744721,Upper-Middle,Software Engineer,Low,43,Hindi,RGN026
CUST009113,Sandeep Malhotra,8736414928,Female,Single,173824,Low,Farmer,Medium,38,Hindi,RGN007
CUST009114,Nandini Dubey,9401810129,Female,Single,199979,Low,Hardware Technician,Medium,36,Hindi,RGN011
CUST009115,Aditya Agarwal,6021079636,Male,Married,386524,Middle,Business Owner,Medium,41,Telugu,RGN020
CUST009116,Rajesh Singh,9902051093,Female,Widowed,921891,Upper-Middle,Software Engineer,Low,46,Hindi,RGN034
CUST009117,Lakshmi Srivastava,7821252855,Female,Married,243605,Low,Front Desk Executive,Low,45,Hindi,RGN027
CUST009118,Rekha Shetty,7029813528,Female,Married,184967,Low,Front Desk Executive,Low,34,Hindi,RGN038
CUST009119,Kunal Shah,7388285578,Male,Married,1187253,Upper-Middle,Software Engineer,Low,41,Hindi,RGN030
CUST009120,Shruti Mishra,9796302359,Male,Married,323446,Middle,Hardware Technician,Medium,43,Hindi,RGN009
CUST009121,Sunil Subramanian,9000004683,Female,Single,117213,Low,Front Desk Executive,Low,25,Hindi,RGN048
CUST009122,Karan Reddy,8241507652,Female,Married,657865,Middle,Software Engineer,Low,40,Tamil,RGN024
CUST009123,Prakash Hegde,7357019165,Female,Divorced,1821102,Upper-Middle,Business Owner,Medium,18,Hindi,RGN005
CUST009124,Karan Saxena,6929806515,Male,Married,101271,Low,Farmer,Medium,43,Hindi,RGN046
CUST009125,Vikram Mishra,7701274012,Female,Single,849031,Upper-Middle,Software Engineer,Low,45,Hindi,RGN016
CUST009126,Akash Das,9764249547,Male,Married,1934185,Upper-Middle,Software Engineer,Low,46,Hindi,RGN005
CUST009127,Vijay Bose,9719224782,Female,Married,198317,Low,Driver,High,33,Hindi,RGN037
CUST009128,Lakshmi Rao,7132588076,Female,Single,345337,Middle,Driver,High,41,Hindi,RGN045
CUST009129,Sunita Joshi,6292706536,Male,Married,2310891,High,Business Owner,Medium,55,Hindi,RGN048
CUST009130,Amrita Krishnan,9121123792,Female,Married,170071,Low,Driver,High,54,Telugu,RGN019
CUST009131,Vikram Hegde,6480229835,Male,Divorced,1660088,Upper-Middle,Software Engineer,Low,37,Hindi,RGN028
CUST009132,Zara Mehta,9474412404,Female,Married,151044,Low,Driver,High,39,Hindi,RGN035
CUST009133,Aditi Chaudhary,7842883351,Male,Married,860886,Upper-Middle,Software Engineer,Low,51,Hindi,RGN005
CUST009134,Priya Verma,6582702452,Female,Married,1117484,Upper-Middle,Software Engineer,Low,19,Hindi,RGN004
CUST009135,Deepa Deshpande,8923446332,Male,Married,1971581,Upper-Middle,Software Engineer,Low,34,Hindi,RGN047
CUST009136,Anjali Saxena,6119470117,Male,Married,1950876,Upper-Middle,Doctor,Low,54,Hindi,RGN006
CUST009137,Ananya Jadhav,7396319010,Female,Married,1204523,Upper-Middle,Business Owner,Medium,49,Hindi,RGN009
CUST009138,Vishal Nair,9623785567,Male,Married,912197,Upper-Middle,Software Engineer,Low,42,Hindi,RGN049
CUST009139,Vishal Iyer,6230167430,Female,Married,282085,Low,Farmer,Medium,19,Hindi,RGN035
CUST009140,Poonam Gowda,7120663267,Female,Married,2339560,High,Business Owner,Medium,37,Hindi,RGN028
CUST009141,Sneha Kapoor,7958948328,Female,Married,297849,Low,Driver,High,30,Tamil,RGN023
CUST009142,Rajesh Pillai,9464126630,Female,Married,1965287,Upper-Middle,Business Owner,Medium,41,Hindi,RGN015
CUST009143,Uday Deshpande,8968328233,Female,Married,2876906,High,Business Owner,Medium,28,Hindi,RGN039
CUST009144,Aryan Joshi,6777364933,Male,Married,639360,Middle,Teacher,Low,25,Hindi,RGN035
CUST009145,Uday Sharma,8468175579,Male,Married,2820502,High,Software Engineer,Low,18,Hindi,RGN015
CUST009146,Rajesh Verma,8878066866,Male,Married,672343,Middle,Software Engineer,Low,52,Hindi,RGN049
CUST009147,Anjali Dubey,6968507566,Female,Married,570482,Middle,Teacher,Low,33,Hindi,RGN041
CUST009148,Aditya Subramanian,7862338841,Male,Married,1795060,Upper-Middle,Business Owner,Medium,39,Kannada,RGN021
CUST009149,Sarika More,8137681511,Female,Single,698958,Middle,Teacher,Low,37,Oriya,RGN031
CUST009150,Anil Reddy,9603562380,Male,Married,375265,Middle,Teacher,Low,25,Hindi,RGN026
CUST009151,Deepak Shah,7555781794,Female,Married,1053192,Upper-Middle,Doctor,Low,22,Hindi,RGN027
CUST009152,Sunita Pandey,9329514674,Male,Single,137114,Low,Driver,High,25,Hindi,RGN002
CUST009153,Neha Rajan,9023756190,Male,Married,388744,Middle,Teacher,Low,29,Hindi,RGN010
CUST009154,Ramesh Agarwal,8244624167,Female,Single,1366687,Upper-Middle,Software Engineer,Low,42,Telugu,RGN018
CUST009155,Anjali Mehta,9895324975,Female,Married,334878,Middle,Teacher,Low,28,Hindi,RGN001
CUST009156,Rohit Malhotra,9048318211,Female,Married,1502906,Upper-Middle,Software Engineer,Low,58,Hindi,RGN048
CUST009157,Siddharth Agarwal,6485061879,Male,Married,241341,Low,Farmer,Medium,50,Hindi,RGN013
CUST009158,Aryan Chakraborty,9344060882,Female,Single,1520835,Upper-Middle,Software Engineer,Low,47,Hindi,RGN001
CUST009159,Suresh Gowda,8792229783,Male,Divorced,267371,Low,Farmer,Medium,36,Hindi,RGN041
CUST009160,Vijay Srivastava,6991792293,Male,Married,496392,Middle,Software Engineer,Low,56,Hindi,RGN040
CUST009161,Vijay Venkatesh,6855327777,Female,Married,2061538,High,Software Engineer,Low,35,Hindi,RGN005
CUST009162,Kunal Dubey,6550371819,Female,Divorced,2822812,High,Software Engineer,Low,37,Tamil,RGN023
CUST009163,Anjali Saxena,9247665905,Male,Single,1241240,Upper-Middle,Business Owner,Medium,40,Hindi,RGN015
CUST009164,Karan Srivastava,7497574451,Male,Divorced,2155177,High,Business Owner,Medium,46,Hindi,RGN034
CUST009165,Manoj Balaji,6159845554,Male,Divorced,163404,Low,Teacher,Low,45,Hindi,RGN040
CUST009166,Zara Balaji,8623217914,Male,Single,1000635,Upper-Middle,Business Owner,Medium,32,Hindi,RGN049
CUST009167,Kunal Shetty,6186435716,Male,Divorced,286945,Low,Hardware Technician,Medium,31,Hindi,RGN007
CUST009168,Yash Kulkarni,6702972720,Male,Married,1361157,Upper-Middle,Software Engineer,Low,45,Hindi,RGN025
CUST009169,Vikram Joshi,7945546972,Male,Single,2700622,High,Software Engineer,Low,46,Hindi,RGN003
CUST009170,Isha Desai,9142448394,Female,Married,311983,Middle,Real Estate Agent,Medium,33,Hindi,RGN039
CUST009171,Kavya Mehta,6757230896,Female,Single,186630,Low,Driver,High,18,Hindi,RGN005
CUST009172,Varun Verma,6269446551,Female,Married,222746,Low,Driver,High,35,Hindi,RGN010
CUST009173,Vishal Rao,9372342382,Male,Married,917333,Upper-Middle,Software Engineer,Low,45,Hindi,RGN050
CUST009174,Sanjay Mishra,7892565846,Female,Married,533358,Middle,Doctor,Low,59,Telugu,RGN018
CUST009175,Divya Subramanian,9376828742,Female,Married,1203394,Upper-Middle,Doctor,Low,23,Hindi,RGN026
CUST009176,Shweta Kapoor,8943735918,Female,Single,333297,Middle,Driver,High,32,Kannada,RGN021
CUST009177,Bhavna Hegde,6580849947,Female,Single,894354,Upper-Middle,Software Engineer,Low,33,Hindi,RGN036
CUST009178,Poonam Chaudhary,9627387248,Female,Married,113758,Low,Hardware Technician,Medium,54,Telugu,RGN020
CUST009179,Tanvi Agarwal,9359221693,Male,Married,1765254,Upper-Middle,Software Engineer,Low,37,Hindi,RGN014
CUST009180,Kavya Shetty,7753614326,Male,Single,517185,Middle,Software Engineer,Low,27,Hindi,RGN026
CUST009181,Aryan Subramanian,8376882409,Female,Divorced,171741,Low,Teacher,Low,44,Hindi,RGN010
CUST009182,Vijay Rajan,6941229547,Male,Divorced,588920,Middle,Real Estate Agent,Medium,33,Hindi,RGN007
CUST009183,Gaurav Chakraborty,6348993192,Male,Married,1073572,Upper-Middle,Software Engineer,Low,23,Telugu,RGN017
CUST009184,Lakshmi Desai,9499289821,Female,Married,882660,Upper-Middle,Software Engineer,Low,27,Telugu,RGN018
CUST009185,Divya Balaji,9449459867,Female,Married,403885,Middle,Teacher,Low,58,Hindi,RGN026
CUST009186,Lakshmi More,7921121961,Female,Married,1754870,Upper-Middle,Doctor,Low,42,Hindi,RGN028
CUST009187,Pooja Patel,9200102927,Male,Divorced,243762,Low,Hardware Technician,Medium,39,Hindi,RGN010
CUST009188,Sarika Dubey,6822909446,Male,Married,1138282,Upper-Middle,Software Engineer,Low,35,Hindi,RGN010
CUST009189,Harsha Chakraborty,9507504612,Female,Married,133735,Low,Hardware Technician,Medium,41,Hindi,RGN004
CUST009190,Kunal Chakraborty,7471411673,Female,Married,118846,Low,Front Desk Executive,Low,41,Telugu,RGN018
CUST009191,Meera Shetty,9450676146,Female,Single,162126,Low,Hardware Technician,Medium,41,Hindi,RGN036
CUST009192,Karan Pandey,6177696939,Male,Married,325247,Middle,Driver,High,39,Hindi,RGN049
CUST009193,Harsha Subramanian,6109898397,Female,Married,197402,Low,Teacher,Low,48,Telugu,RGN018
CUST009194,Sanjay Joshi,7952736741,Male,Married,232630,Low,Hardware Technician,Medium,38,Hindi,RGN042
CUST009195,Aryan Mehta,7045047442,Male,Single,149370,Low,Farmer,Medium,26,Hindi,RGN028
CUST009196,Vikram Rao,8383739007,Female,Single,184160,Low,Teacher,Low,30,Telugu,RGN020
CUST009197,Vishal Rajan,6365910618,Male,Married,685745,Middle,Doctor,Low,18,Oriya,RGN032
CUST009198,Shruti Patil,7554969447,Male,Single,232395,Low,Driver,High,62,Telugu,RGN020
CUST009199,Rahul Joshi,6079235955,Female,Married,430713,Middle,Real Estate Agent,Medium,48,Hindi,RGN028
CUST009200,Pradeep Joshi,6072545702,Male,Married,276648,Low,Front Desk Executive,Low,28,Telugu,RGN017
CUST009201,Tanvi Rajan,9892921476,Female,Married,610550,Middle,Doctor,Low,34,Tamil,RGN024
CUST009202,Sarika Deshpande,7289899242,Female,Married,400786,Middle,Teacher,Low,30,Hindi,RGN048
CUST009203,Kavya Bose,6310846175,Male,Married,486206,Middle,Software Engineer,Low,56,Hindi,RGN046
CUST009204,Anil Verma,7659938788,Female,Married,154802,Low,Driver,High,20,Kannada,RGN021
CUST009205,Mohit Chakraborty,8882818896,Male,Single,1824489,Upper-Middle,Business Owner,Medium,39,Hindi,RGN026
CUST009206,Divya Kumar,9727185081,Male,Married,1614475,Upper-Middle,Software Engineer,Low,36,Hindi,RGN009
CUST009207,Lakshmi Nair,8635808057,Male,Married,171466,Low,Hardware Technician,Medium,47,Hindi,RGN042
CUST009208,Tanvi Pillai,6633928298,Female,Widowed,1546108,Upper-Middle,Software Engineer,Low,36,Hindi,RGN002
CUST009209,Deepa Kulkarni,6186243801,Female,Widowed,584736,Middle,Software Engineer,Low,18,Hindi,RGN034
CUST009210,Sunita Sharma,6803865030,Female,Married,1476664,Upper-Middle,Real Estate Agent,Medium,34,Hindi,RGN035
CUST009211,Poonam Krishnan,9665575184,Male,Married,408933,Middle,Real Estate Agent,Medium,26,Telugu,RGN018
CUST009212,Aarav Krishnan,7381490066,Male,Widowed,358268,Middle,Real Estate Agent,Medium,38,Hindi,RGN037
CUST009213,Meera Pandey,9322581602,Other,Single,2253345,High,Software Engineer,Low,55,Oriya,RGN031
CUST009214,Anjali Iyer,7377994505,Male,Widowed,204660,Low,Front Desk Executive,Low,18,Telugu,RGN018
CUST009215,Anjali Shetty,8952224986,Female,Married,1075889,Upper-Middle,Business Owner,Medium,28,Hindi,RGN037
CUST009216,Shruti Desai,9942205859,Male,Married,391569,Middle,Teacher,Low,31,Hindi,RGN043
CUST009217,Sneha Chaudhary,7775130937,Female,Married,480853,Middle,Software Engineer,Low,33,Hindi,RGN006
CUST009218,Tanvi Jadhav,7297291402,Male,Single,188829,Low,Driver,High,46,Hindi,RGN038
CUST009219,Tanvi Shetty,7680814635,Female,Married,272192,Low,Driver,High,35,Telugu,RGN017
CUST009220,Nandini Krishnan,8066654079,Female,Single,1089689,Upper-Middle,Software Engineer,Low,42,Hindi,RGN050
CUST009221,Aditya Verma,6370571132,Male,Married,448627,Middle,Hardware Technician,Medium,30,Hindi,RGN025
CUST009222,Zara Reddy,9235662578,Male,Married,3835059,High,Doctor,Low,40,Hindi,RGN011
CUST009223,Manoj Desai,7216844565,Male,Married,2159780,High,Software Engineer,Low,47,Hindi,RGN011
CUST009224,Geeta Das,8201332057,Other,Married,628689,Middle,Software Engineer,Low,29,Hindi,RGN044
CUST009225,Sarika Das,7719402071,Male,Single,1200591,Upper-Middle,Software Engineer,Low,47,Hindi,RGN008
CUST009226,Sanjay Jadhav,7777191016,Male,Single,2625454,High,Software Engineer,Low,38,Hindi,RGN015
CUST009227,Anjali Joshi,8608282192,Female,Married,1575179,Upper-Middle,Business Owner,Medium,50,Hindi,RGN013
CUST009228,Aditi Menon,9265755293,Female,Married,263734,Low,Business Owner,Medium,35,Hindi,RGN016
CUST009229,Sneha Hegde,7767330229,Male,Married,252817,Low,Farmer,Medium,42,Hindi,RGN011
CUST009230,Rohit More,7084851116,Male,Married,1227449,Upper-Middle,Software Engineer,Low,37,Oriya,RGN032
CUST009231,Shruti Iyer,6886216494,Female,Married,524905,Middle,Teacher,Low,36,Hindi,RGN027
CUST009232,Aditi Chakraborty,7027818325,Female,Married,1765493,Upper-Middle,Pilot,High,41,Hindi,RGN029
CUST009233,Vishal Sharma,7448531726,Male,Divorced,158170,Low,Teacher,Low,44,Hindi,RGN030
CUST009234,Swati Kulkarni,7155671920,Female,Married,2447355,High,Business Owner,Medium,23,Hindi,RGN011
CUST009235,Deepak Tripathi,6248441715,Female,Married,133169,Low,Farmer,Medium,55,Hindi,RGN037
CUST009236,Tanvi Reddy,8439618907,Male,Married,426367,Middle,Real Estate Agent,Medium,18,Hindi,RGN026
CUST009237,Santosh Das,7152349937,Female,Married,192209,Low,Front Desk Executive,Low,29,Hindi,RGN046
CUST009238,Bhavna Verma,7699519132,Male,Married,366252,Middle,Teacher,Low,36,Hindi,RGN014
CUST009239,Ramesh Kulkarni,6585374858,Female,Married,690157,Middle,Software Engineer,Low,42,Hindi,RGN043
CUST009240,Aryan Chakraborty,6482764233,Female,Married,1127937,Upper-Middle,Pilot,High,56,Hindi,RGN012
CUST009241,Anil Saxena,9939091472,Female,Married,822912,Upper-Middle,Software Engineer,Low,18,Hindi,RGN047
CUST009242,Kunal Malhotra,9572927318,Female,Married,180628,Low,Front Desk Executive,Low,31,Telugu,RGN020
CUST009243,Deepak Malhotra,9821056733,Male,Married,654213,Middle,Software Engineer,Low,18,Oriya,RGN032
CUST009244,Poonam Hegde,6665256705,Female,Married,1538314,Upper-Middle,Software Engineer,Low,38,Hindi,RGN028
CUST009245,Kunal Srivastava,8343535650,Male,Married,321705,Middle,Real Estate Agent,Medium,41,Hindi,RGN013
CUST009246,Sanjay Kumar,7671534557,Female,Married,1864409,Upper-Middle,Business Owner,Medium,57,Telugu,RGN020
CUST009247,Varun Das,8044992711,Female,Married,975022,Upper-Middle,Business Owner,Medium,39,Hindi,RGN046
CUST009248,Nikhil Sharma,6837908798,Male,Married,206283,Low,Driver,High,50,Hindi,RGN030
CUST009249,Kritika Menon,6418656738,Male,Single,228136,Low,Hardware Technician,Medium,45,Hindi,RGN010
CUST009250,Ananya Bose,8648800125,Male,Married,1068142,Upper-Middle,Business Owner,Medium,32,Hindi,RGN034
CUST009251,Ravi Kapoor,7905321596,Female,Single,1274835,Upper-Middle,Software Engineer,Low,21,Kannada,RGN022
CUST009252,Vinod Menon,7604024517,Female,Married,208384,Low,Front Desk Executive,Low,41,Hindi,RGN046
CUST009253,Nandini Rajan,6949452831,Female,Single,447548,Middle,Software Engineer,Low,20,Hindi,RGN016
CUST009254,Varun Deshpande,8338960105,Female,Single,569350,Middle,Software Engineer,Low,53,Hindi,RGN026
CUST009255,Nikhil Tiwari,7822753495,Female,Married,211848,Low,Teacher,Low,36,Oriya,RGN032
CUST009256,Lakshmi Shetty,9567443632,Male,Married,479857,Middle,Teacher,Low,52,Hindi,RGN045
CUST009257,Ravi Bose,7503246778,Female,Married,58306,Low,Farmer,Medium,32,Hindi,RGN004
CUST009258,Geeta Verma,6732265711,Female,Single,1237348,Upper-Middle,Real Estate Agent,Medium,41,Hindi,RGN013
CUST009259,Aditya Dubey,8187347778,Male,Married,472547,Middle,Teacher,Low,40,Hindi,RGN047
CUST009260,Isha Rao,8265979843,Female,Divorced,1424336,Upper-Middle,Business Owner,Medium,37,Hindi,RGN045
CUST009261,Aarav Verma,9201711142,Female,Divorced,1443375,Upper-Middle,Software Engineer,Low,32,Kannada,RGN022
CUST009262,Bhavna Kumar,7081837260,Male,Married,348127,Middle,Teacher,Low,42,Hindi,RGN013
CUST009263,Isha Kulkarni,7463178902,Male,Widowed,1429410,Upper-Middle,Software Engineer,Low,26,Kannada,RGN021
CUST009264,Amrita Pillai,7673963699,Female,Single,286772,Low,Farmer,Medium,23,Telugu,RGN019
CUST009265,Neha Das,9917870017,Female,Single,214788,Low,Teacher,Low,52,Hindi,RGN008
CUST009266,Sanjay Das,8538832219,Male,Married,2381467,High,Business Owner,Medium,46,Hindi,RGN042
CUST009267,Harsha Agarwal,9402823164,Female,Single,1160494,Upper-Middle,Software Engineer,Low,38,Hindi,RGN045
CUST009268,Ananya Joshi,7035901818,Female,Married,140509,Low,Hardware Technician,Medium,57,Hindi,RGN038
CUST009269,Zara Agarwal,6021050253,Male,Married,1762629,Upper-Middle,Business Owner,Medium,34,Tamil,RGN024
CUST009270,Kavya Chakraborty,6204469795,Female,Divorced,676207,Middle,Business Owner,Medium,53,Hindi,RGN012
CUST009271,Ramesh Patil,8936654552,Male,Single,114046,Low,Front Desk Executive,Low,40,Hindi,RGN040
CUST009272,Gaurav Agarwal,6808595448,Male,Single,5678659,High,Pilot,High,25,Hindi,RGN011
CUST009273,Zara Pillai,9348718329,Female,Single,180621,Low,Front Desk Executive,Low,60,Hindi,RGN039
CUST009274,Deepak Kulkarni,8060810998,Female,Married,3794008,High,Business Owner,Medium,49,Hindi,RGN015
CUST009275,Siddharth Menon,8527619880,Female,Married,2793856,High,Doctor,Low,36,Oriya,RGN032
CUST009276,Nandini Reddy,7427434184,Female,Married,1269483,Upper-Middle,Business Owner,Medium,46,Kannada,RGN022
CUST009277,Priya Desai,7435048148,Female,Married,354604,Middle,Real Estate Agent,Medium,33,Hindi,RGN040
CUST009278,Sarika Patil,8396831859,Male,Married,918643,Upper-Middle,Doctor,Low,47,Hindi,RGN040
CUST009279,Shweta Patel,7493473725,Female,Married,467923,Middle,Software Engineer,Low,18,Hindi,RGN040
CUST009280,Rajesh Bose,9730638556,Male,Married,248211,Low,Hardware Technician,Medium,25,Hindi,RGN006
CUST009281,Sanjay Pandey,6908063425,Female,Married,937164,Upper-Middle,Software Engineer,Low,49,Telugu,RGN017
CUST009282,Shruti Kapoor,9977262576,Female,Married,633561,Middle,Business Owner,Medium,35,Telugu,RGN018
CUST009283,Zara Naik,7297824891,Male,Married,3015252,High,Business Owner,Medium,40,Hindi,RGN041
CUST009284,Sneha Mehta,7455372420,Male,Married,1434521,Upper-Middle,Doctor,Low,21,Tamil,RGN023
CUST009285,Meera Bose,6929969528,Female,Married,2229283,High,Business Owner,Medium,60,Hindi,RGN044
CUST009286,Deepak Pandey,6707718815,Male,Married,210489,Low,Hardware Technician,Medium,52,Hindi,RGN004
CUST009287,Rajesh Malhotra,8822793562,Female,Married,125652,Low,Farmer,Medium,35,Hindi,RGN039
CUST009288,Vijay Reddy,8591654349,Male,Married,473156,Middle,Teacher,Low,33,Telugu,RGN019
CUST009289,Ramesh Gowda,9709738939,Male,Single,204114,Low,Farmer,Medium,50,Hindi,RGN041
CUST009290,Aryan Deshpande,6128110180,Male,Widowed,715431,Middle,Real Estate Agent,Medium,61,Hindi,RGN042
CUST009291,Vinod Joshi,6380520635,Male,Married,692117,Middle,Teacher,Low,49,Telugu,RGN019
CUST009292,Sunil Venkatesh,9243440489,Male,Widowed,2522246,High,Software Engineer,Low,64,Hindi,RGN005
CUST009293,Aditya Kapoor,6217720744,Female,Married,746557,Middle,Software Engineer,Low,26,Hindi,RGN012
CUST009294,Siddharth Chaudhary,9227643911,Female,Single,2609416,High,Software Engineer,Low,28,Hindi,RGN047
CUST009295,Nandini Jadhav,9228375198,Male,Married,1755186,Upper-Middle,Doctor,Low,23,Hindi,RGN008
CUST009296,Prakash Pandey,7870485959,Female,Single,162064,Low,Farmer,Medium,43,Hindi,RGN026
CUST009297,Varun Pillai,7897872619,Male,Married,475426,Middle,Software Engineer,Low,40,Hindi,RGN014
CUST009298,Shweta Chaudhary,9971687754,Male,Single,729233,Middle,Software Engineer,Low,36,Hindi,RGN015
CUST009299,Kritika Rajan,6184762974,Male,Married,60330,Low,Farmer,Medium,47,Hindi,RGN004
CUST009300,Priya Pandey,8979161710,Male,Single,1747594,Upper-Middle,Software Engineer,Low,52,Hindi,RGN013
CUST009301,Shruti Dubey,7763090157,Female,Married,1253497,Upper-Middle,Business Owner,Medium,19,Hindi,RGN013
CUST009302,Aarav Tripathi,7045231913,Male,Single,2969376,High,Software Engineer,Low,30,Hindi,RGN001
CUST009303,Geeta Menon,8375746766,Male,Single,3144680,High,Business Owner,Medium,47,Hindi,RGN045
CUST009304,Lakshmi More,8420986664,Female,Widowed,242602,Low,Driver,High,32,Hindi,RGN007
CUST009305,Geeta Malhotra,8070731814,Male,Widowed,1006138,Upper-Middle,Business Owner,Medium,28,Hindi,RGN046
CUST009306,Harsha Nair,8210209016,Female,Single,202331,Low,Hardware Technician,Medium,50,Hindi,RGN044
CUST009307,Aditya Kapoor,9443619353,Male,Married,2389214,High,Software Engineer,Low,22,Hindi,RGN041
CUST009308,Meera Malhotra,8824068588,Male,Married,208329,Low,Teacher,Low,34,Hindi,RGN030
CUST009309,Nandini Mehta,7813524624,Male,Married,69183,Low,Farmer,Medium,41,Hindi,RGN048
CUST009310,Aditi Patel,9021770253,Male,Divorced,159593,Low,Farmer,Medium,31,Telugu,RGN018
CUST009311,Rohit Hegde,7697791099,Female,Single,284515,Low,Teacher,Low,47,Hindi,RGN025
CUST009312,Rahul Verma,7208969582,Male,Married,908253,Upper-Middle,Software Engineer,Low,31,Hindi,RGN012
CUST009313,Ananya Malhotra,8174914559,Male,Married,2118410,High,Software Engineer,Low,54,Hindi,RGN025
CUST009314,Neha More,7534605811,Male,Married,479503,Middle,Software Engineer,Low,36,Hindi,RGN016
CUST009315,Rajesh More,8236137753,Male,Married,934263,Upper-Middle,Doctor,Low,46,Hindi,RGN010
CUST009316,Yash Mehta,8245912536,Female,Married,739106,Middle,Software Engineer,Low,46,Hindi,RGN004
CUST009317,Sapna More,8864331145,Female,Married,928170,Upper-Middle,Software Engineer,Low,30,Hindi,RGN011
CUST009318,Amrita Kapoor,7920770839,Female,Single,1828286,Upper-Middle,Business Owner,Medium,18,Hindi,RGN010
CUST009319,Aditya Kumar,8406351609,Male,Divorced,1094649,Upper-Middle,Software Engineer,Low,42,Hindi,RGN045
CUST009320,Manoj Venkatesh,8145483038,Female,Married,61768,Low,Farmer,Medium,38,Hindi,RGN050
CUST009321,Anil Tripathi,9065512812,Male,Married,3193052,High,Business Owner,Medium,44,Hindi,RGN001
CUST009322,Poonam Gupta,6840766739,Male,Married,714538,Middle,Software Engineer,Low,35,Hindi,RGN013
CUST009323,Sapna More,6490782433,Male,Married,247039,Low,Driver,High,32,Hindi,RGN045
CUST009324,Amrita Hegde,9160630258,Male,Single,483689,Middle,Real Estate Agent,Medium,62,Hindi,RGN038
CUST009325,Rekha Balaji,7668240638,Male,Married,432237,Middle,Teacher,Low,20,Hindi,RGN045
CUST009326,Poonam Gupta,7466117495,Male,Married,617689,Middle,Teacher,Low,46,Oriya,RGN031
CUST009327,Rajesh Malhotra,7876798976,Female,Married,630460,Middle,Teacher,Low,31,Hindi,RGN009
CUST009328,Sunita Nair,8433125475,Female,Married,882823,Upper-Middle,Business Owner,Medium,33,Hindi,RGN010
CUST009329,Kunal Reddy,9080079376,Male,Married,447802,Middle,Software Engineer,Low,34,Hindi,RGN012
CUST009330,Ravi Joshi,7241419810,Female,Widowed,275408,Low,Teacher,Low,28,Hindi,RGN033
CUST009331,Suresh Deshpande,7507853733,Male,Single,385987,Middle,Software Engineer,Low,44,Hindi,RGN050
CUST009332,Uday More,8020672382,Male,Married,3138496,High,Business Owner,Medium,54,Telugu,RGN017
CUST009333,Shweta Desai,9814696767,Female,Single,396716,Middle,Software Engineer,Low,43,Hindi,RGN016
CUST009334,Vishal Saxena,6498386488,Female,Married,361400,Middle,Teacher,Low,39,Hindi,RGN012
CUST009335,Zara Saxena,9887381294,Male,Single,164232,Low,Teacher,Low,26,Hindi,RGN012
CUST009336,Gaurav Bose,9576024912,Male,Married,845139,Upper-Middle,Software Engineer,Low,44,Hindi,RGN010
CUST009337,Bhavna Desai,8690259681,Male,Single,736621,Middle,Real Estate Agent,Medium,63,Hindi,RGN042
CUST009338,Gaurav Pillai,9640174890,Female,Married,682841,Middle,Teacher,Low,33,Hindi,RGN013
CUST009339,Deepak Deshpande,6130287833,Female,Married,2512000,High,Business Owner,Medium,33,Kannada,RGN021
CUST009340,Prakash Patel,7067146703,Male,Single,227692,Low,Teacher,Low,31,Hindi,RGN026
CUST009341,Harsha Dubey,6286913214,Male,Single,136555,Low,Farmer,Medium,32,Hindi,RGN036
CUST009342,Prakash Rajan,9525284386,Male,Married,619834,Middle,Teacher,Low,18,Hindi,RGN035
CUST009343,Neha Joshi,7222170507,Male,Married,417483,Middle,Software Engineer,Low,42,Hindi,RGN036
CUST009344,Aditi Singh,8780479941,Female,Married,864065,Upper-Middle,Real Estate Agent,Medium,27,Telugu,RGN020
CUST009345,Priya Das,7642887970,Female,Married,1316275,Upper-Middle,Software Engineer,Low,18,Hindi,RGN040
CUST009346,Meera Pillai,8326866790,Male,Divorced,619006,Middle,Real Estate Agent,Medium,47,Kannada,RGN022
CUST009347,Deepa Gupta,6686181476,Female,Married,215770,Low,Hardware Technician,Medium,25,Tamil,RGN024
CUST009348,Meera Mehta,7221471195,Female,Single,373834,Middle,Business Owner,Medium,33,Hindi,RGN010
CUST009349,Deepak Hegde,6610296746,Male,Married,2174122,High,Software Engineer,Low,55,Hindi,RGN039
CUST009350,Kunal Kapoor,7954475568,Male,Divorced,270793,Low,Teacher,Low,21,Hindi,RGN026
CUST009351,Suresh Naik,7542771855,Male,Married,401800,Middle,Teacher,Low,19,Hindi,RGN026
CUST009352,Varun Gupta,6687700184,Female,Divorced,223993,Low,Driver,High,41,Hindi,RGN045
CUST009353,Sneha Chakraborty,8564803567,Male,Married,136765,Low,Farmer,Medium,51,Kannada,RGN021
CUST009354,Shruti Malhotra,9115640587,Male,Single,1110856,Upper-Middle,Software Engineer,Low,19,Hindi,RGN050
CUST009355,Siddharth Chaudhary,7422253861,Male,Married,277704,Low,Teacher,Low,42,Hindi,RGN034
CUST009356,Ramesh Das,6731430902,Male,Married,1287386,Upper-Middle,Real Estate Agent,Medium,44,Hindi,RGN013
CUST009357,Shruti Pandey,6681836912,Female,Married,542035,Middle,Teacher,Low,18,Hindi,RGN013
CUST009358,Bhavna Gowda,8897137388,Female,Single,786522,Middle,Software Engineer,Low,47,Hindi,RGN037
CUST009359,Nikhil Saxena,9240024324,Male,Married,158107,Low,Farmer,Medium,48,Hindi,RGN004
CUST009360,Nikhil Tripathi,6504911380,Female,Married,1379721,Upper-Middle,Software Engineer,Low,34,Hindi,RGN030
CUST009361,Isha Shetty,6813797241,Female,Single,588848,Middle,Teacher,Low,53,Hindi,RGN039
CUST009362,Varun Patil,9422654885,Male,Married,160713,Low,Farmer,Medium,51,Hindi,RGN030
CUST009363,Manoj Hegde,6010211334,Male,Widowed,232364,Low,Teacher,Low,39,Hindi,RGN008
CUST009364,Vishal Rao,6781426632,Female,Divorced,2257912,High,Doctor,Low,32,Oriya,RGN032
CUST009365,Neha Chakraborty,9593487553,Male,Divorced,131493,Low,Driver,High,26,Tamil,RGN024
CUST009366,Vikram Kulkarni,8597879963,Female,Married,212122,Low,Hardware Technician,Medium,37,Hindi,RGN007
CUST009367,Meera Sharma,7386642974,Female,Married,2986597,High,Doctor,Low,44,Hindi,RGN025
CUST009368,Aditi Deshpande,7244175396,Female,Widowed,1264031,Upper-Middle,Software Engineer,Low,34,Hindi,RGN006
CUST009369,Gaurav Chaudhary,9753621027,Male,Widowed,354422,Middle,Teacher,Low,18,Hindi,RGN004
CUST009370,Sunita Saxena,7581079024,Male,Married,826756,Upper-Middle,Real Estate Agent,Medium,53,Telugu,RGN019
CUST009371,Vijay Desai,9567077021,Male,Married,303684,Middle,Teacher,Low,40,Telugu,RGN018
CUST009372,Sandeep Hegde,7288752576,Female,Married,397356,Middle,Software Engineer,Low,33,Hindi,RGN002
CUST009373,Pooja Malhotra,7479931845,Male,Single,1211716,Upper-Middle,Real Estate Agent,Medium,48,Hindi,RGN015
CUST009374,Aditya Hegde,9543170678,Male,Married,1011678,Upper-Middle,Software Engineer,Low,56,Hindi,RGN008
CUST009375,Ramesh Reddy,7676069687,Male,Single,1755309,Upper-Middle,Business Owner,Medium,18,Telugu,RGN019
CUST009376,Ananya Saxena,7863082539,Male,Divorced,738538,Middle,Software Engineer,Low,43,Hindi,RGN008
CUST009377,Lakshmi Pillai,6054316704,Female,Single,399143,Middle,Software Engineer,Low,20,Hindi,RGN038
CUST009378,Anil Gupta,6492224066,Female,Single,373863,Middle,Driver,High,43,Hindi,RGN025
CUST009379,Akash Tiwari,9064064627,Other,Married,149421,Low,Farmer,Medium,39,Hindi,RGN012
CUST009380,Gaurav Gowda,9638003313,Female,Married,1386018,Upper-Middle,Software Engineer,Low,45,Hindi,RGN043
CUST009381,,9587807767,Female,Married,298047,Low,Farmer,Medium,32,Hindi,RGN013
CUST009382,Kavya Deshpande,9583131297,Female,Married,870995,Upper-Middle,Business Owner,Medium,18,Telugu,RGN018
CUST009383,Karan Patel,8529648939,Female,Single,1285180,Upper-Middle,Software Engineer,Low,32,Hindi,RGN011
CUST009384,Ramesh Gowda,9113955434,Male,Single,975520,Upper-Middle,Software Engineer,Low,42,Telugu,RGN017
CUST009385,Ananya Singh,6541625580,Female,Married,1857435,Upper-Middle,Software Engineer,Low,50,Hindi,RGN035
CUST009386,Sarika Naik,6786977288,Female,Married,287721,Low,Driver,High,23,Hindi,RGN007
CUST009387,Priya Chaudhary,9360511035,Male,Married,1693152,Upper-Middle,Software Engineer,Low,50,Kannada,RGN022
CUST009388,Sandeep Gupta,7583995258,Male,Married,247213,Low,Driver,High,30,Hindi,RGN033
CUST009389,Ravi Iyer,6009631800,Female,Married,678782,Middle,Teacher,Low,42,Hindi,RGN007
CUST009390,Pooja Rajan,9331665937,Male,Married,519081,Middle,Software Engineer,Low,31,Hindi,RGN048
CUST009391,Pradeep Shetty,7501038006,Other,Widowed,1972134,Upper-Middle,Business Owner,Medium,40,Hindi,RGN025
CUST009392,Sapna Reddy,6958730192,Male,Widowed,366631,Middle,Business Owner,Medium,48,Hindi,RGN030
CUST009393,Gaurav More,8418923482,Male,Married,2738338,High,Software Engineer,Low,23,Hindi,RGN035
CUST009394,Lakshmi Das,7247155151,Female,Married,1394344,Upper-Middle,Business Owner,Medium,29,Hindi,RGN034
CUST009395,Vijay Tripathi,8285489598,Male,Married,1133932,Upper-Middle,Software Engineer,Low,40,Hindi,RGN010
CUST009396,Uday Mishra,9119690213,Female,Single,3162529,High,Business Owner,Medium,65,Hindi,RGN033
CUST009397,Nikhil Subramanian,9861183949,Male,Married,1381314,Upper-Middle,Software Engineer,Low,27,Oriya,RGN031
CUST009398,Anjali Balaji,9527129042,Female,Married,166224,Low,Driver,High,62,Hindi,RGN039
CUST009399,Amrita Rao,8082746198,Female,Married,1109560,Upper-Middle,Business Owner,Medium,62,Hindi,RGN025
CUST009400,Arjun Singh,6644337309,Male,Married,157668,Low,Driver,High,36,Hindi,RGN028
CUST009401,Pooja Kapoor,6090629913,Female,Married,670472,Middle,Teacher,Low,34,Hindi,RGN043
CUST009402,Aditya Dubey,6410406331,Female,Single,154696,Low,Farmer,Medium,29,Hindi,RGN012
CUST009403,Rajesh Mehta,8767300916,Female,Single,1356061,Upper-Middle,Software Engineer,Low,37,Hindi,RGN013
CUST009404,Manoj Chaudhary,8619158530,Female,Married,2472119,High,Doctor,Low,21,Hindi,RGN004
CUST009405,Harsha Joshi,9746319452,Female,Married,2241619,High,Doctor,Low,37,Telugu,RGN018
CUST009406,Karan Patil,7621903616,Female,Married,1726183,Upper-Middle,Doctor,Low,55,Hindi,RGN039
CUST009407,Vijay Das,8438441263,Male,Married,201030,Low,Hardware Technician,Medium,30,Hindi,RGN046
CUST009408,Nikhil Rao,76237XXXXX,Male,Single,190956,Low,Front Desk Executive,Low,35,Hindi,RGN042
CUST009409,Arjun Gupta,9263535227,Male,Single,297459,Low,Front Desk Executive,Low,18,Hindi,RGN011
CUST009410,Ramesh Das,9480766609,Female,Married,267555,Low,Teacher,Low,42,Tamil,RGN024
CUST009411,Lakshmi Das,9545925449,Male,Married,2946397,High,Software Engineer,Low,41,Hindi,RGN029
CUST009412,Sarika Pandey,8176424932,Male,Married,1117627,Upper-Middle,Software Engineer,Low,38,Hindi,RGN006
CUST009413,Nandini Bose,9384887610,Male,Single,798316,Middle,Real Estate Agent,Medium,35,Tamil,RGN024
CUST009414,Varun More,9189813129,Male,Married,233719,Low,Real Estate Agent,Medium,34,Telugu,RGN018
CUST009415,Poonam More,6871319728,Female,Widowed,187354,Low,Hardware Technician,Medium,44,Hindi,RGN050
CUST009416,Karan Pillai,8802082064,Female,Married,392782,Middle,Teacher,Low,37,Hindi,RGN004
CUST009417,Prakash Reddy,9028836857,Male,Married,747289,Middle,Software Engineer,Low,41,Hindi,RGN011
CUST009418,Neha Hegde,9015804393,Female,Married,1042835,Upper-Middle,Software Engineer,Low,40,Hindi,RGN014
CUST009419,Sarika Deshpande,6869675044,Female,Single,186196,Low,Front Desk Executive,Low,51,Hindi,RGN002
CUST009420,Sneha Hegde,9430772078,Female,Married,384669,Middle,Business Owner,Medium,46,Hindi,RGN016
CUST009421,Sunita Srivastava,6282739809,Male,Single,1639646,Upper-Middle,Business Owner,Medium,40,Hindi,RGN005
CUST009422,Sapna Patel,8377476930,Male,Married,224351,Low,Driver,High,56,Hindi,RGN049
CUST009423,Kunal Verma,85105XXXXX,Female,Married,1765288,Upper-Middle,Software Engineer,Low,43,Hindi,RGN010
CUST009424,Akash Verma,9005425188,Female,Married,957907,Upper-Middle,Software Engineer,Low,53,Telugu,RGN018
CUST009425,Nandini Tripathi,9890550778,Male,Single,266313,Low,Teacher,Low,45,Kannada,RGN022
CUST009426,Vikram Sharma,8399509181,Male,Married,1549710,Upper-Middle,Software Engineer,Low,18,Hindi,RGN033
CUST009427,Sapna Patel,8983502652,Male,Single,1384581,Upper-Middle,Real Estate Agent,Medium,53,Hindi,RGN007
CUST009428,Varun Pillai,9905973077,Male,Single,1440077,Upper-Middle,Business Owner,Medium,39,Oriya,RGN031
CUST009429,Zara Kapoor,9810881305,Female,Single,226877,Low,Front Desk Executive,Low,37,Hindi,RGN007
CUST009430,Sanjay Dubey,9541003169,Female,Single,236068,Low,Driver,High,41,Hindi,RGN014
CUST009431,Rahul Pandey,92139XXXXX,Male,Married,1099129,Upper-Middle,Real Estate Agent,Medium,33,Kannada,RGN021
CUST009432,Sarika Subramanian,8142432942,Male,Married,2157568,High,Software Engineer,Low,40,Kannada,RGN021
CUST009433,Rajesh Malhotra,7840645338,Male,Married,871371,Upper-Middle,Software Engineer,Low,30,Telugu,RGN019
CUST009434,Pradeep Subramanian,8524799419,Male,Married,1556221,Upper-Middle,Doctor,Low,53,Hindi,RGN033
CUST009435,Sneha More,9357188285,Female,Single,52464,Low,Farmer,Medium,36,Oriya,RGN032
CUST009436,Swati Kulkarni,7323195121,Male,Single,2223963,High,Software Engineer,Low,33,Hindi,RGN033
CUST009437,Sandeep Shetty,8487897087,Female,Married,92453,Low,Farmer,Medium,26,Telugu,RGN017
CUST009438,Sunil Joshi,8674090614,Female,Single,4481596,High,Pilot,High,41,Hindi,RGN003
CUST009439,Rajesh Agarwal,7563108232,Female,Single,926464,Upper-Middle,Real Estate Agent,Medium,40,Hindi,RGN045
CUST009440,Pooja Venkatesh,6115082486,Female,Single,794725,Middle,Software Engineer,Low,42,Hindi,RGN028
CUST009441,Ramesh Patil,61416XXXXX,Female,Married,841797,Upper-Middle,Real Estate Agent,Medium,25,Hindi,RGN004
CUST009442,Rohit Tiwari,8145747355,Female,Single,2396676,High,Software Engineer,Low,18,Hindi,RGN003
CUST009443,Yash Das,9857671634,Male,Single,361632,Middle,Teacher,Low,45,Hindi,RGN011
CUST009444,Uday Tiwari,8779873311,Male,Divorced,1342932,Upper-Middle,Software Engineer,Low,55,Oriya,RGN031
CUST009445,Shweta Pillai,9575304537,Male,Single,426207,Middle,Teacher,Low,25,Hindi,RGN007
CUST009446,Bhavna Das,6747131439,Male,Married,332226,Middle,Teacher,Low,57,Hindi,RGN026
CUST009447,Sarika Gupta,99261XXXXX,Male,Married,91970,Low,Farmer,Medium,41,Hindi,RGN016
CUST009448,Isha Krishnan,7075047570,Male,Married,342629,Middle,Driver,High,37,Oriya,RGN031
CUST009449,Sanjay Bose,9414174501,Male,Married,833595,Upper-Middle,Software Engineer,Low,33,Hindi,RGN028
CUST009450,Santosh Deshpande,6595931857,Male,Married,1704903,Upper-Middle,Business Owner,Medium,21,Hindi,RGN010
CUST009451,Yash Patil,6975164478,Female,Single,294667,Low,Farmer,Medium,49,Hindi,RGN033
CUST009452,Kavya Gupta,8894439762,Male,Married,144951,Low,Driver,High,28,Hindi,RGN004
CUST009453,Anil Iyer,6089748542,Male,Married,243453,Low,Teacher,Low,28,Hindi,RGN048
CUST009454,Sunita Krishnan,6848139519,Female,Married,180773,Low,Teacher,Low,49,Telugu,RGN020
CUST009455,Rahul Saxena,6477186730,Female,Married,2543785,High,Software Engineer,Low,18,Hindi,RGN009
CUST009456,Santosh Tripathi,8626239241,Male,Single,105004,Low,Farmer,Medium,19,Hindi,RGN036
CUST009457,Yash Tripathi,8134017497,Male,Married,1068050,Upper-Middle,Software Engineer,Low,37,Hindi,RGN014
CUST009458,Varun Naik,6364125418,Male,Married,248657,Low,Driver,High,41,Hindi,RGN001
CUST009459,Rajesh Tiwari,8081648773,Male,Single,1912608,Upper-Middle,Business Owner,Medium,43,Telugu,RGN017
CUST009460,Karan Pillai,9865179385,Male,Single,677475,Middle,Real Estate Agent,Medium,34,Hindi,RGN040
CUST009461,Tanvi Hegde,7527470465,Female,Single,1227132,Upper-Middle,Software Engineer,Low,65,Hindi,RGN048
CUST009462,Rahul Das,9173771578,Male,Single,1070849,Upper-Middle,Software Engineer,Low,35,Hindi,RGN043
CUST009463,Vishal Balaji,9293060898,Female,Married,1228052,Upper-Middle,Software Engineer,Low,35,Hindi,RGN043
CUST009464,Neha Pandey,6920938296,Female,Widowed,894906,Upper-Middle,Business Owner,Medium,28,Hindi,RGN034
CUST009465,Siddharth Dubey,7553258788,Male,Married,107052,Low,Farmer,Medium,39,Hindi,RGN030
CUST009466,Aarav Desai,9022124464,Female,Married,353879,Middle,Teacher,Low,45,Hindi,RGN028
CUST009467,Deepa Verma,6616694594,Male,Married,95890,Low,Farmer,Medium,52,Tamil,RGN023
CUST009468,Prakash Kumar,7074139914,Female,Married,3986701,High,Business Owner,Medium,20,Hindi,RGN039
CUST009469,Amrita Pillai,8422897434,Female,Single,185651,Low,Front Desk Executive,Low,35,Hindi,RGN045
CUST009470,Nikhil Naik,9629611713,Female,Divorced,799592,Middle,Doctor,Low,43,Telugu,RGN020
CUST009471,Rahul Agarwal,9083892166,Female,Married,2846592,High,Software Engineer,Low,45,Hindi,RGN011
CUST009472,Aditya Patel,7241656738,Female,Married,1478866,Upper-Middle,Software Engineer,Low,38,Hindi,RGN043
CUST009473,Aryan Dubey,9805610621,Male,Married,1251054,Upper-Middle,Software Engineer,Low,44,Kannada,RGN021
CUST009474,Uday Naik,9562692338,Female,Single,609378,Middle,Software Engineer,Low,28,Hindi,RGN037
CUST009475,Deepak Shah,7312467677,Female,Married,888919,Upper-Middle,Software Engineer,Low,56,Hindi,RGN049
CUST009476,Zara Reddy,7798890084,Female,Married,1052242,Upper-Middle,Software Engineer,Low,49,Hindi,RGN050
CUST009477,Anil Shetty,7848515969,Male,Married,295902,Low,Front Desk Executive,Low,21,Hindi,RGN033
CUST009478,Rajesh Gowda,6322124954,Male,Married,219194,Low,Hardware Technician,Medium,25,Telugu,RGN019
CUST009479,Tanvi Chaudhary,7299032536,Female,Single,462835,Middle,Teacher,Low,25,Hindi,RGN027
CUST009480,Geeta More,6443805158,Female,Widowed,168706,Low,Farmer,Medium,46,Hindi,RGN046
CUST009481,Geeta Rao,82778XXXXX,Female,Married,983910,Upper-Middle,Software Engineer,Low,22,Hindi,RGN033
CUST009482,Ravi Hegde,9504638282,Female,Single,813614,Upper-Middle,Software Engineer,Low,34,Hindi,RGN036
CUST009483,Swati Krishnan,7266808663,Male,Married,166799,Low,Driver,High,43,Hindi,RGN026
CUST009484,Sapna Chaudhary,6527177674,Female,Single,259320,Low,Driver,High,37,Hindi,RGN041
CUST009485,Lakshmi Malhotra,9620356609,Female,Divorced,126510,Low,Hardware Technician,Medium,41,Hindi,RGN010
CUST009486,Swati Naik,8469789550,Female,Single,307674,Middle,Real Estate Agent,Medium,25,Tamil,RGN024
CUST009487,Varun Rajan,6479626257,Male,Married,144741,Low,Front Desk Executive,Low,45,Tamil,RGN024
CUST009488,Rekha Krishnan,9616829689,Male,Married,894478,Upper-Middle,Software Engineer,Low,30,Hindi,RGN011
CUST009489,Sandeep Rajan,6928108717,Female,Divorced,117372,Low,Farmer,Medium,34,Telugu,RGN020
CUST009490,Sarika Chaudhary,9821565886,Male,Single,73641,Low,Farmer,Medium,40,Hindi,RGN038
CUST009491,Suresh Gupta,6226347141,Male,Single,1695996,Upper-Middle,Software Engineer,Low,39,Hindi,RGN006
CUST009492,Neha Rao,6363177626,Male,Single,1327968,Upper-Middle,Software Engineer,Low,38,Hindi,RGN029
CUST009493,Sanjay Patel,6183578417,Female,Married,1445953,Upper-Middle,Business Owner,Medium,28,Hindi,RGN034
CUST009494,Kunal Mishra,6870145065,Female,Married,217046,Low,Real Estate Agent,Medium,34,Hindi,RGN048
CUST009495,Shweta Joshi,6469575552,Male,Married,1207750,Upper-Middle,Real Estate Agent,Medium,38,Hindi,RGN003
CUST009496,Varun Dubey,9666415570,Male,Married,1098136,Upper-Middle,Doctor,Low,21,Telugu,RGN020
CUST009497,Lakshmi Singh,6907984517,Male,Divorced,347608,Middle,Real Estate Agent,Medium,32,Hindi,RGN007
CUST009498,Tanvi Naik,8388180400,Male,Divorced,680161,Middle,Teacher,Low,42,Hindi,RGN011
CUST009499,Aarav Venkatesh,8639445322,Female,Married,316539,Middle,Teacher,Low,22,Hindi,RGN002
CUST009500,Rohit Venkatesh,6784151661,Female,Married,202116,Low,Front Desk Executive,Low,51,Hindi,RGN002
CUST009501,Geeta Gupta,8608106200,Male,Divorced,1100371,Upper-Middle,Software Engineer,Low,53,Hindi,RGN044
CUST009502,Prakash Desai,7424420438,Male,Single,1214671,Upper-Middle,Software Engineer,Low,23,Hindi,RGN006
CUST009503,Tanvi Tiwari,6571983863,Male,Married,1087078,Upper-Middle,Real Estate Agent,Medium,54,Oriya,RGN031
CUST009504,Manoj Rajan,8066658004,Female,Married,159740,Low,Front Desk Executive,Low,36,Hindi,RGN002
CUST009505,Karan Singh,7973598933,Male,Widowed,577567,Middle,Teacher,Low,43,Hindi,RGN049
CUST009506,Deepa Krishnan,8721228160,Male,Married,600126,Middle,Business Owner,Medium,32,Hindi,RGN046
CUST009507,Nikhil Nair,9484229405,Female,Married,1503988,Upper-Middle,Software Engineer,Low,49,Kannada,RGN022
CUST009508,Suresh Gowda,8984503379,Female,Married,146767,Low,Farmer,Medium,42,Hindi,RGN016
CUST009509,Bhavna Verma,8158328182,Female,Married,266319,Low,Hardware Technician,Medium,28,Hindi,RGN029
CUST009510,Zara Nair,9886153355,Male,Single,228883,Low,Hardware Technician,Medium,24,Telugu,RGN020
CUST009511,Ramesh Tiwari,8439878015,Male,Single,117264,Low,Farmer,Medium,20,Hindi,RGN035
CUST009512,Rajesh Hegde,9399305616,Male,Single,4612834,High,Doctor,Low,40,Hindi,RGN005
CUST009513,Lakshmi Kulkarni,8840858877,Male,Married,1339237,Upper-Middle,Pilot,High,44,Hindi,RGN040
CUST009514,Yash Patil,6435811288,Male,Married,1795153,Upper-Middle,Software Engineer,Low,45,Hindi,RGN038
CUST009515,Sandeep Srivastava,6133613861,Male,Married,998695,Upper-Middle,Real Estate Agent,Medium,36,Hindi,RGN009
CUST009516,Shruti Verma,7075011024,Male,Widowed,2516351,High,Software Engineer,Low,24,Hindi,RGN047
CUST009517,Sunita Pillai,6934667665,Female,Married,117349,Low,Farmer,Medium,29,Kannada,RGN021
CUST009518,Geeta Iyer,6618091901,Male,Married,898096,Upper-Middle,Real Estate Agent,Medium,51,Hindi,RGN038
CUST009519,Aarav Sharma,8814491476,Male,Widowed,1465565,Upper-Middle,Real Estate Agent,Medium,32,Hindi,RGN005
CUST009520,Kavya Tripathi,9072832684,Male,Divorced,2158002,High,Business Owner,Medium,39,Tamil,RGN023
CUST009521,Divya Rajan,7450882100,Female,Married,4334318,High,Pilot,High,25,Telugu,RGN019
CUST009522,Suresh Hegde,9881435368,Male,Married,393054,Middle,Teacher,Low,42,Hindi,RGN036
CUST009523,Kritika Agarwal,7223943129,Female,Married,2862787,High,Software Engineer,Low,32,Tamil,RGN023
CUST009524,Anjali Mishra,6878141413,Female,Single,837647,Upper-Middle,Real Estate Agent,Medium,50,Hindi,RGN044
CUST009525,Divya Jadhav,9552314913,Female,Married,249204,Low,Hardware Technician,Medium,47,Telugu,RGN018
CUST009526,Sapna Subramanian,8775949299,Male,Married,166076,Low,Teacher,Low,32,Hindi,RGN006
CUST009527,Amrita Venkatesh,8562053364,Female,Married,3836269,High,Pilot,High,36,Hindi,RGN009
CUST009528,Deepa Kumar,8257775478,Female,Divorced,1716320,Upper-Middle,Software Engineer,Low,31,Hindi,RGN012
CUST009529,Geeta Jadhav,6291428341,Female,Married,346738,Middle,Front Desk Executive,Low,20,Hindi,RGN035
CUST009530,Aditya Das,6080996930,Male,Married,2934995,High,Software Engineer,Low,27,Kannada,RGN021
CUST009531,Santosh Mishra,8887256394,Female,Divorced,114931,Low,Farmer,Medium,40,Hindi,RGN002
CUST009532,Sunil Das,7788165803,Male,Married,603442,Middle,Software Engineer,Low,41,Oriya,RGN031
CUST009533,Priya Rajan,6862931916,Male,Married,1679409,Upper-Middle,Software Engineer,Low,39,Telugu,RGN018
CUST009534,Neha Menon,8037314530,Female,Single,466252,Middle,Software Engineer,Low,34,Hindi,RGN010
CUST009535,Tanvi Reddy,7856770051,Female,Married,182070,Low,Front Desk Executive,Low,49,Hindi,RGN040
CUST009536,Zara Chakraborty,8498926659,Female,Married,1531130,Upper-Middle,Software Engineer,Low,38,Hindi,RGN025
CUST009537,Tanvi Patil,6846386557,Male,Single,692048,Middle,Teacher,Low,46,Telugu,RGN019
CUST009538,Prakash Patel,9908272318,Male,Married,837867,Upper-Middle,Real Estate Agent,Medium,18,Hindi,RGN034
CUST009539,Isha Malhotra,8322259136,Male,Married,3695902,High,Business Owner,Medium,18,Hindi,RGN033
CUST009540,Pooja Joshi,8177739260,Male,Married,805117,Upper-Middle,Real Estate Agent,Medium,41,Hindi,RGN042
CUST009541,Divya Chakraborty,7029922809,Male,Single,249509,Low,Hardware Technician,Medium,20,Hindi,RGN044
CUST009542,Anjali Mishra,7024286990,Female,Married,323019,Middle,Teacher,Low,35,Tamil,RGN024
CUST009543,Meera Dubey,8137977236,Male,Single,1028418,Upper-Middle,Software Engineer,Low,34,Hindi,RGN012
CUST009544,Sarika Das,7929842579,Female,Married,166767,Low,Front Desk Executive,Low,57,Hindi,RGN002
CUST009545,Sanjay Iyer,6366210388,Female,Single,895605,Upper-Middle,Business Owner,Medium,42,Hindi,RGN005
CUST009546,Nikhil Kapoor,9291279908,Male,Married,280117,Low,Hardware Technician,Medium,39,Hindi,RGN036
CUST009547,Rahul Gupta,6172980686,Male,Married,1030320,Upper-Middle,Software Engineer,Low,48,Tamil,RGN024
CUST009548,Sneha Mehta,8086376599,Male,Married,349380,Middle,Teacher,Low,42,Hindi,RGN044
CUST009549,Nikhil Tripathi,6624731498,Male,Married,604404,Middle,Software Engineer,Low,32,Kannada,RGN022
CUST009550,Nikhil Venkatesh,9430098180,Female,Married,48999,Low,Farmer,Medium,50,Hindi,RGN008
CUST009551,Varun Malhotra,9356512694,Male,Married,1643637,Upper-Middle,Software Engineer,Low,24,Hindi,RGN043
CUST009552,Amrita Sharma,8869594636,Female,Married,1228804,Upper-Middle,Software Engineer,Low,41,Hindi,RGN012
CUST009553,Sanjay Hegde,9258874495,Male,Married,794154,Middle,Business Owner,Medium,19,Hindi,RGN001
CUST009554,Kavya Naik,92137XXXXX,Male,Married,216850,Low,Farmer,Medium,40,Oriya,RGN031
CUST009555,Bhavna Sharma,8890260127,Female,Widowed,483513,Middle,Teacher,Low,40,Telugu,RGN017
CUST009556,Mohit Kumar,9114351906,Female,Married,1940699,Upper-Middle,Business Owner,Medium,58,Oriya,RGN031
CUST009557,Pradeep Reddy,9984902770,Male,Single,631490,Middle,Software Engineer,Low,19,Hindi,RGN029
CUST009558,Kunal Agarwal,7843098839,Male,Married,219110,Low,Driver,High,30,Tamil,RGN023
CUST009559,Karan Krishnan,7053021465,Female,Married,529501,Middle,Software Engineer,Low,47,Hindi,RGN010
CUST009560,Aarav Tripathi,9693801184,Female,Single,3024434,High,Business Owner,Medium,42,Hindi,RGN043
CUST009561,Kunal Kapoor,8543937690,Female,Single,1621136,Upper-Middle,Software Engineer,Low,40,Hindi,RGN050
CUST009562,Pooja Tripathi,8268181845,Male,Married,1142256,Upper-Middle,Real Estate Agent,Medium,26,Hindi,RGN009
CUST009563,Aarav Rajan,6848947697,Female,Married,229371,Low,Teacher,Low,30,Hindi,RGN028
CUST009564,Isha Singh,7577907141,Male,Married,2063885,High,Software Engineer,Low,52,Tamil,RGN023
CUST009565,Rekha Malhotra,9335658804,Male,Married,1242873,Upper-Middle,Business Owner,Medium,37,Hindi,RGN015
CUST009566,Zara Jadhav,7416518275,Female,Single,152336,Low,Teacher,Low,42,Hindi,RGN004
CUST009567,Vinod Pillai,8394237333,Male,Married,305593,Middle,Teacher,Low,36,Kannada,RGN022
CUST009568,Ananya Tripathi,8333395211,Male,Married,348005,Middle,Front Desk Executive,Low,23,Hindi,RGN013
CUST009569,Sneha Shetty,6790807595,Female,Married,2619786,High,Doctor,Low,49,Hindi,RGN006
CUST009570,Harsha Naik,9947284639,Male,Married,974500,Upper-Middle,Software Engineer,Low,44,Hindi,RGN010
CUST009571,Ravi Shetty,7086780856,Male,Married,191770,Low,Front Desk Executive,Low,65,Hindi,RGN041
CUST009572,Santosh Nair,7718750036,Female,Married,416290,Middle,Teacher,Low,25,Hindi,RGN002
CUST009573,Shruti Kulkarni,6559428434,Male,Married,1098111,Upper-Middle,Pilot,High,47,Telugu,RGN018
CUST009574,Mohit Joshi,9955276365,Male,Married,306077,Middle,Teacher,Low,22,Hindi,RGN050
CUST009575,Harsha Mishra,8647292931,Female,Married,896924,Upper-Middle,Software Engineer,Low,39,Hindi,RGN006
CUST009576,Rahul Sharma,8386632270,Male,Married,202357,Low,Teacher,Low,49,Hindi,RGN030
CUST009577,Meera Malhotra,9564165666,Male,Divorced,2408433,High,Doctor,Low,18,Kannada,RGN021
CUST009578,Rohit Subramanian,6612034717,Male,Married,109410,Low,Farmer,Medium,35,Hindi,RGN006
CUST009579,Sanjay Rajan,8455884506,Male,Married,1943737,Upper-Middle,Software Engineer,Low,31,Hindi,RGN001
CUST009580,Rohit More,6593998245,Female,Married,1179716,Upper-Middle,Software Engineer,Low,29,Hindi,RGN042
CUST009581,Sneha Shetty,8877169472,Female,Married,1123468,Upper-Middle,Business Owner,Medium,42,Hindi,RGN008
CUST009582,Sneha Rajan,7569961125,Male,Married,118204,Low,Driver,High,51,Hindi,RGN014
CUST009583,Geeta Mishra,7554496475,Male,Married,1464084,Upper-Middle,Business Owner,Medium,36,Hindi,RGN009
CUST009584,Sandeep Gowda,9622023413,Female,Single,1067678,Upper-Middle,Software Engineer,Low,40,Hindi,RGN030
CUST009585,Suresh Rao,7611178006,Female,Married,2051667,High,Software Engineer,Low,39,Hindi,RGN011
CUST009586,Anjali Menon,6149216433,Male,Married,2183606,High,Software Engineer,Low,38,Hindi,RGN007
CUST009587,Varun Chakraborty,8722820055,Female,Married,2844714,High,Software Engineer,Low,24,Hindi,RGN049
CUST009588,Sapna Kapoor,9784872829,Male,Married,203833,Low,Driver,High,51,Hindi,RGN040
CUST009589,Lakshmi Singh,9968845783,Female,Divorced,265942,Low,Farmer,Medium,41,Hindi,RGN047
CUST009590,Nikhil Dubey,6745642400,Male,Single,1972303,Upper-Middle,Doctor,Low,42,Hindi,RGN003
CUST009591,Sapna Reddy,7547807740,Male,Married,357304,Middle,Real Estate Agent,Medium,28,Hindi,RGN040
CUST009592,Suresh Mishra,9493085368,Male,Married,2882880,High,Doctor,Low,32,Hindi,RGN001
CUST009593,Anil Jadhav,9632663416,Male,Single,701876,Middle,Software Engineer,Low,35,Telugu,RGN020
CUST009594,Poonam Gowda,7894484631,Female,Married,297538,Low,Hardware Technician,Medium,19,Tamil,RGN024
CUST009595,Sandeep Agarwal,7241797497,Male,Married,823060,Upper-Middle,Software Engineer,Low,18,Hindi,RGN040
CUST009596,Sanjay Krishnan,7502080214,Male,Married,318625,Middle,Teacher,Low,30,Hindi,RGN041
CUST009597,Sunita Tripathi,8270312073,Male,Married,482689,Middle,Teacher,Low,44,Hindi,RGN005
CUST009598,Priya Verma,8647570512,Male,Married,1020458,Upper-Middle,Real Estate Agent,Medium,30,Telugu,RGN019
CUST009599,Vikram Dubey,6461872346,Male,Divorced,548776,Middle,Real Estate Agent,Medium,25,Hindi,RGN002
CUST009600,Santosh Chaudhary,6136730371,Male,Single,393411,Middle,Driver,High,28,Hindi,RGN033
CUST009601,Rahul Rajan,7764520881,Male,Married,332610,Middle,Teacher,Low,32,Hindi,RGN050
CUST009602,Aditya Gupta,8743503136,Male,Married,1627667,Upper-Middle,Software Engineer,Low,33,Hindi,RGN006
CUST009603,Lakshmi Pandey,8024916300,Male,Married,113631,Low,Driver,High,63,Telugu,RGN018
CUST009604,Gaurav Verma,9925132719,Male,Widowed,1673332,Upper-Middle,Software Engineer,Low,50,Hindi,RGN005
CUST009605,Sneha Deshpande,8005281273,Male,Single,276317,Low,Teacher,Low,50,Hindi,RGN026
CUST009606,Arjun Das,8857306524,Male,Married,2477473,High,Doctor,Low,52,Hindi,RGN002
CUST009607,Vishal Desai,9714858197,Female,Single,211076,Low,Farmer,Medium,26,Hindi,RGN037
CUST009608,Poonam Mishra,8574982182,Male,Married,2702129,High,Business Owner,Medium,23,Hindi,RGN033
CUST009609,Rajesh Pandey,9448570862,Male,Married,128472,Low,Front Desk Executive,Low,24,Hindi,RGN046
CUST009610,Amrita Menon,6959351863,Male,Married,215822,Low,Teacher,Low,54,Hindi,RGN044
CUST009611,Rajesh Srivastava,9829456511,Female,Married,5090178,High,Pilot,High,31,Hindi,RGN049
CUST009612,Zara Shah,6022031731,Female,Married,1493770,Upper-Middle,Business Owner,Medium,22,Hindi,RGN012
CUST009613,Poonam Das,6967899405,Female,Married,419243,Middle,Real Estate Agent,Medium,32,Hindi,RGN033
CUST009614,Ramesh Nair,7910371705,Female,Married,2497407,High,Software Engineer,Low,35,Hindi,RGN013
CUST009615,Kunal Gowda,9509480141,Male,Single,257075,Low,Teacher,Low,41,Hindi,RGN049
CUST009616,Ramesh Balaji,7811386338,Male,Married,880314,Upper-Middle,Software Engineer,Low,41,Oriya,RGN032
CUST009617,Bhavna Das,7928861957,Female,Married,2624716,High,Software Engineer,Low,28,Hindi,RGN039
CUST009618,Sandeep Malhotra,9122868528,Male,Single,247521,Low,Front Desk Executive,Low,46,Hindi,RGN027
CUST009619,Ravi Shah,9558556659,Male,Widowed,302042,Middle,Teacher,Low,30,Hindi,RGN002
CUST009620,Ravi More,7983684577,Male,Married,1191111,Upper-Middle,Software Engineer,Low,36,Hindi,RGN016
CUST009621,Vinod Nair,9004908240,Female,Divorced,1484143,Upper-Middle,Software Engineer,Low,46,Tamil,RGN023
CUST009622,Shruti Nair,8335048889,Female,Single,697303,Middle,Doctor,Low,30,Hindi,RGN040
CUST009623,Swati Rajan,7107522459,Male,Married,373530,Middle,Teacher,Low,31,Hindi,RGN004
CUST009624,Nikhil Verma,7344196931,Male,Married,175815,Low,Front Desk Executive,Low,45,Hindi,RGN040
CUST009625,Akash Kumar,8727919409,Male,Married,336279,Middle,Front Desk Executive,Low,27,Hindi,RGN013
CUST009626,Aarav Krishnan,9105566139,Female,Single,185736,Low,Hardware Technician,Medium,33,Telugu,RGN020
CUST009627,Poonam Balaji,6604805892,Female,Married,122659,Low,Farmer,Medium,44,Hindi,RGN033
CUST009628,Santosh Reddy,8832067998,Male,Married,437211,Middle,Teacher,Low,62,Hindi,RGN027
CUST009629,Aditya Pandey,6364622517,Male,Married,1457899,Upper-Middle,Doctor,Low,45,Hindi,RGN009
CUST009630,Rekha Kapoor,6945875950,Male,Married,407090,Middle,Teacher,Low,43,Hindi,RGN009
CUST009631,Prakash Tiwari,9837693898,Male,Married,189733,Low,Front Desk Executive,Low,44,Hindi,RGN016
CUST009632,Divya Deshpande,7314659116,Female,Single,2382253,High,Business Owner,Medium,25,Hindi,RGN038
CUST009633,Kavya Kulkarni,9553559042,Male,Married,164194,Low,Farmer,Medium,39,Hindi,RGN039
CUST009634,Prakash Mishra,8979270335,Female,Married,293490,Low,Teacher,Low,37,Hindi,RGN001
CUST009635,Swati Jadhav,7110392405,Male,Married,2413622,High,Software Engineer,Low,41,Hindi,RGN043
CUST009636,Yash Bose,6477053833,Other,Married,1602190,Upper-Middle,Doctor,Low,39,Hindi,RGN027
CUST009637,Zara Naik,8879206980,Female,Married,285699,Low,Hardware Technician,Medium,42,Hindi,RGN040
CUST009638,Sunil Jadhav,8204394070,Male,Married,104987,Low,Farmer,Medium,34,Hindi,RGN030
CUST009639,Sandeep Desai,6645104636,Female,Single,1315312,Upper-Middle,Software Engineer,Low,38,Hindi,RGN038
CUST009640,Ananya Nair,6579812387,Female,Married,410006,Middle,Software Engineer,Low,23,Hindi,RGN014
CUST009641,Manoj Reddy,6038457620,Female,Married,989989,Upper-Middle,Software Engineer,Low,34,Hindi,RGN040
CUST009642,Zara Deshpande,8554384046,Male,Married,759504,Middle,Software Engineer,Low,54,Hindi,RGN050
CUST009643,Siddharth Mishra,6843256216,Female,Married,1387523,Upper-Middle,Real Estate Agent,Medium,41,Hindi,RGN009
CUST009644,Harsha Shetty,7460263356,Female,Married,1349956,Upper-Middle,Software Engineer,Low,37,Hindi,RGN037
CUST009645,Siddharth Hegde,7329832482,Male,Married,234965,Low,Farmer,Medium,60,Hindi,RGN025
CUST009646,Prakash Singh,9292518812,Female,Single,1713832,Upper-Middle,Business Owner,Medium,21,Tamil,RGN024
CUST009647,Rahul Saxena,8205664742,Female,Married,480534,Middle,Real Estate Agent,Medium,24,Tamil,RGN024
CUST009648,Aditya Tripathi,7122099499,Female,Married,1332497,Upper-Middle,Software Engineer,Low,58,Telugu,RGN019
CUST009649,Rohit Srivastava,7933051728,Male,Married,119201,Low,Farmer,Medium,38,Hindi,RGN005
CUST009650,Kritika Naik,9526772233,Female,Widowed,614188,Middle,Software Engineer,Low,35,Hindi,RGN034
CUST009651,Deepak Shah,6604633312,Male,Married,153292,Low,Teacher,Low,23,Hindi,RGN038
CUST009652,Meera Chakraborty,9975736609,Female,Divorced,2544630,High,Software Engineer,Low,43,Hindi,RGN001
CUST009653,Sapna Balaji,9569998808,Female,Married,1091661,Upper-Middle,Business Owner,Medium,44,Hindi,RGN028
CUST009654,Prakash Agarwal,6770388608,Male,Married,643314,Middle,Software Engineer,Low,24,Kannada,RGN021
CUST009655,Shruti Bose,9803476447,Male,Married,257020,Low,Teacher,Low,36,Hindi,RGN030
CUST009656,Isha Malhotra,7649082771,Female,Married,2425156,High,Pilot,High,33,Hindi,RGN008
CUST009657,Sanjay Hegde,6298266570,Female,Married,2904452,High,Software Engineer,Low,41,Hindi,RGN013
CUST009658,Poonam Patel,7793714521,Female,Widowed,3612265,High,Doctor,Low,24,Hindi,RGN047
CUST009659,Sarika Iyer,6175186892,Male,Single,93356,Low,Farmer,Medium,53,Hindi,RGN004
CUST009660,Mohit Pillai,9860259222,Female,Married,196283,Low,Driver,High,48,Hindi,RGN026
CUST009661,Kunal Iyer,7064474212,Male,Married,53329,Low,Farmer,Medium,33,Hindi,RGN008
CUST009662,Geeta Shetty,7094077780,Male,Married,130930,Low,Farmer,Medium,35,Hindi,RGN045
CUST009663,Anil Tiwari,9339776719,Male,Married,181864,Low,Front Desk Executive,Low,36,Telugu,RGN019
CUST009664,Sandeep Pandey,6384983022,Female,Widowed,2214231,High,Business Owner,Medium,28,Hindi,RGN038
CUST009665,Nandini Das,6502099451,Female,Single,2032156,High,Doctor,Low,32,Hindi,RGN013
CUST009666,Pradeep Krishnan,6162249998,Male,Married,795802,Middle,Software Engineer,Low,34,Hindi,RGN003
CUST009667,Tanvi Gupta,7795014556,Female,Widowed,419834,Middle,Teacher,Low,57,Hindi,RGN028
CUST009668,Arjun Tripathi,6681472145,Male,Married,221996,Low,Front Desk Executive,Low,49,Hindi,RGN025
CUST009669,Sunil Deshpande,9833901981,Male,Widowed,2431749,High,Business Owner,Medium,49,Hindi,RGN041
CUST009670,Aditya More,9946954899,Other,Divorced,685428,Middle,Business Owner,Medium,42,Telugu,RGN017
CUST009671,Ananya Pandey,8299787729,Male,Married,98704,Low,Farmer,Medium,24,Hindi,RGN007
CUST009672,Rahul Gowda,7430107139,Female,Married,3417935,High,Doctor,Low,37,Hindi,RGN035
CUST009673,Sneha Deshpande,9605583034,Male,Widowed,179319,Low,Hardware Technician,Medium,49,Hindi,RGN030
CUST009674,Neha Tripathi,8144885015,Male,Married,469600,Middle,Teacher,Low,22,Hindi,RGN043
CUST009675,Kavya Chaudhary,8699023557,Female,Married,261051,Low,Driver,High,45,Hindi,RGN047
CUST009676,Aarav Hegde,9027278576,Female,Divorced,1508709,Upper-Middle,Software Engineer,Low,65,Hindi,RGN026
CUST009677,Suresh Das,6849588039,Male,Married,1351226,Upper-Middle,Software Engineer,Low,50,Hindi,RGN005
CUST009678,Poonam Dubey,8512405682,Female,Married,218740,Low,Farmer,Medium,54,Hindi,RGN025
CUST009679,Zara Mehta,9291450461,Male,Married,388513,Middle,Hardware Technician,Medium,40,Kannada,RGN021
CUST009680,Yash Malhotra,9357438421,Female,Single,111706,Low,Farmer,Medium,49,Hindi,RGN002
CUST009681,Deepa Gupta,8031780782,Male,Married,914290,Upper-Middle,Software Engineer,Low,29,Hindi,RGN004
CUST009682,Aarav Jadhav,7578452182,Male,Married,158862,Low,Front Desk Executive,Low,47,Hindi,RGN012
CUST009683,Sanjay Verma,7076810409,Male,Widowed,125355,Low,Farmer,Medium,45,Kannada,RGN021
CUST009684,Aditya Joshi,6570184094,Female,Married,2297785,High,Business Owner,Medium,41,Telugu,RGN018
CUST009685,Sanjay Srivastava,7533448571,Male,Married,480507,Middle,Software Engineer,Low,53,Kannada,RGN022
CUST009686,Zara Chakraborty,8224109881,Male,Married,117080,Low,Front Desk Executive,Low,31,Hindi,RGN010
CUST009687,Nandini More,7858542493,Male,Divorced,1392283,Upper-Middle,Business Owner,Medium,35,Hindi,RGN040
CUST009688,Vishal Kapoor,7149587020,Female,Single,402228,Middle,Teacher,Low,39,Hindi,RGN004
CUST009689,Neha Deshpande,9016016629,Male,Married,434682,Middle,Teacher,Low,25,Hindi,RGN033
CUST009690,Sunita Tripathi,9954538179,Male,Married,1459238,Upper-Middle,Software Engineer,Low,40,Hindi,RGN025
CUST009691,Kritika Mehta,7171747733,Male,Single,5381832,High,Pilot,High,18,Hindi,RGN033
CUST009692,Deepak Singh,7945625577,Female,Married,1524079,Upper-Middle,Software Engineer,Low,50,Hindi,RGN046
CUST009693,Divya Singh,6171577245,Female,Married,406744,Middle,Teacher,Low,38,Hindi,RGN009
CUST009694,Zara Saxena,7816158148,Female,Married,3706971,High,Doctor,Low,31,Hindi,RGN013
CUST009695,Priya Menon,9696393827,Female,Married,4960535,High,Doctor,Low,27,Hindi,RGN007
CUST009696,Pradeep Naik,9153966958,Female,Single,177169,Low,Farmer,Medium,35,Hindi,RGN034
CUST009697,Swati Mehta,7219719975,Male,Single,1485993,Upper-Middle,Software Engineer,Low,46,Tamil,RGN024
CUST009698,Kavya Srivastava,6724619196,Male,Widowed,318225,Middle,Driver,High,44,Hindi,RGN043
CUST009699,Meera Singh,8701329022,Male,Single,206834,Low,Hardware Technician,Medium,29,Hindi,RGN036
CUST009700,Sanjay Chakraborty,9846997335,Male,Married,177814,Low,Farmer,Medium,27,Hindi,RGN049
CUST009701,Priya Patil,8946519098,Female,Married,645770,Middle,Teacher,Low,45,Hindi,RGN029
CUST009702,Akash Gowda,9240580085,Male,Married,137361,Low,Farmer,Medium,29,Hindi,RGN012
CUST009703,Amrita Rajan,6403696566,Female,Single,483166,Middle,Real Estate Agent,Medium,38,Hindi,RGN044
CUST009704,Rahul Chaudhary,9683272386,Male,Single,338367,Middle,Real Estate Agent,Medium,39,Oriya,RGN032
CUST009705,Varun Dubey,8624220102,Male,Single,1716054,Upper-Middle,Software Engineer,Low,41,Tamil,RGN024
CUST009706,Sanjay Sharma,9621267969,Female,Single,1652106,Upper-Middle,Software Engineer,Low,48,Hindi,RGN015
CUST009707,Meera Jadhav,7786876532,Female,Married,572462,Middle,Teacher,Low,22,Hindi,RGN001
CUST009708,Priya Kapoor,9909738468,Male,Married,1412834,Upper-Middle,Doctor,Low,18,Kannada,RGN021
CUST009709,Divya Naik,8009751971,Female,Married,2946502,High,Software Engineer,Low,31,Tamil,RGN023
CUST009710,Sarika Dubey,7847818913,Male,Married,1942152,Upper-Middle,Doctor,Low,59,Hindi,RGN009
CUST009711,Santosh Pillai,9189490580,Male,Married,2739418,High,Business Owner,Medium,62,Hindi,RGN037
CUST009712,Poonam Krishnan,9787956544,Female,Single,4150514,High,Doctor,Low,59,Hindi,RGN033
CUST009713,Anjali Agarwal,7094940792,Male,Single,294060,Low,Hardware Technician,Medium,35,Hindi,RGN030
CUST009714,Aditya Gowda,6490471281,Female,Married,3944236,High,Doctor,Low,18,Hindi,RGN013
CUST009715,Rekha Pandey,8429444019,Male,Married,509243,Middle,Teacher,Low,18,Hindi,RGN041
CUST009716,Mohit Gowda,7927524372,Female,Single,1654695,Upper-Middle,Software Engineer,Low,30,Hindi,RGN004
CUST009717,Meera Dubey,6512927663,Male,Married,2293797,High,Business Owner,Medium,35,Hindi,RGN009
CUST009718,Vinod Shah,9239504102,Male,Married,1295774,Upper-Middle,Software Engineer,Low,53,Hindi,RGN010
CUST009719,Divya Naik,9674783667,Female,Single,1874953,Upper-Middle,Doctor,Low,48,Hindi,RGN026
CUST009720,Kunal Iyer,8286047658,Male,Single,1280066,Upper-Middle,Real Estate Agent,Medium,40,Hindi,RGN003
CUST009721,Meera Gupta,6185694544,Male,Widowed,124599,Low,Hardware Technician,Medium,27,Hindi,RGN026
CUST009722,Sandeep Naik,6496739385,Female,Single,1130380,Upper-Middle,Software Engineer,Low,26,Hindi,RGN001
CUST009723,Sneha More,7580010618,Male,Married,981175,Upper-Middle,Real Estate Agent,Medium,41,Hindi,RGN013
CUST009724,Nikhil Verma,6753443009,Female,Married,1018348,Upper-Middle,Software Engineer,Low,46,Hindi,RGN035
CUST009725,Deepa Tripathi,6093911192,Female,Married,336743,Middle,Driver,High,42,Tamil,RGN023
CUST009726,Siddharth More,9921244717,Male,Widowed,1647163,Upper-Middle,Doctor,Low,25,Hindi,RGN041
CUST009727,Uday Deshpande,8654214066,Male,Married,788881,Middle,Real Estate Agent,Medium,45,Hindi,RGN030
CUST009728,Sapna Subramanian,8044271739,Male,Married,429944,Middle,Teacher,Low,43,Hindi,RGN037
CUST009729,Nikhil Patel,9271286391,Male,Married,610284,Middle,Teacher,Low,25,Telugu,RGN017
CUST009730,Sanjay Subramanian,9410119470,Male,Married,1763905,Upper-Middle,Software Engineer,Low,28,Telugu,RGN020
CUST009731,Kavya Sharma,9200642569,Male,Married,2472165,High,Software Engineer,Low,46,Hindi,RGN047
CUST009732,Santosh Kapoor,6877661830,Male,Married,1318288,Upper-Middle,Software Engineer,Low,35,Hindi,RGN033
CUST009733,Manoj Tiwari,9719855460,Male,Single,1023493,Upper-Middle,Real Estate Agent,Medium,57,Hindi,RGN025
CUST009734,Ramesh Gowda,6585174328,Female,Divorced,180410,Low,Teacher,Low,44,Hindi,RGN036
CUST009735,Rohit Reddy,6634615717,Male,Married,202150,Low,Driver,High,32,Hindi,RGN013
CUST009736,Zara Das,7203093761,Male,Single,1145452,Upper-Middle,Software Engineer,Low,37,Hindi,RGN036
CUST009737,Aarav Chakraborty,8787005050,Male,Married,472164,Middle,Software Engineer,Low,38,Telugu,RGN020
CUST009738,Rekha Sharma,9138782931,Female,Single,257015,Low,Teacher,Low,29,Hindi,RGN037
CUST009739,Aarav Iyer,6270790320,Male,Married,612943,Middle,Software Engineer,Low,27,Kannada,RGN021
CUST009740,Kunal Kulkarni,7041792911,Female,Single,2046256,High,Business Owner,Medium,46,Hindi,RGN030
CUST009741,Sandeep Verma,6799313656,Female,Married,627885,Middle,Real Estate Agent,Medium,48,Telugu,RGN017
CUST009742,Divya Rao,8198253092,Male,Married,1159828,Upper-Middle,Business Owner,Medium,45,Hindi,RGN050
CUST009743,Priya Krishnan,8114262582,Male,Single,2541744,High,Business Owner,Medium,56,Telugu,RGN017
CUST009744,Mohit Tiwari,9390219620,Female,Married,1279840,Upper-Middle,Software Engineer,Low,31,Hindi,RGN008
CUST009745,Pooja Das,9100219467,Female,Single,1373844,Upper-Middle,Doctor,Low,58,Hindi,RGN044
CUST009746,Kritika Chaudhary,7324876329,Female,Married,268338,Low,Teacher,Low,27,Hindi,RGN040
CUST009747,Anil Nair,6927914560,Female,Married,2535066,High,Business Owner,Medium,25,Hindi,RGN003
CUST009748,Sarika Patil,7318195883,Female,Single,160322,Low,Hardware Technician,Medium,18,Hindi,RGN036
CUST009749,Sneha Shetty,9340312772,Male,Married,88638,Low,Farmer,Medium,32,Hindi,RGN030
CUST009750,Rahul Tripathi,7005436459,Male,Single,274170,Low,Teacher,Low,31,Hindi,RGN046
CUST009751,Harsha Patil,9010822078,Female,Married,193585,Low,Driver,High,44,Hindi,RGN016
CUST009752,Arjun Tiwari,6137995635,Female,Married,1796802,Upper-Middle,Software Engineer,Low,40,Hindi,RGN009
CUST009753,Shruti Iyer,7153136363,Female,Widowed,329839,Middle,Teacher,Low,23,Hindi,RGN045
CUST009754,Yash Gupta,6797062397,Male,Divorced,83871,Low,Farmer,Medium,33,Telugu,RGN020
CUST009755,Isha Kulkarni,7652735435,Female,Married,856701,Upper-Middle,Software Engineer,Low,33,Tamil,RGN024
CUST009756,Kavya Mehta,7090421776,Female,Married,843667,Upper-Middle,Software Engineer,Low,18,Hindi,RGN016
CUST009757,Pooja Sharma,75349XXXXX,Female,Divorced,263620,Low,Real Estate Agent,Medium,26,Hindi,RGN048
CUST009758,Nandini Srivastava,7168739774,Male,Married,2270705,High,Software Engineer,Low,28,Hindi,RGN037
CUST009759,Rohit More,6633569392,Male,Married,2088858,High,Business Owner,Medium,55,Hindi,RGN028
CUST009760,Vishal Shah,6600780686,Male,Married,931831,Upper-Middle,Business Owner,Medium,40,Kannada,RGN021
CUST009761,Tanvi Desai,9177318063,Male,Married,173254,Low,Teacher,Low,45,Hindi,RGN030
CUST009762,Pradeep Das,7543107427,Female,Single,276079,Low,Real Estate Agent,Medium,20,Hindi,RGN012
CUST009763,Shweta Patil,6772625701,Female,Married,750462,Middle,Software Engineer,Low,52,Tamil,RGN023
CUST009764,Kunal Singh,9580464989,Male,Divorced,232624,Low,Teacher,Low,53,Hindi,RGN026
CUST009765,Aryan More,7195085016,Male,Married,111327,Low,Farmer,Medium,18,Hindi,RGN041
CUST009766,Amrita Kulkarni,8790552818,Male,Married,2094709,High,Software Engineer,Low,29,Hindi,RGN009
CUST009767,Aditi Gowda,7253817933,Male,Divorced,4038142,High,Doctor,Low,43,Hindi,RGN005
CUST009768,Sneha Rajan,8548640155,Male,Divorced,361715,Middle,Teacher,Low,45,Kannada,RGN022
CUST009769,Deepak Patil,9788178847,Male,Married,175683,Low,Front Desk Executive,Low,29,Hindi,RGN040
CUST009770,Sarika Gupta,8137116241,Male,Single,1575458,Upper-Middle,Software Engineer,Low,34,Oriya,RGN032
CUST009771,Zara Nair,6241272380,Female,Single,2989718,High,Business Owner,Medium,30,Hindi,RGN047
CUST009772,Amrita Pandey,8682756704,Female,Married,865829,Upper-Middle,Software Engineer,Low,39,Hindi,RGN006
CUST009773,Pradeep Mehta,7103856955,Other,Single,72553,Low,Farmer,Medium,52,Hindi,RGN014
CUST009774,Sarika Gowda,9988774924,Female,Married,280598,Low,Hardware Technician,Medium,28,Hindi,RGN044
CUST009775,Rekha Srivastava,7437540254,Female,Married,176498,Low,Farmer,Medium,50,Oriya,RGN032
CUST009776,Rahul Chakraborty,9292842222,Male,Single,628247,Middle,Teacher,Low,28,Hindi,RGN041
CUST009777,Sarika Das,7105927452,Male,Married,282429,Low,Hardware Technician,Medium,27,Kannada,RGN022
CUST009778,Aryan Das,7805525782,Female,Single,246669,Low,Front Desk Executive,Low,47,Hindi,RGN005
CUST009779,Divya Gupta,8106727520,Male,Married,2449555,High,Software Engineer,Low,49,Hindi,RGN011
CUST009780,Vikram Mishra,8474929751,Male,Divorced,239137,Low,Driver,High,48,Hindi,RGN036
CUST009781,Deepak Tripathi,9028140693,Male,Married,1249810,Upper-Middle,Business Owner,Medium,22,Hindi,RGN006
CUST009782,Anil Rao,9515093983,Female,Married,885343,Upper-Middle,Software Engineer,Low,32,Hindi,RGN044
CUST009783,Pradeep Chaudhary,8301871863,Male,Married,750635,Middle,Real Estate Agent,Medium,47,Hindi,RGN030
CUST009784,Sapna Shetty,9599805626,Female,Married,358087,Middle,Teacher,Low,38,Oriya,RGN032
CUST009785,Ramesh Menon,8650455478,Male,Married,3297939,High,Doctor,Low,25,Hindi,RGN013
CUST009786,Gaurav Bose,6376742662,Female,Married,2119180,High,Doctor,Low,43,Hindi,RGN037
CUST009787,Kunal Chakraborty,6234785196,Male,Married,873092,Upper-Middle,Real Estate Agent,Medium,29,Telugu,RGN017
CUST009788,Sarika Krishnan,6064628792,Male,Divorced,955345,Upper-Middle,Software Engineer,Low,59,Kannada,RGN022
CUST009789,Aryan Subramanian,7264870494,Male,Widowed,3259077,High,Business Owner,Medium,56,Hindi,RGN007
CUST009790,Sarika Das,9873002447,Male,Single,583781,Middle,Teacher,Low,45,Hindi,RGN037
CUST009791,Ravi Hegde,6462730147,Female,Married,624080,Middle,Business Owner,Medium,54,Hindi,RGN037
CUST009792,Kunal Sharma,6959796471,Male,Married,225610,Low,Driver,High,38,Hindi,RGN008
CUST009793,Sandeep Krishnan,8890429025,Female,Single,1149411,Upper-Middle,Software Engineer,Low,47,Hindi,RGN046
CUST009794,Poonam Shetty,9252045650,Female,Married,1222630,Upper-Middle,Software Engineer,Low,55,Hindi,RGN029
CUST009795,Sunita Rajan,6977638586,Female,Divorced,1740208,Upper-Middle,Business Owner,Medium,40,Kannada,RGN021
CUST009796,Priya Subramanian,8544518952,Male,Single,141628,Low,Front Desk Executive,Low,34,Hindi,RGN004
CUST009797,Aditi Tripathi,6284576521,Male,Married,1424369,Upper-Middle,Software Engineer,Low,18,Hindi,RGN047
CUST009798,Mohit Kumar,7283389888,Male,Married,121985,Low,Front Desk Executive,Low,37,Telugu,RGN018
CUST009799,Pradeep Das,6671120754,Male,Married,861343,Upper-Middle,Doctor,Low,47,Hindi,RGN004
CUST009800,Uday Dubey,8279852401,Female,Married,622963,Middle,Software Engineer,Low,49,Kannada,RGN022
CUST009801,Deepak Kumar,7223423216,Female,Married,250190,Low,Farmer,Medium,44,Hindi,RGN005
CUST009802,Aarav Tripathi,6107603108,Male,Single,352714,Middle,Hardware Technician,Medium,31,Hindi,RGN037
CUST009803,Ananya Joshi,6714014011,Female,Married,2255881,High,Business Owner,Medium,18,Hindi,RGN040
CUST009804,Sunil Tiwari,7932501249,Female,Married,495860,Middle,Software Engineer,Low,32,Hindi,RGN044
CUST009805,Gaurav Dubey,6009991299,Female,Married,166550,Low,Farmer,Medium,34,Hindi,RGN004
CUST009806,Isha Saxena,6833428013,Female,Single,160566,Low,Teacher,Low,34,Hindi,RGN010
CUST009807,Rahul Pillai,9592712566,Male,Married,1130950,Upper-Middle,Software Engineer,Low,45,Hindi,RGN039
CUST009808,Amrita Deshpande,7836151718,Female,Divorced,327327,Middle,Teacher,Low,61,Hindi,RGN046
CUST009809,Rahul Kulkarni,7754801571,Male,Married,684278,Middle,Teacher,Low,39,Hindi,RGN043
CUST009810,Ananya Rao,9479473864,Female,Single,1557186,Upper-Middle,Business Owner,Medium,35,Hindi,RGN046
CUST009811,Santosh Iyer,9317520716,Female,Married,3953233,High,Business Owner,Medium,34,Hindi,RGN027
CUST009812,Sneha Malhotra,9811266912,Female,Single,844435,Upper-Middle,Real Estate Agent,Medium,39,Hindi,RGN030
CUST009813,Nikhil Reddy,6535396136,Male,Married,211027,Low,Farmer,Medium,28,Hindi,RGN029
CUST009814,Kavya Menon,9499465796,Female,Single,375621,Middle,Teacher,Low,39,Hindi,RGN006
CUST009815,Isha Bose,9842711477,Female,Married,1636661,Upper-Middle,Doctor,Low,43,Hindi,RGN026
CUST009816,Aarav Reddy,7201017026,Male,Married,184734,Low,Driver,High,40,Hindi,RGN043
CUST009817,Divya Saxena,8249911877,Male,Single,437128,Middle,Software Engineer,Low,43,Hindi,RGN014
CUST009818,Manoj Subramanian,7477848588,Male,Married,221529,Low,Hardware Technician,Medium,43,Hindi,RGN050
CUST009819,Harsha Shetty,6061675677,Male,Married,685286,Middle,Software Engineer,Low,18,Hindi,RGN043
CUST009820,Rahul Rao,60284XXXXX,Male,Single,177270,Low,Teacher,Low,45,Hindi,RGN048
CUST009821,Vikram Kapoor,6537795995,Female,Widowed,2309647,High,Business Owner,Medium,29,Hindi,RGN009
CUST009822,Aryan Mehta,6791578290,Male,Married,606868,Middle,Real Estate Agent,Medium,24,Hindi,RGN040
CUST009823,Varun Shah,8500902559,Male,Divorced,265099,Low,Hardware Technician,Medium,24,Telugu,RGN018
CUST009824,Ananya Pillai,6561655650,Female,Married,872351,Upper-Middle,Software Engineer,Low,43,Hindi,RGN041
CUST009825,Sarika Desai,7334911415,Male,Single,379392,Middle,Driver,High,35,Hindi,RGN035
CUST009826,Rohit Mehta,7085076986,Male,Married,240030,Low,Business Owner,Medium,18,Hindi,RGN010
CUST009827,Uday Desai,8079056965,Male,Married,1474884,Upper-Middle,Software Engineer,Low,43,Tamil,RGN023
CUST009828,Manoj Dubey,6713578529,Female,Married,3659366,High,Business Owner,Medium,20,Hindi,RGN005
CUST009829,Shruti Chakraborty,8563718344,Female,Married,590097,Middle,Business Owner,Medium,39,Hindi,RGN046
CUST009830,Sandeep Desai,6496391919,Male,Single,791827,Middle,Software Engineer,Low,40,Hindi,RGN004
CUST009831,Anil Tiwari,8419876351,Male,Divorced,914406,Upper-Middle,Business Owner,Medium,48,Hindi,RGN045
CUST009832,Shruti Jadhav,8846853664,Male,Married,242054,Low,Farmer,Medium,59,Hindi,RGN041
CUST009833,Isha Naik,9820829737,Female,Single,1046757,Upper-Middle,Software Engineer,Low,21,Hindi,RGN008
CUST009834,Aditya Kumar,8896908357,Female,Married,260134,Low,Driver,High,37,Hindi,RGN025
CUST009835,Deepa Krishnan,7324665136,Male,Single,623143,Middle,Doctor,Low,34,Hindi,RGN046
CUST009836,Anjali Subramanian,8424936312,Female,Single,388845,Middle,Hardware Technician,Medium,43,Hindi,RGN009
CUST009837,Tanvi Chaudhary,7034778660,Male,Divorced,52458,Low,Farmer,Medium,40,Hindi,RGN038
CUST009838,Manoj Chaudhary,7242044820,Male,Married,306609,Middle,Business Owner,Medium,33,Hindi,RGN012
CUST009839,Ananya Bose,9001594165,Male,Single,239724,Low,Farmer,Medium,32,Hindi,RGN011
CUST009840,Rekha Reddy,6623198189,Male,Married,720463,Middle,Software Engineer,Low,24,Hindi,RGN043
CUST009841,Amrita Rajan,8713915596,Female,Married,198070,Low,Teacher,Low,49,Hindi,RGN034
CUST009842,Pooja Mehta,6618489742,Male,Single,199261,Low,Front Desk Executive,Low,43,Hindi,RGN048
CUST009843,Sneha Shah,8907851586,Male,Married,2953400,High,Software Engineer,Low,49,Hindi,RGN035
CUST009844,Manoj Subramanian,9342575409,Female,Married,890730,Upper-Middle,Software Engineer,Low,34,Hindi,RGN038
CUST009845,Ramesh Pillai,6034864518,Female,Married,900394,Upper-Middle,Software Engineer,Low,30,Hindi,RGN015
CUST009846,Divya Chakraborty,7760644134,Male,Married,106005,Low,Driver,High,25,Hindi,RGN012
CUST009847,Isha Chakraborty,7275604177,Male,Married,225712,Low,Hardware Technician,Medium,42,Oriya,RGN032
CUST009848,Deepa Reddy,9561248156,Female,Married,1361531,Upper-Middle,Real Estate Agent,Medium,25,Kannada,RGN021
CUST009849,,8700272063,Female,Married,1444183,Upper-Middle,Real Estate Agent,Medium,60,Hindi,RGN001
CUST009850,Meera Gupta,8591123829,Male,Married,1850025,Upper-Middle,Software Engineer,Low,22,Hindi,RGN033
CUST009851,Sunil Gowda,9577242954,Female,Married,1429597,Upper-Middle,Real Estate Agent,Medium,41,Hindi,RGN033
CUST009852,Isha Reddy,7165266930,Female,Married,1368599,Upper-Middle,Business Owner,Medium,56,Hindi,RGN046
CUST009853,Aditi Shah,6893173420,Male,Single,201956,Low,Farmer,Medium,45,Hindi,RGN043
CUST009854,Meera Kumar,9969421529,Male,Married,473215,Middle,Software Engineer,Low,40,Tamil,RGN024
CUST009855,Shruti Nair,6086771333,Female,Single,162308,Low,Front Desk Executive,Low,26,Hindi,RGN034
CUST009856,Sanjay Das,8476263934,Female,Married,185263,Low,Hardware Technician,Medium,21,Tamil,RGN024
CUST009857,Prakash Desai,7626204439,Male,Divorced,578474,Middle,Business Owner,Medium,47,Hindi,RGN034
CUST009858,Rajesh Kumar,9359710725,Male,Married,1439182,Upper-Middle,Software Engineer,Low,56,Hindi,RGN040
CUST009859,Uday Saxena,9366941180,Male,Single,1680886,Upper-Middle,Software Engineer,Low,32,Hindi,RGN001
CUST009860,Divya Kapoor,6537599004,Female,Married,358610,Middle,Driver,High,24,Kannada,RGN021
CUST009861,Harsha Srivastava,9465280924,Male,Single,522702,Middle,Teacher,Low,18,Hindi,RGN015
CUST009862,Shweta Dubey,7875721586,Male,Single,1120110,Upper-Middle,Software Engineer,Low,26,Telugu,RGN020
CUST009863,Kritika Reddy,7415027456,Female,Married,2501454,High,Business Owner,Medium,36,Oriya,RGN031
CUST009864,Vijay Agarwal,8494856257,Male,Married,431880,Middle,Software Engineer,Low,57,Hindi,RGN040
CUST009865,Prakash More,7870320320,Male,Married,246043,Low,Hardware Technician,Medium,46,Hindi,RGN042
CUST009866,Ananya Tripathi,9427617075,Male,Widowed,234475,Low,Hardware Technician,Medium,41,Kannada,RGN022
CUST009867,Uday Deshpande,9771215134,Female,Divorced,1190309,Upper-Middle,Business Owner,Medium,33,Hindi,RGN008
CUST009868,Kavya Reddy,7941156302,Other,Divorced,635505,Middle,Business Owner,Medium,31,Telugu,RGN020
CUST009869,Manoj Bose,7613715041,Male,Single,754043,Middle,Software Engineer,Low,54,Telugu,RGN020
CUST009870,Meera Tiwari,95915XXXXX,Female,Married,985526,Upper-Middle,Software Engineer,Low,40,Hindi,RGN028
CUST009871,Arjun Desai,9490509759,Male,Married,53562,Low,Farmer,Medium,18,Hindi,RGN042
CUST009872,Pradeep Shah,7304501896,Male,Single,2026595,High,Software Engineer,Low,29,Hindi,RGN015
CUST009873,Sneha Desai,6642361032,Female,Single,372672,Middle,Software Engineer,Low,27,Hindi,RGN036
CUST009874,Sneha Jadhav,9642147649,Male,Single,2661877,High,Software Engineer,Low,31,Hindi,RGN013
CUST009875,Vikram Subramanian,7515837767,Female,Married,64248,Low,Farmer,Medium,44,Kannada,RGN022
CUST009876,Santosh Chakraborty,6947864163,Male,Widowed,5107655,High,Pilot,High,36,Hindi,RGN035
CUST009877,Isha Shah,9108573278,Other,Widowed,502987,Middle,Real Estate Agent,Medium,37,Hindi,RGN006
CUST009878,Ramesh Venkatesh,6476174224,Female,Widowed,216935,Low,Front Desk Executive,Low,53,Hindi,RGN029
CUST009879,Swati Nair,7864908108,Female,Married,680852,Middle,Business Owner,Medium,29,Hindi,RGN005
CUST009880,Nikhil Kumar,6866179454,Male,Married,3815625,High,Doctor,Low,60,Kannada,RGN021
CUST009881,Lakshmi Balaji,6801722601,Female,Single,1424213,Upper-Middle,Software Engineer,Low,29,Hindi,RGN012
CUST009882,Vikram Das,9459779452,Male,Married,135304,Low,Driver,High,39,Hindi,RGN042
CUST009883,Meera Dubey,7219416800,Male,Married,1961405,Upper-Middle,Doctor,Low,34,Telugu,RGN018
CUST009884,Geeta Jadhav,9102776974,Female,Married,279343,Low,Farmer,Medium,39,Hindi,RGN007
CUST009885,Poonam Joshi,8641220310,Female,Married,2053685,High,Doctor,Low,43,Hindi,RGN004
CUST009886,Shweta Dubey,7037236831,Female,Single,339550,Middle,Teacher,Low,43,Telugu,RGN020
CUST009887,Shweta Subramanian,8727601227,Male,Divorced,914424,Upper-Middle,Software Engineer,Low,28,Hindi,RGN014
CUST009888,Sandeep Patil,9707933496,Male,Married,467092,Middle,Software Engineer,Low,24,Hindi,RGN002
CUST009889,Divya Tripathi,6501667998,Female,Single,920129,Upper-Middle,Business Owner,Medium,65,Kannada,RGN021
CUST009890,Deepa Das,8076789973,Female,Married,88733,Low,Farmer,Medium,32,Hindi,RGN009
CUST009891,Aryan Gupta,6806958146,Female,Married,379615,Middle,Software Engineer,Low,46,Hindi,RGN036
CUST009892,Deepa Patil,9179576024,Female,Married,1861627,Upper-Middle,Software Engineer,Low,18,Hindi,RGN001
CUST009893,Bhavna Sharma,7757383959,Male,Single,1886606,Upper-Middle,Software Engineer,Low,34,Oriya,RGN031
CUST009894,Rajesh Patel,9246657293,Female,Single,729212,Middle,Software Engineer,Low,36,Telugu,RGN019
CUST009895,Sandeep Chakraborty,8172232971,Female,Married,2644205,High,Business Owner,Medium,43,Hindi,RGN025
CUST009896,Meera Hegde,9743380054,Female,Single,605655,Middle,Software Engineer,Low,18,Telugu,RGN020
CUST009897,Manoj Menon,8228015619,Male,Divorced,207855,Low,Driver,High,39,Hindi,RGN034
CUST009898,Aarav Malhotra,7183745508,Other,Married,433100,Middle,Teacher,Low,24,Hindi,RGN033
CUST009899,Meera Desai,8289107711,Male,Widowed,2615823,High,Doctor,Low,41,Hindi,RGN026
CUST009900,Sneha Reddy,6808121352,Male,Married,1988261,Upper-Middle,Business Owner,Medium,25,Hindi,RGN035
CUST009901,Rahul Rao,8787125521,Female,Married,1392786,Upper-Middle,Software Engineer,Low,27,Hindi,RGN041
CUST009902,Tanvi Reddy,7760375482,Female,Married,228381,Low,Farmer,Medium,34,Hindi,RGN011
CUST009903,Isha Malhotra,6456532863,Male,Married,1448460,Upper-Middle,Software Engineer,Low,25,Hindi,RGN030
CUST009904,Aditi Mishra,7666785072,Male,Single,2807255,High,Software Engineer,Low,32,Hindi,RGN035
CUST009905,Vishal Balaji,6811556260,Male,Married,362944,Middle,Driver,High,23,Hindi,RGN013
CUST009906,Santosh Menon,9029084668,Female,Single,86196,Low,Farmer,Medium,18,Hindi,RGN042
CUST009907,Rohit Tripathi,9191392117,Male,Married,584038,Middle,Software Engineer,Low,50,Hindi,RGN030
CUST009908,Lakshmi Joshi,7899756341,Female,Married,1031777,Upper-Middle,Software Engineer,Low,22,Hindi,RGN036
CUST009909,Divya Naik,6856288431,Male,Married,136756,Low,Front Desk Executive,Low,35,Hindi,RGN034
CUST009910,Nikhil Agarwal,8852008943,Male,Single,564095,Middle,Software Engineer,Low,47,Hindi,RGN026
CUST009911,Nandini Mehta,8681054851,Male,Single,1842797,Upper-Middle,Software Engineer,Low,30,Hindi,RGN045
CUST009912,Geeta Srivastava,6174907539,Male,Married,232150,Low,Driver,High,28,Hindi,RGN034
CUST009913,Sneha Shah,7544926831,Female,Single,805692,Upper-Middle,Real Estate Agent,Medium,40,Kannada,RGN022
CUST009914,Sanjay More,8893571266,Male,Married,159411,Low,Hardware Technician,Medium,51,Hindi,RGN028
CUST009915,Rohit Balaji,6106273715,Male,Married,182541,Low,Driver,High,23,Hindi,RGN044
CUST009916,Santosh Kulkarni,9988649767,Female,Married,141022,Low,Farmer,Medium,36,Tamil,RGN024
CUST009917,Vikram Agarwal,9622827728,Male,Divorced,3399153,High,Business Owner,Medium,18,Hindi,RGN045
CUST009918,Pradeep Jadhav,6377028519,Female,Married,287838,Low,Teacher,Low,33,Hindi,RGN050
CUST009919,Aarav Tripathi,6088035469,Male,Married,1441619,Upper-Middle,Real Estate Agent,Medium,38,Hindi,RGN001
CUST009920,Geeta Kapoor,8454470229,Female,Married,1395636,Upper-Middle,Software Engineer,Low,27,Hindi,RGN046
CUST009921,Rekha Bose,9044327018,Female,Married,234145,Low,Teacher,Low,32,Telugu,RGN018
CUST009922,Sandeep Nair,9944013059,Male,Married,1459685,Upper-Middle,Software Engineer,Low,21,Telugu,RGN017
CUST009923,Akash Reddy,9792287772,Male,Married,4501377,High,Doctor,Low,38,Hindi,RGN011
CUST009924,Aarav Iyer,8199663658,Female,Divorced,159808,Low,Farmer,Medium,50,Hindi,RGN033
CUST009925,Poonam Subramanian,6741209481,Male,Single,1623400,Upper-Middle,Software Engineer,Low,24,Hindi,RGN048
CUST009926,Deepak Patel,6398909837,Male,Married,111765,Low,Farmer,Medium,30,Hindi,RGN027
CUST009927,Lakshmi Verma,6182043397,Male,Married,523110,Middle,Real Estate Agent,Medium,44,Hindi,RGN047
CUST009928,Uday Krishnan,6895690705,Female,Single,110340,Low,Farmer,Medium,52,Oriya,RGN031
CUST009929,Neha Naik,9260856411,Female,Married,1478184,Upper-Middle,Pilot,High,20,Hindi,RGN010
CUST009930,Lakshmi Mishra,6824224124,Female,Married,167362,Low,Farmer,Medium,35,Hindi,RGN042
CUST009931,Kunal Desai,9209520046,Male,Divorced,1923265,Upper-Middle,Business Owner,Medium,41,Hindi,RGN050
CUST009932,Meera Srivastava,6526546103,Female,Married,513145,Middle,Doctor,Low,36,Hindi,RGN030
CUST009933,Manoj Verma,7993788614,Female,Single,1756783,Upper-Middle,Business Owner,Medium,18,Hindi,RGN044
CUST009934,Sneha Chakraborty,6578617063,Female,Single,1525545,Upper-Middle,Business Owner,Medium,44,Hindi,RGN046
CUST009935,Ramesh Jadhav,6489138249,Male,Divorced,2185888,High,Doctor,Low,56,Telugu,RGN018
CUST009936,Sunita Iyer,9718325823,Male,Single,789600,Middle,Software Engineer,Low,39,Hindi,RGN028
CUST009937,Santosh Desai,9870079420,Female,Divorced,177541,Low,Farmer,Medium,25,Hindi,RGN016
CUST009938,Akash Desai,6749465398,Male,Married,618188,Middle,Teacher,Low,31,Hindi,RGN001
CUST009939,Rekha Deshpande,8028914161,Female,Married,1007677,Upper-Middle,Real Estate Agent,Medium,59,Hindi,RGN043
CUST009940,Gaurav Malhotra,7846398554,Female,Single,1257366,Upper-Middle,Software Engineer,Low,48,Kannada,RGN022
CUST009941,Rahul Rajan,9435537950,Female,Married,762554,Middle,Business Owner,Medium,45,Telugu,RGN018
CUST009942,Shweta Bose,7097002687,Female,Married,1184028,Upper-Middle,Pilot,High,42,Tamil,RGN024
CUST009943,Aryan Malhotra,9811807156,Male,Single,707116,Middle,Software Engineer,Low,30,Hindi,RGN041
CUST009944,Vinod Tripathi,8620175370,Male,Married,641301,Middle,Teacher,Low,35,Hindi,RGN011
CUST009945,Ramesh Rajan,70453XXXXX,Male,Married,738945,Middle,Business Owner,Medium,37,Hindi,RGN048
CUST009946,Tanvi Joshi,9504793036,Male,Single,150162,Low,Farmer,Medium,44,Hindi,RGN012
CUST009947,Nandini Joshi,6498728399,Male,Divorced,2483842,High,Software Engineer,Low,56,Telugu,RGN017
CUST009948,Bhavna Bose,7192124938,Female,Married,566416,Middle,Teacher,Low,51,Hindi,RGN009
CUST009949,Sunita Patel,8308948706,Female,Married,187012,Low,Driver,High,20,Hindi,RGN039
CUST009950,Aditi Chaudhary,6566418775,Male,Widowed,214952,Low,Driver,High,40,Hindi,RGN050
CUST009951,Pradeep Verma,6304687506,Male,Married,1920530,Upper-Middle,Software Engineer,Low,46,Hindi,RGN045
CUST009952,Aditi Krishnan,7519036133,Female,Married,1537084,Upper-Middle,Business Owner,Medium,45,Hindi,RGN028
CUST009953,Siddharth Jadhav,7541107609,Male,Single,186748,Low,Driver,High,30,Hindi,RGN045
CUST009954,Uday Bose,8431735058,Male,Married,173821,Low,Teacher,Low,65,Hindi,RGN010
CUST009955,Yash Dubey,7199717911,Female,Single,1545241,Upper-Middle,Software Engineer,Low,22,Hindi,RGN002
CUST009956,Bhavna Malhotra,6065120704,Male,Single,212689,Low,Driver,High,25,Telugu,RGN020
CUST009957,Aditi Shah,9110804661,Male,Single,909859,Upper-Middle,Real Estate Agent,Medium,40,Hindi,RGN011
CUST009958,Karan Rao,9399076769,Male,Married,2775611,High,Software Engineer,Low,63,Tamil,RGN023
CUST009959,Siddharth Joshi,6507859311,Male,Married,879343,Upper-Middle,Software Engineer,Low,27,Hindi,RGN001
CUST009960,Vishal Rao,6919392845,Male,Married,370774,Middle,Teacher,Low,34,Hindi,RGN028
CUST009961,Vishal Saxena,9797232002,Female,Married,197255,Low,Driver,High,50,Hindi,RGN003
CUST009962,Vijay Krishnan,8968549822,Female,Divorced,2773003,High,Software Engineer,Low,37,Hindi,RGN043
CUST009963,Kavya Krishnan,9495450892,Female,Married,2031864,High,Software Engineer,Low,33,Hindi,RGN007
CUST009964,Suresh Tripathi,6388065333,Male,Married,1211612,Upper-Middle,Real Estate Agent,Medium,44,Telugu,RGN017
CUST009965,Santosh Shetty,6537795995,Female,Married,208446,Low,Front Desk Executive,Low,41,Hindi,RGN003
CUST009966,Vikram Patel,8652170730,Female,Widowed,206008,Low,Driver,High,50,Hindi,RGN008
CUST009967,Shruti Shah,7729598677,Female,Married,296089,Low,Front Desk Executive,Low,53,Hindi,RGN043
CUST009968,Aryan Kulkarni,9205015081,Female,Married,4698337,High,Doctor,Low,41,Telugu,RGN017
CUST009969,Vishal Bose,7473950033,Female,Single,3165992,High,Business Owner,Medium,41,Hindi,RGN025
CUST009970,Yash Patil,8234258323,Female,Divorced,203205,Low,Front Desk Executive,Low,40,Hindi,RGN048
CUST009971,Ravi Saxena,6241026153,Male,Married,144394,Low,Front Desk Executive,Low,43,Hindi,RGN012
CUST009972,Shweta Hegde,6084507860,Male,Married,222246,Low,Farmer,Medium,38,Hindi,RGN037
CUST009973,Harsha Das,6223386559,Male,Divorced,1364439,Upper-Middle,Software Engineer,Low,37,Kannada,RGN022
CUST009974,Harsha Pillai,9309938425,Female,Single,1690164,Upper-Middle,Software Engineer,Low,52,Kannada,RGN022
CUST009975,Deepa Sharma,7042897317,Female,Married,997555,Upper-Middle,Software Engineer,Low,56,Hindi,RGN008
CUST009976,Sandeep Deshpande,6286857872,Male,Married,3930480,High,Business Owner,Medium,19,Hindi,RGN011
CUST009977,Poonam Tripathi,8587774969,Female,Married,257912,Low,Farmer,Medium,38,Hindi,RGN039
CUST009978,Divya Venkatesh,6333736346,Male,Married,312123,Middle,Front Desk Executive,Low,29,Kannada,RGN021
CUST009979,Ramesh Chaudhary,9925481214,Female,Married,873783,Upper-Middle,Software Engineer,Low,34,Hindi,RGN030
CUST009980,Aryan Pillai,9853907895,Female,Single,3237029,High,Business Owner,Medium,42,Hindi,RGN039
CUST009981,Kavya Venkatesh,9776657546,Female,Married,136199,Low,Farmer,Medium,46,Hindi,RGN002
CUST009982,Ramesh Balaji,6273415148,Male,Single,68922,Low,Farmer,Medium,36,Tamil,RGN024
CUST009983,Isha Subramanian,6431115083,Female,Married,1308436,Upper-Middle,Business Owner,Medium,18,Hindi,RGN028
CUST009984,Rajesh Bose,8354443928,Female,Married,1116150,Upper-Middle,Software Engineer,Low,26,Hindi,RGN010
CUST009985,Sunil Malhotra,8044566907,Female,Married,2386210,High,Business Owner,Medium,48,Tamil,RGN023
CUST009986,Nikhil Malhotra,7633373898,Female,Married,122024,Low,Farmer,Medium,18,Hindi,RGN045
CUST009987,Sunil Nair,9751536637,Male,Single,619119,Middle,Teacher,Low,52,Telugu,RGN019
CUST009988,Sandeep Shah,7697442036,Female,Married,291804,Low,Teacher,Low,44,Hindi,RGN010
CUST009989,Rajesh Iyer,8536668459,Male,Married,305969,Middle,Front Desk Executive,Low,53,Hindi,RGN005
CUST009990,Sapna Gupta,6902259999,Male,Single,462836,Middle,Hardware Technician,Medium,35,Hindi,RGN043
CUST009991,Manoj Pandey,9636186371,Female,Single,626402,Middle,Business Owner,Medium,18,Hindi,RGN025
CUST009992,Nandini Pillai,6349564799,Male,Married,337454,Middle,Teacher,Low,43,Hindi,RGN008
CUST009993,Gaurav Desai,9023164334,Male,Widowed,129333,Low,Hardware Technician,Medium,53,Hindi,RGN012
CUST009994,Amrita Gowda,6705802566,Male,Single,2551717,High,Software Engineer,Low,49,Hindi,RGN015
CUST009995,Aditya Kulkarni,7128671632,Male,Divorced,507567,Middle,Business Owner,Medium,30,Hindi,RGN008
CUST009996,Rekha Das,7467299493,Female,Single,629674,Middle,Software Engineer,Low,39,Kannada,RGN022
CUST009997,Rohit Reddy,9430271693,Male,Married,597479,Middle,Software Engineer,Low,31,Hindi,RGN038
CUST009998,Shweta Malhotra,8977790147,Female,Single,1259470,Upper-Middle,Software Engineer,Low,28,Hindi,RGN038
CUST009999,Meera Malhotra,8469263296,Female,Married,389476,Middle,Hardware Technician,Medium,49,Hindi,RGN037
CUST010000,Divya Chakraborty,9629160324,Female,Single,101835,Low,Driver,High,23,Hindi,RGN042
